population,variable,level,n,percent,value
cohort,n,,90351,100.0,
cohort,age,mean (SD),90351,,54.7 (16.1)
cohort,age,median (IQR),90351,,57 (42 to 68)
cohort,sex,female (sex at birth),60406,66.85703533995196,
cohort,criteria,any of 6 met,50461,55.84996292238049,
cohort,criteria,"mean met, all 6 evaluable",58682,,1.16
cohort,criteria,"none met, all 6 evaluable",26812,45.69033093623258,
survey_linked,n,,87257,100.0,
survey_linked,age,mean (SD),87257,,54.9 (16.1)
survey_linked,age,median (IQR),87257,,58 (42 to 68)
survey_linked,sex,female (sex at birth),58292,66.80495547635147,
survey_linked,criteria,any of 6 met,48581,55.67576240301638,
survey_linked,criteria,"mean met, all 6 evaluable",56733,,1.16
survey_linked,criteria,"none met, all 6 evaluable",26001,45.83046903918354,
records_linked,n,,86365,100.0,
records_linked,age,mean (SD),86365,,54.9 (16.0)
records_linked,age,median (IQR),86365,,58 (42 to 68)
records_linked,sex,female (sex at birth),57380,66.43895096393214,
records_linked,criteria,any of 6 met,48083,55.67417356568054,
records_linked,criteria,"mean met, all 6 evaluable",56187,,1.16
records_linked,criteria,"none met, all 6 evaluable",25760,45.846904088134266,
flagged,n,,4518,100.0,
flagged,age,mean (SD),4518,,46.8 (14.1)
flagged,age,median (IQR),4518,,46 (36 to 57)
flagged,sex,female (sex at birth),3027,66.99867197875166,
flagged,criteria,any of 6 met,4149,91.83266932270917,
flagged,criteria,"mean met, all 6 evaluable",2770,,3.21
flagged,criteria,"none met, all 6 evaluable",253,9.133574007220217,
icd_linked,n,,61631,100.0,
icd_linked,age,mean (SD),61631,,55.8 (15.8)
icd_linked,age,median (IQR),61631,,59 (43 to 69)
icd_linked,sex,female (sex at birth),40405,65.55953984196265,
icd_linked,criteria,any of 6 met,33853,54.928526228683616,
icd_linked,criteria,"mean met, all 6 evaluable",40104,,1.14
icd_linked,criteria,"none met, all 6 evaluable",18644,46.48912826650708,
sleep,n,,16732,100.0,
sleep,age,mean (SD),16732,,55.2 (15.5)
sleep,age,median (IQR),16732,,58 (43 to 68)
sleep,sex,female (sex at birth),11422,68.26440353813052,
sleep,criteria,any of 6 met,10322,61.69017451589768,
sleep,criteria,"mean met, all 6 evaluable",10697,,1.38
sleep,criteria,"none met, all 6 evaluable",4257,39.79620454332991,
flagged_bge-m3,n,,4518,100.0,
flagged_bge-m3,age,mean (SD),4518,,46.5 (14.1)
flagged_bge-m3,age,median (IQR),4518,,46 (36 to 57)
flagged_bge-m3,sex,female (sex at birth),3071,67.9725542275343,
flagged_bge-m3,criteria,any of 6 met,4199,92.9393536963258,
flagged_bge-m3,criteria,"mean met, all 6 evaluable",2729,,3.26
flagged_bge-m3,criteria,"none met, all 6 evaluable",203,7.43862220593624,
flagged_bge-large-en-v1.5,n,,4518,100.0,
flagged_bge-large-en-v1.5,age,mean (SD),4518,,46.6 (14.2)
flagged_bge-large-en-v1.5,age,median (IQR),4518,,46 (36 to 57)
flagged_bge-large-en-v1.5,sex,female (sex at birth),3018,66.79946879150066,
flagged_bge-large-en-v1.5,criteria,any of 6 met,4146,91.76626826029216,
flagged_bge-large-en-v1.5,criteria,"mean met, all 6 evaluable",2760,,3.19
flagged_bge-large-en-v1.5,criteria,"none met, all 6 evaluable",258,9.347826086956522,
flagged_all-mpnet-base-v2,n,,4518,100.0,
flagged_all-mpnet-base-v2,age,mean (SD),4518,,47.3 (14.3)
flagged_all-mpnet-base-v2,age,median (IQR),4518,,46 (36 to 58)
flagged_all-mpnet-base-v2,sex,female (sex at birth),3025,66.95440460380699,
flagged_all-mpnet-base-v2,criteria,any of 6 met,4135,91.5227976980965,
flagged_all-mpnet-base-v2,criteria,"mean met, all 6 evaluable",2763,,3.15
flagged_all-mpnet-base-v2,criteria,"none met, all 6 evaluable",268,9.699601882012306,
flagged_e5-large-v2,n,,4518,100.0,
flagged_e5-large-v2,age,mean (SD),4518,,46.7 (14.1)
flagged_e5-large-v2,age,median (IQR),4518,,46 (36 to 57)
flagged_e5-large-v2,sex,female (sex at birth),3063,67.79548472775565,
flagged_e5-large-v2,criteria,any of 6 met,4164,92.16467463479415,
flagged_e5-large-v2,criteria,"mean met, all 6 evaluable",2761,,3.18
flagged_e5-large-v2,criteria,"none met, all 6 evaluable",246,8.909815284317276,
flagged_qwen3-embedding-0.6b,n,,4518,100.0,
flagged_qwen3-embedding-0.6b,age,mean (SD),4518,,46.7 (14.4)
flagged_qwen3-embedding-0.6b,age,median (IQR),4518,,46 (35 to 58)
flagged_qwen3-embedding-0.6b,sex,female (sex at birth),2994,66.26826029216467,
flagged_qwen3-embedding-0.6b,criteria,any of 6 met,4125,91.30146082337318,
flagged_qwen3-embedding-0.6b,criteria,"mean met, all 6 evaluable",2769,,3.16
flagged_qwen3-embedding-0.6b,criteria,"none met, all 6 evaluable",263,9.498013723365837,
cohort,income,<25k,9519,10.53557791280672,
cohort,income,25k to <50k,13328,14.75135859038638,
cohort,income,50k to <100k,25195,27.88569025245985,
cohort,income,100k to <150k,16231,17.964383349381855,
cohort,income,150k or more,19282,21.34121371097165,
cohort,income,Prefer not to answer,6796,7.521776183993536,
survey_linked,income,<25k,9129,10.4621978752421,
survey_linked,income,25k to <50k,12843,14.718589912557158,
survey_linked,income,50k to <100k,24417,27.982855243705377,
survey_linked,income,100k to <150k,15728,18.02491490654045,
survey_linked,income,150k or more,18627,21.347284458553467,
survey_linked,income,Prefer not to answer,6513,7.464157603401446,
records_linked,income,<25k,9076,10.50888670178892,
records_linked,income,25k to <50k,12739,14.750188154923867,
records_linked,income,50k to <100k,24115,27.92219070225207,
records_linked,income,100k to <150k,15558,18.014241880391364,
records_linked,income,150k or more,18458,21.37208359868002,
records_linked,income,Prefer not to answer,6419,7.432408961963758,
flagged,income,<25k,1679,37.162461266046925,
flagged,income,25k to <50k,961,21.270473660911907,
flagged,income,50k to <100k,858,18.99070385126162,
flagged,income,100k to <150k,342,7.569721115537849,
flagged,income,150k or more,309,6.839309428950863,
flagged,income,Prefer not to answer,369,8.167330677290837,
icd_linked,income,<25k,6183,10.032288945498207,
icd_linked,income,25k to <50k,8764,14.220116499813406,
icd_linked,income,50k to <100k,17291,28.055686261783844,
icd_linked,income,100k to <150k,11321,18.36900261232172,
icd_linked,income,150k or more,13575,22.02625302201814,
icd_linked,income,Prefer not to answer,4497,7.296652658564684,
sleep,income,<25k,2402,14.35572555582118,
sleep,income,25k to <50k,2740,16.375806837198184,
sleep,income,50k to <100k,4948,29.572077456371023,
sleep,income,100k to <150k,2921,17.457566339947405,
sleep,income,150k or more,2826,16.889792015300024,
sleep,income,Prefer not to answer,895,5.349031795362181,
flagged_bge-m3,income,<25k,1688,37.36166445329792,
flagged_bge-m3,income,25k to <50k,980,21.691013722886236,
flagged_bge-m3,income,50k to <100k,862,19.07923860115095,
flagged_bge-m3,income,100k to <150k,335,7.414785303231518,
flagged_bge-m3,income,150k or more,281,6.219566179725542,
flagged_bge-m3,income,Prefer not to answer,372,8.233731739707835,
flagged_bge-large-en-v1.5,income,<25k,1671,36.98539176626826,
flagged_bge-large-en-v1.5,income,25k to <50k,994,22.00088534749889,
flagged_bge-large-en-v1.5,income,50k to <100k,834,18.459495351925632,
flagged_bge-large-en-v1.5,income,100k to <150k,353,7.81319167773351,
flagged_bge-large-en-v1.5,income,150k or more,304,6.728640991589199,
flagged_bge-large-en-v1.5,income,Prefer not to answer,362,8.012394864984506,
flagged_all-mpnet-base-v2,income,<25k,1624,35.94510845506861,
flagged_all-mpnet-base-v2,income,25k to <50k,979,21.6688800354139,
flagged_all-mpnet-base-v2,income,50k to <100k,850,18.81363435148296,
flagged_all-mpnet-base-v2,income,100k to <150k,352,7.791057990261177,
flagged_all-mpnet-base-v2,income,150k or more,325,7.19344842850819,
flagged_all-mpnet-base-v2,income,Prefer not to answer,388,8.587870739265162,
flagged_e5-large-v2,income,<25k,1697,37.56086764054891,
flagged_e5-large-v2,income,25k to <50k,964,21.336874723328908,
flagged_e5-large-v2,income,50k to <100k,824,18.2381584772023,
flagged_e5-large-v2,income,100k to <150k,351,7.768924302788845,
flagged_e5-large-v2,income,150k or more,298,6.5958388667552015,
flagged_e5-large-v2,income,Prefer not to answer,384,8.49933598937583,
flagged_qwen3-embedding-0.6b,income,<25k,1631,36.10004426737495,
flagged_qwen3-embedding-0.6b,income,25k to <50k,973,21.536077910579905,
flagged_qwen3-embedding-0.6b,income,50k to <100k,870,19.256308100929616,
flagged_qwen3-embedding-0.6b,income,100k to <150k,343,7.591854803010182,
flagged_qwen3-embedding-0.6b,income,150k or more,320,7.082779991146525,
flagged_qwen3-embedding-0.6b,income,Prefer not to answer,381,8.432934926958831,
cohort,education,Less than high school,1008,1.115648969020819,
cohort,education,High school or GED,6496,7.189737800356387,
cohort,education,Some college,21006,23.24932762227313,
cohort,education,College graduate or more,61010,67.52553928567475,
cohort,education,Prefer not to answer,831,0.9197463226749012,
survey_linked,education,Less than high school,960,1.100198264895653,
survey_linked,education,High school or GED,6203,7.108885247028892,
survey_linked,education,Some college,20199,23.1488591173201,
survey_linked,education,College graduate or more,59098,67.72866360292011,
survey_linked,education,Prefer not to answer,797,0.9133937678352452,
records_linked,education,Less than high school,952,1.1022983847623458,
records_linked,education,High school or GED,6216,7.197360041683552,
records_linked,education,Some college,20083,23.25363283737625,
records_linked,education,College graduate or more,58327,67.53545996642158,
records_linked,education,Prefer not to answer,787,0.911248769756267,
flagged,education,Less than high school,221,4.891544931385569,
flagged,education,High school or GED,831,18.393094289508632,
flagged,education,Some college,1740,38.51261620185923,
flagged,education,College graduate or more,1670,36.96325807879592,
flagged,education,Prefer not to answer,56,1.239486498450642,
icd_linked,education,Less than high school,625,1.0141000470542425,
icd_linked,education,High school or GED,4343,7.046778406970518,
icd_linked,education,Some college,14278,23.16691275494475,
icd_linked,education,College graduate or more,41870,67.9365903522578,
icd_linked,education,Prefer not to answer,515,0.8356184387726956,
sleep,education,Less than high school,156,0.9323452067893856,
sleep,education,High school or GED,1144,6.837198183122161,
sleep,education,Some college,4393,26.255080086062637,
sleep,education,College graduate or more,10944,65.40760219937843,
sleep,education,Prefer not to answer,95,0.5677743246473823,
flagged_bge-m3,education,Less than high school,219,4.847277556440903,
flagged_bge-m3,education,High school or GED,841,18.61443116423196,
flagged_bge-m3,education,Some college,1733,38.3576803895529,
flagged_bge-m3,education,College graduate or more,1663,36.8083222664896,
flagged_bge-m3,education,Prefer not to answer,62,1.3722886232846392,
flagged_bge-large-en-v1.5,education,Less than high school,220,4.869411243913236,
flagged_bge-large-en-v1.5,education,High school or GED,823,18.216024789729968,
flagged_bge-large-en-v1.5,education,Some college,1723,38.13634351482957,
flagged_bge-large-en-v1.5,education,College graduate or more,1697,37.56086764054891,
flagged_bge-large-en-v1.5,education,Prefer not to answer,55,1.217352810978309,
flagged_all-mpnet-base-v2,education,Less than high school,214,4.736609119079239,
flagged_all-mpnet-base-v2,education,High school or GED,833,18.4373616644533,
flagged_all-mpnet-base-v2,education,Some college,1692,37.45019920318725,
flagged_all-mpnet-base-v2,education,College graduate or more,1713,37.91500664010624,
flagged_all-mpnet-base-v2,education,Prefer not to answer,66,1.4608233731739708,
flagged_e5-large-v2,education,Less than high school,239,5.289951305887561,
flagged_e5-large-v2,education,High school or GED,832,18.415227976980965,
flagged_e5-large-v2,education,Some college,1712,37.89287295263391,
flagged_e5-large-v2,education,College graduate or more,1676,37.096060203629925,
flagged_e5-large-v2,education,Prefer not to answer,59,1.3058875608676406,
flagged_qwen3-embedding-0.6b,education,Less than high school,215,4.758742806551571,
flagged_qwen3-embedding-0.6b,education,High school or GED,834,18.459495351925632,
flagged_qwen3-embedding-0.6b,education,Some college,1682,37.22886232846392,
flagged_qwen3-embedding-0.6b,education,College graduate or more,1727,38.2248782647189,
flagged_qwen3-embedding-0.6b,education,Prefer not to answer,60,1.3280212483399734,
cohort,employment,Employed,50822,56.2495157773572,
cohort,employment,Not employed,38974,43.13621321291408,
cohort,employment,Prefer not to answer,555,0.6142710097287246,
survey_linked,employment,Employed,48823,55.95310404895882,
survey_linked,employment,Not employed,37919,43.45668542351903,
survey_linked,employment,Prefer not to answer,515,0.5902105275221472,
records_linked,employment,Employed,48273,55.894170092051176,
records_linked,employment,Not employed,37565,43.49562901638395,
records_linked,employment,Prefer not to answer,527,0.61020089156487,
flagged,employment,Employed,2073,45.88313413014608,
flagged,employment,Not employed,2389,52.87737937140328,
flagged,employment,Prefer not to answer,56,1.239486498450642,
icd_linked,employment,Employed,33655,54.60725933377683,
icd_linked,employment,Not employed,27626,44.82484463987279,
icd_linked,employment,Prefer not to answer,350,0.5678960263503756,
sleep,employment,Employed,8891,53.137700215156585,
sleep,employment,Not employed,7760,46.37819746593354,
sleep,employment,Prefer not to answer,81,0.4841023189098733,
flagged_bge-m3,employment,Employed,2055,45.48472775564409,
flagged_bge-m3,employment,Not employed,2399,53.09871624612661,
flagged_bge-m3,employment,Prefer not to answer,64,1.416555998229305,
flagged_bge-large-en-v1.5,employment,Employed,2074,45.905267817618416,
flagged_bge-large-en-v1.5,employment,Not employed,2381,52.70030987162461,
flagged_bge-large-en-v1.5,employment,Prefer not to answer,63,1.3944223107569722,
flagged_all-mpnet-base-v2,employment,Employed,2073,45.88313413014608,
flagged_all-mpnet-base-v2,employment,Not employed,2384,52.76671093404161,
flagged_all-mpnet-base-v2,employment,Prefer not to answer,61,1.3501549358123064,
flagged_e5-large-v2,employment,Employed,2078,45.99380256750775,
flagged_e5-large-v2,employment,Not employed,2377,52.61177512173528,
flagged_e5-large-v2,employment,Prefer not to answer,63,1.3944223107569722,
flagged_qwen3-embedding-0.6b,employment,Employed,2088,46.21513944223108,
flagged_qwen3-embedding-0.6b,employment,Not employed,2363,52.30190349712262,
flagged_qwen3-embedding-0.6b,employment,Prefer not to answer,67,1.4829570606463036,
cohort,insurance,Yes,87813,97.19095527442973,
cohort,insurance,No,1902,2.1051233522595214,
cohort,insurance,Prefer not to answer,636,0.7039213733107548,
survey_linked,insurance,Yes,84863,97.25638057691648,
survey_linked,insurance,No,1793,2.0548494676644853,
survey_linked,insurance,Prefer not to answer,601,0.6887699554190495,
records_linked,insurance,Yes,83992,97.25235917327622,
records_linked,insurance,No,1774,2.054072830428993,
records_linked,insurance,Prefer not to answer,599,0.6935679962947954,
flagged,insurance,Yes,4157,92.00973882248783,
flagged,insurance,No,284,6.285967242142541,
flagged,insurance,Prefer not to answer,77,1.7042939353696325,
icd_linked,insurance,Yes,60376,97.96368710551508,
icd_linked,insurance,No,903,1.4651717479839692,
icd_linked,insurance,Prefer not to answer,352,0.5711411465009492,
sleep,insurance,Yes,16286,97.3344489600765,
sleep,insurance,No,360,2.151565861821659,
sleep,insurance,Prefer not to answer,86,0.5139851781018407,
flagged_bge-m3,insurance,Yes,4166,92.20894200973882,
flagged_bge-m3,insurance,No,276,6.108897742363878,
flagged_bge-m3,insurance,Prefer not to answer,76,1.6821602478972997,
flagged_bge-large-en-v1.5,insurance,Yes,4169,92.27534307215582,
flagged_bge-large-en-v1.5,insurance,No,279,6.175298804780876,
flagged_bge-large-en-v1.5,insurance,Prefer not to answer,70,1.5493581230633025,
flagged_all-mpnet-base-v2,insurance,Yes,4171,92.31961044710047,
flagged_all-mpnet-base-v2,insurance,No,277,6.13103142983621,
flagged_all-mpnet-base-v2,insurance,Prefer not to answer,70,1.5493581230633025,
flagged_e5-large-v2,insurance,Yes,4154,91.94333776007085,
flagged_e5-large-v2,insurance,No,290,6.418769366976538,
flagged_e5-large-v2,insurance,Prefer not to answer,74,1.637892872952634,
flagged_qwen3-embedding-0.6b,insurance,Yes,4167,92.23107569721115,
flagged_qwen3-embedding-0.6b,insurance,No,275,6.086764054891545,
flagged_qwen3-embedding-0.6b,insurance,Prefer not to answer,76,1.6821602478972997,
