nights,se_of_mean_min,reliability
1,91.23941833191665,0.40023389075468396
2,64.51601141401446,0.5716671955982582
3,52.677102734636954,0.6668831759141393
4,45.61970916595833,0.7274659637858661
5,40.803508323541216,0.769403703123961
6,37.24833655692221,0.8001558664102688
7,34.4852586674913,0.8236709826812602
8,32.25800570700723,0.8422347867179647
9,30.413139443972216,0.8572621360210735
10,28.85243743177773,0.8696757012156633
11,27.509719699749244,0.8801028638142706
12,26.338551367318477,0.8889850943917179
13,25.305261626094964,0.8966420662648571
14,24.384760254755264,0.903310948634226
15,23.557916514477657,0.9091714100453036
16,22.809854582979163,0.9143620485187438
17,22.12880935308286,0.9189914925688792
18,21.50533713800482,0.9231460862682945
19,20.931758114539843,0.9268953248648992
20,20.401754161770608,0.9302957733795225
21,19.910073374749977,0.9333939401762953
22,19.452309348233843,0.9362284168098722
23,19.024733852387925,0.9388314937971852
24,18.624168278461106,0.9412303961858256
25,18.24788366638333,0.9434482393556702
26,17.89352209551147,0.945504776270891
27,17.559034244878983,0.9474169874076888
28,17.24262933374565,0.9491995506907813
29,16.942734642222767,0.9508652189789413
30,16.657962518013708,0.9524251256451923
31,16.38708328625115,0.9538890337396629
32,16.129002853503614,0.9552655405243123
33,15.882744073981376,0.9565622464348916
34,15.647431153149189,0.9577858954847799
35,15.422276520434874,0.9589424925878139
36,15.206569721986108,0.9600374021087321
37,14.999667976096948,0.9610754310545269
38,14.800988104947665,0.9620608996286674
39,14.609999611739836,0.9629977013324679
40,14.426218715888865,0.9638893543767955
41,14.24920319342367,0.964739045835406
42,14.07854789720744,0.9655496697079586
43,13.91388085359573,0.9663238598507712
44,13.754859849874622,0.9670640185649182
45,13.601169441180406,0.9677723414954267
46,13.452518317292771,0.9684508393852129
47,13.308636979257868,0.9691013571377309
48,13.169275683659238,0.9697255905689266
49,13.034202618845235,0.9703251011688049
50,12.903202282802892,0.9709013291431527
51,12.776074036848298,0.9714556049647392
52,12.652630813047482,0.971989159629017
53,12.532697956422426,0.9725031337807266
54,12.416112185640738,0.9729985858538148
55,12.302720658120881,0.9734764993469138
56,12.192380127377632,0.9739377893396213
57,12.084956182041713,0.974383308340427
58,11.980322557359953,0.9748138515449185
59,11.878360511156044,0.9752301615724988
60,11.778958257238829,0.9756329327409745
