decile,n_people,median_nights,median_within_sd,share_with_min_nights,share_with_nights_needed
1,1515,217.0,73.3349407862051,0.9775577557755776,0.9775577557755776
2,1553,209.0,77.32256687081401,0.974243399871217,0.974243399871217
3,1544,207.0,79.83279722477627,0.9656735751295337,0.9656735751295337
4,1568,207.0,81.55758194906261,0.9725765306122449,0.9725765306122449
5,1697,198.0,85.50788210508964,0.9687684148497349,0.9687684148497349
6,1746,197.0,87.83849634162634,0.9616265750286369,0.9616265750286369
7,1798,190.0,92.30147486685496,0.9666295884315906,0.9666295884315906
8,1934,186.0,93.23804341881285,0.96794208893485,0.96794208893485
9,1974,173.0,100.02050031829792,0.9625126646403243,0.9625126646403243
10,1991,152.0,106.80008038275088,0.9487694625816173,0.9487694625816173
