encoder,condition,phecode,label,list,group,construct_profile,or,or_lo,or_hi,p,passes_together,or_alone,or_alone_lo,or_alone_hi,p_alone,passes_alone
gte-large-en-v1.5,gad,MB_288.3,Generalized anxiety disorder,A,0,Daily spiritual experience:5,0.9390857531554699,0.903352767758777,0.9762321910714129,0.0014969163576536346,True,0.7411353335192359,0.7195889828253644,0.7633268375427211,3.9616429509097144e-88,True
gte-large-en-v1.5,gad,MB_288.3,Generalized anxiety disorder,A,1,Open-mindedness:2; Conscientiousness:1,1.0076276133498383,0.9745101747429857,1.041870504279616,0.6558512233048801,False,1.082078587321286,1.0527853121682464,1.1121869346065765,1.7655291849917324e-08,True
gte-large-en-v1.5,gad,MB_288.3,Generalized anxiety disorder,A,2,Everyday discrimination:4,0.9825650060743379,0.9478023479850164,1.0186026582592156,0.33854306340398654,False,0.9711561079486868,0.9448727003064459,0.9981706379072611,0.036549205927286096,False
gte-large-en-v1.5,gad,MB_288.3,Generalized anxiety disorder,A,3,Childhood adversity:7,0.924153696691224,0.8834853822154732,0.9666940419165397,0.0005921500402128717,True,1.0007260032085175,0.9735322183430335,1.028679395122825,0.9588231602461024,False
gte-large-en-v1.5,gad,MB_288.3,Generalized anxiety disorder,A,4,Suicidality & self-harm:4,1.242434509429259,1.199652083685671,1.286742657486338,6.3597983387290275e-34,True,0.9830436708428917,0.9570659433248442,1.009726514170052,0.21072422916776512,False
gte-large-en-v1.5,gad,MB_288.3,Generalized anxiety disorder,A,5,Subjective wellbeing:2; Self-rated health:2,1.5374178101083922,1.4547638830778404,1.6247678061938877,1.5302082939748352e-52,True,1.5577753415770574,1.5186822519970635,1.5978747441306176,4.410871759915071e-256,True
gte-large-en-v1.5,gad,MB_288.3,Generalized anxiety disorder,A,6,Neighborhood disorder & safety:2; Childhood adversity:2,0.8491003522311003,0.8179995051067726,0.8813836727992531,8.565314429966172e-18,True,0.962476128232828,0.9362504749433543,0.9894363978550744,0.006659796035639464,False
gte-large-en-v1.5,gad,MB_288.3,Generalized anxiety disorder,A,7,Perceived social support:4,1.0667768985983093,1.0169459353681272,1.119049609034599,0.00808647123490678,False,1.3819625301318952,1.3465283135988444,1.418329206598117,1.3282125407633718e-131,True
gte-large-en-v1.5,gad,MB_288.3,Generalized anxiety disorder,A,8,Everyday discrimination:2,1.06000519306906,1.0240302840376658,1.0972439261298705,0.0009399483921264963,True,1.36752175032983,1.3299147447002762,1.4061921977161258,2.898137874271733e-107,True
gte-large-en-v1.5,gad,MB_288.3,Generalized anxiety disorder,A,9,Childhood adversity:3; Interpersonal & sexual violence:1,0.9067183077324609,0.8754933194568328,0.9390569537267087,4.333799997913274e-08,True,0.93816814317326,0.9121858603456231,0.9648904934041338,8.422432891927335e-06,True
gte-large-en-v1.5,gad,MB_288.3,Generalized anxiety disorder,A,10,Depression:2,0.7832840950377761,0.7502404763545152,0.8177830880577966,1.1568364794471695e-28,True,0.6245532780861969,0.6050203479261935,0.6447168239964693,2.3421813377109263e-185,True
gte-large-en-v1.5,gad,MB_288.3,Generalized anxiety disorder,A,11,Perceived stress:2,1.1152889735773415,1.076763099577969,1.155193277955687,1.1761900301572615e-09,True,0.8192307526556065,0.7971702508182936,0.8419017460921914,1.7339922920533099e-46,True
gte-large-en-v1.5,gad,MB_288.3,Generalized anxiety disorder,A,12,Loneliness:6,1.1962272857037157,1.154618351455207,1.2393356794118064,3.4307447567944705e-23,True,1.2549339024672228,1.220428881850551,1.2904144788622465,2.2910701915544796e-57,True
gte-large-en-v1.5,gad,MB_288.3,Generalized anxiety disorder,A,13,Food insecurity:2,1.105636443681313,1.074749214773473,1.1374113409833155,3.743535604478767e-12,True,0.9430406988192249,0.9187675559172088,0.9679551197708925,1.0433911102487114e-05,True
gte-large-en-v1.5,gad,MB_288.3,Generalized anxiety disorder,A,14,Substance use:5,0.970454975443595,0.9420429814032903,0.9997238745522267,0.047908409836406485,False,0.8806325390515924,0.8565988670756248,0.9053405259383658,2.181058763423428e-19,True
gte-large-en-v1.5,gad,MB_288.3,Generalized anxiety disorder,A,15,Neighborhood disorder & safety:10; Neighborhood social cohesion:4,1.2168444833133558,1.1577385560326596,1.2789679404340208,1.115371633927048e-14,True,1.7432215552132668,1.6963057662984595,1.7914349234284748,0.0,True
gte-large-en-v1.5,gad,MB_288.3,Generalized anxiety disorder,A,16,Healthcare discrimination:7; Everyday discrimination:2,0.8600505455135816,0.83061246571673,0.8905319524670728,2.1688453746527532e-17,True,0.7291921099114197,0.7083291428819517,0.7506695700725717,6.841431013602604e-101,True
gte-large-en-v1.5,gad,MB_288.3,Generalized anxiety disorder,A,17,Open-mindedness:3; Agreeableness:3; Extraversion:3; Conscientiousness:2; Negative emotionality:1,0.9786798377731094,0.9371189774654138,1.0220839059882871,0.3303703892670201,False,1.4698079633241954,1.4305766343308663,1.5101151502182113,2.5772002094806445e-171,True
gte-large-en-v1.5,gad,MB_288.3,Generalized anxiety disorder,A,18,Generalized anxiety:3; Loneliness:1; Negative emotionality:1; Extraversion:1; Perceived social support:1,1.1475324000530527,1.1058212187554781,1.190816912207126,3.2254837925220014e-13,True,1.4861436294653831,1.4466384033014457,1.5267276759417787,1.1579330734894721e-182,True
gte-large-en-v1.5,gad,MB_288.3,Generalized anxiety disorder,A,19,Depression:5; Generalized anxiety:2; Adult ADHD:1,0.7859475088289342,0.7513804611155445,0.8221048038929746,9.012997868127158e-26,True,1.2773657700779206,1.2447819369234612,1.3108025286738128,5.7942104182015684e-77,True
gte-large-en-v1.5,gad,MB_288.3,Generalized anxiety disorder,A,20,Interpersonal & sexual violence:3,0.9159750260801336,0.885704612565131,0.9472799808195694,3.075727732656935e-07,True,0.9391290652448362,0.9125301665810427,0.9665032822882703,1.8346414285261407e-05,True
gte-large-en-v1.5,gad,MB_288.3,Generalized anxiety disorder,A,21,Body-focused repetitive behavior:2; Perceived stress:1; Generalized anxiety:1; Panic & phobia:1,1.0054313117622853,0.9734863250929731,1.0384245742491391,0.742305965537507,False,0.8163290734706226,0.7945535730322929,0.8387013523206711,5.457262916948038e-49,True
gte-large-en-v1.5,gad,MB_288.3,Generalized anxiety disorder,A,22,Healthcare discrimination:4; Everyday discrimination:2,0.9933642682004845,0.9586415666582503,1.0293446514918985,0.7138032874405271,False,0.9549800358298002,0.9291647259405398,0.9815125815396564,0.000985758319442612,True
gte-large-en-v1.5,gad,MB_288.3,Generalized anxiety disorder,A,23,Adult ADHD:3; Conscientiousness:2,0.9180635744982889,0.8889027762298706,0.9481810039961182,2.093232445452603e-07,True,0.9918074375265595,0.9649064043386905,1.0194584559806896,0.5576430412299576,False
gte-large-en-v1.5,gad,MB_288.3,Generalized anxiety disorder,A,24,Depression:4; Generalized anxiety:1,1.0188316031195301,0.9769439136350048,1.0625152795648867,0.38376374826848025,False,1.3416454210356383,1.308652339843765,1.3754703071105896,2.0768079915114215e-118,True
gte-large-en-v1.5,gad,MB_288.3,Generalized anxiety disorder,A,25,Psychosis:4,1.094907989683649,1.0631404271803617,1.1276247946403315,1.5825356368145066e-09,True,1.056532653747932,1.0272761335431122,1.0866223909881199,0.00012393798961021218,True
gte-large-en-v1.5,gad,MB_288.3,Generalized anxiety disorder,A,26,Panic & phobia:2; Perceived stress:2,1.137045993492833,1.100813009867582,1.1744715766700693,7.665981978592598e-15,True,1.3865534804868684,1.3496126626568978,1.4245054210335308,2.1758712539252313e-124,True
gte-large-en-v1.5,adhd,MB_304,Attention-deficit hyperactivity disorder,A,0,Daily spiritual experience:5,0.9549672032582602,0.9006385110567491,1.0125731335082127,0.12310611779126776,False,0.6770053412489336,0.6472858767942313,0.7080893443088171,4.847093858286512e-65,True
gte-large-en-v1.5,adhd,MB_304,Attention-deficit hyperactivity disorder,A,1,Open-mindedness:2; Conscientiousness:1,0.9622156234463279,0.9167394431768106,1.0099477151280771,0.11893794065192632,False,1.1242381669060404,1.08019876206793,1.1700730461018345,9.261143079413447e-09,True
gte-large-en-v1.5,adhd,MB_304,Attention-deficit hyperactivity disorder,A,2,Everyday discrimination:4,1.2423153133844425,1.1793898751697873,1.3085980898787197,2.8051747400107434e-16,True,1.1665305519696767,1.122855789387304,1.2119040944885786,2.5387044329113602e-15,True
gte-large-en-v1.5,adhd,MB_304,Attention-deficit hyperactivity disorder,A,3,Childhood adversity:7,1.1509876324339137,1.0773578194948183,1.2296495240894267,3.0587228367401755e-05,True,1.1061345385732864,1.063487789457474,1.150491457968604,4.946132025325256e-07,True
gte-large-en-v1.5,adhd,MB_304,Attention-deficit hyperactivity disorder,A,4,Suicidality & self-harm:4,1.1035724568520913,1.048801201202782,1.1612040166676827,0.0001479264105288741,True,0.855444530902414,0.8241343660440335,0.8879442183239232,2.2692763153952374e-16,True
gte-large-en-v1.5,adhd,MB_304,Attention-deficit hyperactivity disorder,A,5,Subjective wellbeing:2; Self-rated health:2,1.4174681723562987,1.3065036790405582,1.5378571464250224,4.941292080709839e-17,True,1.4465386066241535,1.3957341276083888,1.4991923598225922,4.538095591033462e-91,True
gte-large-en-v1.5,adhd,MB_304,Attention-deficit hyperactivity disorder,A,6,Neighborhood disorder & safety:2; Childhood adversity:2,0.6710222453704033,0.6351559446564711,0.7089138621310869,5.585006337380898e-46,True,0.8496662037820865,0.8152558539194927,0.8855289469908592,1.1319055768386898e-14,True
gte-large-en-v1.5,adhd,MB_304,Attention-deficit hyperactivity disorder,A,7,Perceived social support:4,1.2064791311015828,1.1239491618925652,1.295069157160656,2.0798435258970902e-07,True,1.4073322948378684,1.3555057017749428,1.4611404330503224,2.9516518334201367e-71,True
gte-large-en-v1.5,adhd,MB_304,Attention-deficit hyperactivity disorder,A,8,Everyday discrimination:2,0.9998105877746486,0.9511758206214063,1.0509321092426767,0.9940595313686528,False,1.2234538276510498,1.1757217658307368,1.273123720165522,2.997756460575198e-23,True
gte-large-en-v1.5,adhd,MB_304,Attention-deficit hyperactivity disorder,A,9,Childhood adversity:3; Interpersonal & sexual violence:1,0.9249921114419837,0.879009954108632,0.9733796554073595,0.0027257118381990974,False,0.9992190124689904,0.9596006148465807,1.0404731087413206,0.9698069819775363,False
gte-large-en-v1.5,adhd,MB_304,Attention-deficit hyperactivity disorder,A,10,Depression:2,0.8039088104852581,0.7530273296575407,0.8582283140636222,6.03547113908636e-11,True,0.6165201375686695,0.5870509151104805,0.6474686781744622,1.8737834925391613e-83,True
gte-large-en-v1.5,adhd,MB_304,Attention-deficit hyperactivity disorder,A,11,Perceived stress:2,1.4051978117369466,1.3344346503437439,1.4797134423942457,4.292192911110861e-38,True,1.0400022490523344,0.9986017058905303,1.0831191972272503,0.058430919321018744,False
gte-large-en-v1.5,adhd,MB_304,Attention-deficit hyperactivity disorder,A,12,Loneliness:6,1.0269015416054232,0.974081639550545,1.082585620480608,0.32448277818719806,False,1.201999302181446,1.1542195546918839,1.2517569266363449,6.0951975597727e-19,True
gte-large-en-v1.5,adhd,MB_304,Attention-deficit hyperactivity disorder,A,13,Food insecurity:2,1.1695108648783858,1.1216029532332004,1.2194651049427205,2.176777181172087e-13,True,1.0842831268455355,1.0414457007392,1.1288825699961715,8.335418503216566e-05,True
gte-large-en-v1.5,adhd,MB_304,Attention-deficit hyperactivity disorder,A,14,Substance use:5,1.115004710677279,1.0702342718635622,1.1616480031682401,1.9266070993238407e-07,True,1.0669073124525263,1.027636077632771,1.1076793021774822,0.0007126384323115365,True
gte-large-en-v1.5,adhd,MB_304,Attention-deficit hyperactivity disorder,A,15,Neighborhood disorder & safety:10; Neighborhood social cohesion:4,1.1200273187578627,1.0408246818323,1.2052569627341412,0.0024512166726065134,False,1.696784964828531,1.6320539669765872,1.7640833422939506,2.1608361725202676e-156,True
gte-large-en-v1.5,adhd,MB_304,Attention-deficit hyperactivity disorder,A,16,Healthcare discrimination:7; Everyday discrimination:2,0.8998570853837532,0.8560713852944978,0.9458823037716454,3.382594248225582e-05,True,0.8789476533237957,0.8438705697274871,0.9154827825467217,5.311523456783605e-10,True
gte-large-en-v1.5,adhd,MB_304,Attention-deficit hyperactivity disorder,A,17,Open-mindedness:3; Agreeableness:3; Extraversion:3; Conscientiousness:2; Negative emotionality:1,1.342639854674539,1.2589704692067465,1.4318697884123552,2.8346607471688756e-19,True,1.6478640440253776,1.584873168178967,1.7133584958799914,3.21429572532144e-139,True
gte-large-en-v1.5,adhd,MB_304,Attention-deficit hyperactivity disorder,A,18,Generalized anxiety:3; Loneliness:1; Negative emotionality:1; Extraversion:1; Perceived social support:1,1.049228919197984,0.9938086923094878,1.107739682094205,0.08262514701113656,False,1.1939318759469677,1.1477383591428403,1.2419845629859618,1.3160818473577676e-18,True
gte-large-en-v1.5,adhd,MB_304,Attention-deficit hyperactivity disorder,A,19,Depression:5; Generalized anxiety:2; Adult ADHD:1,1.0212333103800453,0.9560321081263874,1.090881221838537,0.5325024319944087,False,1.292358202985473,1.2456586460852828,1.3408085193104284,1.810449497871235e-42,True
gte-large-en-v1.5,adhd,MB_304,Attention-deficit hyperactivity disorder,A,20,Interpersonal & sexual violence:3,1.0350170754210417,0.9855512778894605,1.0869656104624106,0.16836465587872707,False,1.1010121571889133,1.0590482067185187,1.1446388961215426,1.212468181032458e-06,True
gte-large-en-v1.5,adhd,MB_304,Attention-deficit hyperactivity disorder,A,21,Body-focused repetitive behavior:2; Perceived stress:1; Generalized anxiety:1; Panic & phobia:1,1.1398475031359205,1.0885334643864328,1.193580512600533,2.5547706678003754e-08,True,1.1229356866611968,1.0796212377089025,1.167987913106663,7.597597710045846e-09,True
gte-large-en-v1.5,adhd,MB_304,Attention-deficit hyperactivity disorder,A,22,Healthcare discrimination:4; Everyday discrimination:2,1.1940209630885232,1.1335662807350502,1.2576997785876025,2.2448663172438266e-11,True,1.026495951552374,0.9859445254345524,1.0687152384045144,0.20350046935438693,False
gte-large-en-v1.5,adhd,MB_304,Attention-deficit hyperactivity disorder,A,23,Adult ADHD:3; Conscientiousness:2,1.4053266079528994,1.3411194700018287,1.472607712583361,3.829149621787175e-46,True,1.535078205737742,1.4754837808226675,1.5970796347331853,6.989601910599644e-100,True
gte-large-en-v1.5,adhd,MB_304,Attention-deficit hyperactivity disorder,A,24,Depression:4; Generalized anxiety:1,0.8967374672004198,0.8436337245399529,0.9531839016031909,0.00046628386347891067,True,1.171102041291665,1.1288335433854209,1.2149532578597697,3.726127606378836e-17,True
gte-large-en-v1.5,adhd,MB_304,Attention-deficit hyperactivity disorder,A,25,Psychosis:4,1.1220036739315524,1.0759262692882015,1.1700543803514944,7.431164177077422e-08,True,1.0027562556891958,0.9650480914187055,1.041937823891878,0.8880713535407709,False
gte-large-en-v1.5,adhd,MB_304,Attention-deficit hyperactivity disorder,A,26,Panic & phobia:2; Perceived stress:2,0.9608971173445935,0.916089001841648,1.0078969055025855,0.10160462290435102,False,1.2004315803938341,1.1540688788181215,1.2486568225309038,9.862353210393703e-20,True
gte-large-en-v1.5,ptsd,MB_290.1,Posttraumatic stress disorder,B,0,Daily spiritual experience:5,1.188322703491825,1.124638225347358,1.2556134193268884,8.273076834297189e-10,True,0.6477735688286488,0.6210854783145142,0.6756084486337253,5.546337982545486e-91,True
gte-large-en-v1.5,ptsd,MB_290.1,Posttraumatic stress disorder,B,1,Open-mindedness:2; Conscientiousness:1,0.9947536281283696,0.9502182483299123,1.0413763179287965,0.8219112965708559,False,1.2344090916858763,1.1886492996965878,1.2819305122425122,8.591753520459462e-28,True
gte-large-en-v1.5,ptsd,MB_290.1,Posttraumatic stress disorder,B,2,Everyday discrimination:4,0.8896495820263757,0.8482524604817047,0.9330670003011158,1.5123894084479784e-06,True,1.0229484973538097,0.9853289282231256,1.0620043705866482,0.23528743677310482,False
gte-large-en-v1.5,ptsd,MB_290.1,Posttraumatic stress disorder,B,3,Childhood adversity:7,1.0578217061520079,0.995463132877579,1.124086593515218,0.06978853721488051,False,1.4921882809376803,1.441143889188515,1.5450406322865697,1.7680145012165972e-112,True
gte-large-en-v1.5,ptsd,MB_290.1,Posttraumatic stress disorder,B,4,Suicidality & self-harm:4,1.0472632361455598,0.9994540554972424,1.0973593831048263,0.05273827624149965,False,0.6890868346707532,0.6655154729939328,0.713493051604657,1.2343560754996286e-97,True
gte-large-en-v1.5,ptsd,MB_290.1,Posttraumatic stress disorder,B,5,Subjective wellbeing:2; Self-rated health:2,1.7329983022304614,1.6058976126493771,1.8701585280887902,1.9083725590326045e-45,True,2.294495424966656,2.2176516956638994,2.3740018621891013,0.0,True
gte-large-en-v1.5,ptsd,MB_290.1,Posttraumatic stress disorder,B,6,Neighborhood disorder & safety:2; Childhood adversity:2,0.877494819998782,0.83440722632126,0.9228073952804355,3.634469865580482e-07,True,1.208038301480477,1.1651231504658122,1.2525341525145992,1.2983026632756328e-24,True
gte-large-en-v1.5,ptsd,MB_290.1,Posttraumatic stress disorder,B,7,Perceived social support:4,1.05103392638667,0.9849597314097922,1.1215405860650167,0.13296677167716375,False,1.9238975706158967,1.8595923644755574,1.9904264681499775,0.0,True
gte-large-en-v1.5,ptsd,MB_290.1,Posttraumatic stress disorder,B,8,Everyday discrimination:2,0.9787224055650781,0.9354047612498021,1.024046045986807,0.351759740501975,False,1.2623621635179314,1.2151702806334748,1.311386772108138,4.248566385607046e-33,True
gte-large-en-v1.5,ptsd,MB_290.1,Posttraumatic stress disorder,B,9,Childhood adversity:3; Interpersonal & sexual violence:1,1.104375132584281,1.0559492332235643,1.1550218467863846,1.4275984548356348e-05,True,1.4201344808794367,1.373577337334202,1.4682696699821924,1.6716828241003972e-94,True
gte-large-en-v1.5,ptsd,MB_290.1,Posttraumatic stress disorder,B,10,Depression:2,0.7608909517493125,0.7126408771579428,0.8124078466602761,2.9489961417280183e-16,True,0.547375067399887,0.5227223178599891,0.5731904955534799,7.121335040092318e-145,True
gte-large-en-v1.5,ptsd,MB_290.1,Posttraumatic stress disorder,B,11,Perceived stress:2,1.1381977395319327,1.0838694335644334,1.1952492192857724,2.1322672461993848e-07,True,0.8385783137878358,0.8075900391450929,0.8707556486205118,5.0126549476695814e-20,True
gte-large-en-v1.5,ptsd,MB_290.1,Posttraumatic stress disorder,B,12,Loneliness:6,1.3885615944261094,1.3219589497775677,1.4585197988482175,3.784032133747706e-39,True,1.6801241577492423,1.6161801055692262,1.7465981518553535,2.1085989402906297e-151,True
gte-large-en-v1.5,ptsd,MB_290.1,Posttraumatic stress disorder,B,13,Food insecurity:2,1.0953752220820197,1.0568395414539158,1.1353160343533133,6.184039429338232e-07,True,0.843158338035767,0.8153559226604559,0.8719087741210759,2.0154988250740866e-23,True
gte-large-en-v1.5,ptsd,MB_290.1,Posttraumatic stress disorder,B,14,Substance use:5,1.0086304440834668,0.9691172795568739,1.0497546521894492,0.6734200689239276,False,0.9806362453719344,0.944908383222742,1.0177150111181488,0.301778469900602,False
gte-large-en-v1.5,ptsd,MB_290.1,Posttraumatic stress disorder,B,15,Neighborhood disorder & safety:10; Neighborhood social cohesion:4,1.4638678701019536,1.3678802169838593,1.5665912223234648,3.30438590042767e-28,True,2.537730838143432,2.442049909955913,2.6371606004483463,0.0,True
gte-large-en-v1.5,ptsd,MB_290.1,Posttraumatic stress disorder,B,16,Healthcare discrimination:7; Everyday discrimination:2,0.9480677681485051,0.9055163333830433,0.9926187522692335,0.022835517736041592,False,0.7164777879551109,0.688387210749593,0.7457146394019527,5.259367806877648e-60,True
gte-large-en-v1.5,ptsd,MB_290.1,Posttraumatic stress disorder,B,17,Open-mindedness:3; Agreeableness:3; Extraversion:3; Conscientiousness:2; Negative emotionality:1,1.2161652759752366,1.1454710170383904,1.291222524610025,1.504440716493174e-10,True,2.3188730885119626,2.23290835572748,2.4081473773128184,0.0,True
gte-large-en-v1.5,ptsd,MB_290.1,Posttraumatic stress disorder,B,18,Generalized anxiety:3; Loneliness:1; Negative emotionality:1; Extraversion:1; Perceived social support:1,0.9913491586463823,0.9420252404543353,1.0432556497901289,0.7386235190814125,False,1.327076567441421,1.2791274432288278,1.3768231032605949,2.5021132760856034e-51,True
gte-large-en-v1.5,ptsd,MB_290.1,Posttraumatic stress disorder,B,19,Depression:5; Generalized anxiety:2; Adult ADHD:1,0.8309035938572751,0.7815841521216158,0.8833351858668548,2.9683454418709903e-09,True,1.2900771207652302,1.245626866847086,1.3361135841060954,5.369809909067403e-46,True
gte-large-en-v1.5,ptsd,MB_290.1,Posttraumatic stress disorder,B,20,Interpersonal & sexual violence:3,0.9523324912841516,0.9111730426807405,0.9953511917859208,0.030259713916475594,False,1.252197769465341,1.2107266743983436,1.295089376496288,3.8574561541429574e-39,True
gte-large-en-v1.5,ptsd,MB_290.1,Posttraumatic stress disorder,B,21,Body-focused repetitive behavior:2; Perceived stress:1; Generalized anxiety:1; Panic & phobia:1,0.8793951742049935,0.841694906674352,0.9187840704306781,8.98482195256492e-09,True,0.6360883633445097,0.6131087663054032,0.6599292461930849,2.566542700977501e-128,True
gte-large-en-v1.5,ptsd,MB_290.1,Posttraumatic stress disorder,B,22,Healthcare discrimination:4; Everyday discrimination:2,0.8769617822208404,0.8367993138061333,0.919051862002514,4.038385594781175e-08,True,0.711661909566811,0.687218618559,0.7369746101906556,4.0614473294334505e-81,True
gte-large-en-v1.5,ptsd,MB_290.1,Posttraumatic stress disorder,B,23,Adult ADHD:3; Conscientiousness:2,0.9773187442578184,0.9350481336409824,1.021500277379748,0.3091550444683101,False,0.9036708981801322,0.8698120897657599,0.9388477141512287,2.007821304929971e-07,True
gte-large-en-v1.5,ptsd,MB_290.1,Posttraumatic stress disorder,B,24,Depression:4; Generalized anxiety:1,1.0405107510267826,0.9829230464108875,1.101472416335773,0.17161545160438085,False,1.414328577669853,1.368265976393634,1.461941873966586,1.4272616847143992e-93,True
gte-large-en-v1.5,ptsd,MB_290.1,Posttraumatic stress disorder,B,25,Psychosis:4,1.0371258779884411,1.0023584444313294,1.0730992418620617,0.036138117716448814,False,0.7865744706777529,0.7628422522666225,0.8110450044994941,3.1080181615526583e-53,True
gte-large-en-v1.5,ptsd,MB_290.1,Posttraumatic stress disorder,B,26,Panic & phobia:2; Perceived stress:2,1.1632457206505977,1.1123311598233347,1.2164907857358238,3.544321233177144e-11,True,1.7416929836593706,1.6784321466708472,1.8073381490846592,6.57202048486324e-190,True
gte-large-en-v1.5,panic,MB_288.2,Panic disorder,B,0,Daily spiritual experience:5,0.9622350673385295,0.8962978125496465,1.0330230776555627,0.2878227835244238,False,0.7036518256591047,0.6658617409488606,0.7435866356397515,9.696232022049222e-36,True
gte-large-en-v1.5,panic,MB_288.2,Panic disorder,B,1,Open-mindedness:2; Conscientiousness:1,1.007959114029729,0.9492418703695233,1.0703084295682113,0.7957273006369422,False,1.122401160993874,1.0671947915462163,1.180463375739629,7.218054862904776e-06,True
gte-large-en-v1.5,panic,MB_288.2,Panic disorder,B,2,Everyday discrimination:4,0.8855453290931778,0.8310419936565286,0.9436232294692586,0.0001765641318168258,True,0.9214196580405367,0.8755861033498701,0.9696524225034293,0.001667739057115386,True
gte-large-en-v1.5,panic,MB_288.2,Panic disorder,B,3,Childhood adversity:7,0.7943308527400209,0.7327856218460272,0.8610451471812125,2.1947875823285395e-08,True,1.0524969386616896,1.0015007510995946,1.106089840348076,0.04347226738795547,False
gte-large-en-v1.5,panic,MB_288.2,Panic disorder,B,4,Suicidality & self-harm:4,1.25812642929076,1.182216915764531,1.3389100519309347,4.764638014673691e-13,True,0.9293581211344398,0.8854247098914613,0.9754714406201884,0.0030260334261036233,False
gte-large-en-v1.5,panic,MB_288.2,Panic disorder,B,5,Subjective wellbeing:2; Self-rated health:2,1.5478941985929375,1.401497215831521,1.709583453304342,6.775290771147486e-18,True,1.7281046607106147,1.6548750504151568,1.8045747427399836,2.353174201830788e-135,True
gte-large-en-v1.5,panic,MB_288.2,Panic disorder,B,6,Neighborhood disorder & safety:2; Childhood adversity:2,0.8991291359059813,0.8415663104885855,0.9606292373629917,0.001633515763385927,True,1.0363808376718548,0.9859434708487155,1.0893984010754958,0.16036773958534556,False
gte-large-en-v1.5,panic,MB_288.2,Panic disorder,B,7,Perceived social support:4,1.082078806319256,0.9930054057266087,1.1791421641139315,0.0718898801613869,False,1.5046900341290712,1.4374371987801235,1.5750894026735638,1.1264196204191887e-68,True
gte-large-en-v1.5,panic,MB_288.2,Panic disorder,B,8,Everyday discrimination:2,1.054814531906722,0.992519967785308,1.1210189546154001,0.0857564736883064,False,1.3898947262248313,1.3211121193513358,1.4622584424826213,4.9598198172623225e-37,True
gte-large-en-v1.5,panic,MB_288.2,Panic disorder,B,9,Childhood adversity:3; Interpersonal & sexual violence:1,0.9585607655657504,0.9013610981665042,1.0193902789359839,0.17759657517231997,False,1.0641870767553847,1.0136512290003918,1.1172424024483998,0.012204157565199778,False
gte-large-en-v1.5,panic,MB_288.2,Panic disorder,B,10,Depression:2,0.8358298941659428,0.7702954034132176,0.9069398686346406,1.672357182054808e-05,True,0.6297918274583659,0.5933147782143049,0.6685114891746097,4.2036279555552396e-52,True
gte-large-en-v1.5,panic,MB_288.2,Panic disorder,B,11,Perceived stress:2,1.1173605732869742,1.0486418237799586,1.1905825444152542,0.0006112714445107617,True,0.8027310523868256,0.7637064566648917,0.8437497638556802,5.53438699510339e-18,True
gte-large-en-v1.5,panic,MB_288.2,Panic disorder,B,12,Loneliness:6,1.4427938906842313,1.353255725103356,1.5382563490257934,3.4645908764834606e-29,True,1.5139671810483453,1.4385667048181212,1.5933196685385984,5.26596769559554e-57,True
gte-large-en-v1.5,panic,MB_288.2,Panic disorder,B,13,Food insecurity:2,1.1007441892920153,1.0494126556313232,1.1545865811302027,8.168104603330176e-05,True,0.8736953098408667,0.835477198403461,0.9136616725107815,3.2867049228368186e-09,True
gte-large-en-v1.5,panic,MB_288.2,Panic disorder,B,14,Substance use:5,1.013486607144898,0.9615334580753265,1.0682468657077238,0.6178057391852245,False,0.9281121197291512,0.8824050311539154,0.9761867582075107,0.003787474653250047,False
gte-large-en-v1.5,panic,MB_288.2,Panic disorder,B,15,Neighborhood disorder & safety:10; Neighborhood social cohesion:4,1.3028275931282647,1.1914789519373732,1.4245822258600875,6.499316124869987e-09,True,1.882424179351519,1.7938684841714738,1.9753514944234447,5.482033449311374e-146,True
gte-large-en-v1.5,panic,MB_288.2,Panic disorder,B,16,Healthcare discrimination:7; Everyday discrimination:2,0.891013787332931,0.838708261474183,0.9465813152024275,0.00018508696942103457,True,0.6970494880165885,0.6609642075555794,0.7351048410640775,2.111846095711299e-40,True
gte-large-en-v1.5,panic,MB_288.2,Panic disorder,B,17,Open-mindedness:3; Agreeableness:3; Extraversion:3; Conscientiousness:2; Negative emotionality:1,1.054433164180784,0.9751792969193641,1.1401280782278906,0.18367827521650337,False,1.6533991200064229,1.5756251813307358,1.7350120335911174,5.444199888443093e-93,True
gte-large-en-v1.5,panic,MB_288.2,Panic disorder,B,18,Generalized anxiety:3; Loneliness:1; Negative emotionality:1; Extraversion:1; Perceived social support:1,1.157441094273809,1.0824922325827244,1.2375792143260247,1.863635250001751e-05,True,1.5435729814082766,1.4710044058088567,1.6197215586336147,7.321614437616541e-70,True
gte-large-en-v1.5,panic,MB_288.2,Panic disorder,B,19,Depression:5; Generalized anxiety:2; Adult ADHD:1,0.7323824052135806,0.6759789241388644,0.7934921760315733,2.595765500565721e-14,True,1.2718042356948045,1.2139823290834895,1.3323801963018576,4.1624346663008944e-24,True
gte-large-en-v1.5,panic,MB_288.2,Panic disorder,B,20,Interpersonal & sexual violence:3,0.910242529239308,0.8579447731382074,0.9657282006688113,0.0018389757075633892,True,1.0031571296684298,0.9529604575068911,1.0559978841486466,0.9042049235219014,False
gte-large-en-v1.5,panic,MB_288.2,Panic disorder,B,21,Body-focused repetitive behavior:2; Perceived stress:1; Generalized anxiety:1; Panic & phobia:1,0.9337353171453837,0.8817773742097783,0.9887548353867958,0.01892006456439984,False,0.7077601841526491,0.6741084210308519,0.7430918568051323,5.758744775609712e-44,True
gte-large-en-v1.5,panic,MB_288.2,Panic disorder,B,22,Healthcare discrimination:4; Everyday discrimination:2,0.9337658528947603,0.8771878752451908,0.993993068803603,0.03164293908499782,False,0.906367706535355,0.8625305887894356,0.9524327949958746,0.00010158779119058543,True
gte-large-en-v1.5,panic,MB_288.2,Panic disorder,B,23,Adult ADHD:3; Conscientiousness:2,0.8567018737495791,0.8083755253300199,0.9079172704868927,1.78124485964542e-07,True,0.8895755148771809,0.8453423595218664,0.9361232023396928,6.905893483954518e-06,True
gte-large-en-v1.5,panic,MB_288.2,Panic disorder,B,24,Depression:4; Generalized anxiety:1,0.9958846979463708,0.9239250723608019,1.073448877266134,0.9141815094887824,False,1.326176914593973,1.2685465339396969,1.3864254575982278,1.3354752639986757e-35,True
gte-large-en-v1.5,panic,MB_288.2,Panic disorder,B,25,Psychosis:4,1.0970826867156123,1.045182743535956,1.151559790797236,0.00017882317832289605,True,0.972947671790427,0.9269374156642888,1.021241732230663,0.2671871752494813,False
gte-large-en-v1.5,panic,MB_288.2,Panic disorder,B,26,Panic & phobia:2; Perceived stress:2,1.3063976135641289,1.2320391979289782,1.3852438523018757,3.929330383585277e-19,True,1.6700987912058232,1.5903829515547636,1.7538102817691748,7.153816435295257e-94,True
gte-large-en-v1.5,hyperchol,EM_239.1,Hypercholesterolemia,C,0,Daily spiritual experience:5,1.079938356527861,1.049060544337584,1.1117250192995503,2.0367289686390383e-07,True,1.0274016851225445,1.0047610552233,1.050552484200391,0.017419192607113294,False
gte-large-en-v1.5,hyperchol,EM_239.1,Hypercholesterolemia,C,1,Open-mindedness:2; Conscientiousness:1,0.9808995706403727,0.9552928753047149,1.0071926553158486,0.15302346788087942,False,0.9999142949514768,0.9778959256090736,1.022428431354364,0.9939804977856325,False
gte-large-en-v1.5,hyperchol,EM_239.1,Hypercholesterolemia,C,2,Everyday discrimination:4,0.9663155887416616,0.937451426893337,0.9960684791313327,0.026790127280661113,False,0.9884795629931828,0.9660331552095024,1.0114475276402837,0.3228001389501275,False
gte-large-en-v1.5,hyperchol,EM_239.1,Hypercholesterolemia,C,3,Childhood adversity:7,0.9762526159930268,0.9413423623647253,1.012457537594552,0.19580547282387106,False,0.9654407042443468,0.9435514210101109,0.987837793105112,0.002649357456383618,False
gte-large-en-v1.5,hyperchol,EM_239.1,Hypercholesterolemia,C,4,Suicidality & self-harm:4,1.0290020650543232,0.9980146575962574,1.0609516020900096,0.06686541951767254,False,1.0480477028846398,1.023610468584216,1.073068341164001,9.675915017390342e-05,True
gte-large-en-v1.5,hyperchol,EM_239.1,Hypercholesterolemia,C,5,Subjective wellbeing:2; Self-rated health:2,1.0447579782432213,1.0001138204305702,1.0913950100528966,0.049405911406816036,False,1.0740540311567972,1.049681115442294,1.098992870189999,1.0601858829651336e-09,True
gte-large-en-v1.5,hyperchol,EM_239.1,Hypercholesterolemia,C,6,Neighborhood disorder & safety:2; Childhood adversity:2,1.0172655799329646,0.9866747863065813,1.0488048083097634,0.2718349442833986,False,1.0202765868846972,0.99715741894787,1.043931774426789,0.08606260535561315,False
gte-large-en-v1.5,hyperchol,EM_239.1,Hypercholesterolemia,C,7,Perceived social support:4,1.0374555770912266,0.9997061770633876,1.076630413147327,0.05184426586776017,False,1.0594333143530423,1.036267459464048,1.0831170440704287,3.0852475449600005e-07,True
gte-large-en-v1.5,hyperchol,EM_239.1,Hypercholesterolemia,C,8,Everyday discrimination:2,0.9755524160576136,0.9479558041934786,1.0039524124076187,0.09092418354836429,False,1.0038696924550572,0.9812664769180278,1.0269935671245762,0.73958960789803,False
gte-large-en-v1.5,hyperchol,EM_239.1,Hypercholesterolemia,C,9,Childhood adversity:3; Interpersonal & sexual violence:1,0.9798178632476479,0.9515847702045014,1.0088886194898508,0.17170428640118496,False,0.9564426388453803,0.9348594318054647,0.9785241398643469,0.00013119843237001836,True
gte-large-en-v1.5,hyperchol,EM_239.1,Hypercholesterolemia,C,10,Depression:2,0.9888957165823957,0.9591416018126494,1.019572851836352,0.47375252285614655,False,0.9824685374887473,0.9616941045271479,1.0036917379564012,0.10479751476504424,False
gte-large-en-v1.5,hyperchol,EM_239.1,Hypercholesterolemia,C,11,Perceived stress:2,0.9573413524018252,0.9301693614369128,0.9853070881659177,0.0030020148964949637,False,0.932603224295362,0.9119915794019801,0.9536807067192719,9.40773196266589e-10,True
gte-large-en-v1.5,hyperchol,EM_239.1,Hypercholesterolemia,C,12,Loneliness:6,1.0722232223372687,1.0425949775464451,1.1026934363570742,1.0740348696360838e-06,True,1.0332438293037365,1.0104860802028692,1.0565141190068787,0.004002569799747575,False
gte-large-en-v1.5,hyperchol,EM_239.1,Hypercholesterolemia,C,13,Food insecurity:2,0.9743070864984823,0.9486040231871481,1.0007065915783921,0.05636774041005317,False,0.9565460725751518,0.9335168145421582,0.9801434475582513,0.0003529117478640763,True
gte-large-en-v1.5,hyperchol,EM_239.1,Hypercholesterolemia,C,14,Substance use:5,1.0002893822606025,0.9743012075821015,1.0269707565552635,0.9828126132026166,False,0.9771047409277765,0.9540898166815199,1.000674840094465,0.0568460473548367,False
gte-large-en-v1.5,hyperchol,EM_239.1,Hypercholesterolemia,C,15,Neighborhood disorder & safety:10; Neighborhood social cohesion:4,1.0166589505419854,0.9782640904176729,1.0565607302173732,0.4002648522762672,False,1.053736312892489,1.030142600877935,1.0778703998475134,5.8896791598794735e-06,True
gte-large-en-v1.5,hyperchol,EM_239.1,Hypercholesterolemia,C,16,Healthcare discrimination:7; Everyday discrimination:2,1.0154164593752253,0.9868831031888068,1.0447747890692765,0.29279125711627096,False,0.985020781308963,0.9627918624797835,1.0077629209614278,0.19499046895909633,False
gte-large-en-v1.5,hyperchol,EM_239.1,Hypercholesterolemia,C,17,Open-mindedness:3; Agreeableness:3; Extraversion:3; Conscientiousness:2; Negative emotionality:1,0.9872157998026141,0.9543090499626915,1.0212572493344965,0.4569531097998133,False,1.0323545083902852,1.0092510512864499,1.0559868425554506,0.005826678121423885,False
gte-large-en-v1.5,hyperchol,EM_239.1,Hypercholesterolemia,C,18,Generalized anxiety:3; Loneliness:1; Negative emotionality:1; Extraversion:1; Perceived social support:1,1.0142637698891686,0.9844882800550249,1.0449398085798345,0.3515302694703456,False,1.0470535624646442,1.0238292869114598,1.0708046514054366,5.8756160441515994e-05,True
gte-large-en-v1.5,hyperchol,EM_239.1,Hypercholesterolemia,C,19,Depression:5; Generalized anxiety:2; Adult ADHD:1,0.9791409172936176,0.9424325638546536,1.0172790846671602,0.27959057490811046,False,1.0587148735116108,1.0347437428841781,1.0832413253067326,1.0455558948302105e-06,True
gte-large-en-v1.5,hyperchol,EM_239.1,Hypercholesterolemia,C,20,Interpersonal & sexual violence:3,0.9512451628319226,0.9264826447909297,0.9766695198217379,0.0002039044804745552,True,0.950481988901135,0.9290978779019183,0.9723582764665702,1.2179488829955892e-05,True
gte-large-en-v1.5,hyperchol,EM_239.1,Hypercholesterolemia,C,21,Body-focused repetitive behavior:2; Perceived stress:1; Generalized anxiety:1; Panic & phobia:1,1.033970612635856,1.0052614202425423,1.0634997088982328,0.0200601680320176,False,0.9736792012773113,0.9515848655861623,0.9962865334307701,0.022747550139388357,False
gte-large-en-v1.5,hyperchol,EM_239.1,Hypercholesterolemia,C,22,Healthcare discrimination:4; Everyday discrimination:2,0.96438771220853,0.9366286033207891,0.9929695251259252,0.014956772337967168,False,0.9496231822190169,0.9283251950500233,0.971409795851958,7.957097566845016e-06,True
gte-large-en-v1.5,hyperchol,EM_239.1,Hypercholesterolemia,C,23,Adult ADHD:3; Conscientiousness:2,0.9714502850644097,0.9462519970268374,0.997319592790204,0.030762735160529193,False,0.984411794141962,0.9625736881206217,1.006745345738519,0.1698699530427612,False
gte-large-en-v1.5,hyperchol,EM_239.1,Hypercholesterolemia,C,24,Depression:4; Generalized anxiety:1,1.0362440256590937,0.9993637733367468,1.0744852969093317,0.05416143580465998,False,1.0497341025322564,1.0258768696313894,1.0741461462281956,3.5025363615105545e-05,True
gte-large-en-v1.5,hyperchol,EM_239.1,Hypercholesterolemia,C,25,Psychosis:4,1.0071645000698555,0.9794203743398544,1.0356945360511527,0.6164336493225053,False,1.0401829816738664,1.015187928320253,1.065793440978163,0.0015003178275312032,True
gte-large-en-v1.5,hyperchol,EM_239.1,Hypercholesterolemia,C,26,Panic & phobia:2; Perceived stress:2,1.029452510673344,1.0024139763581041,1.0572203667609843,0.03255643555983898,False,1.0089808041506383,0.9864533266590587,1.0320227380573552,0.4377119704278679,False
gte-large-en-v1.5,asthma,RE_475,Asthma,C,0,Daily spiritual experience:5,1.0766805525577139,1.043320988219913,1.111106769004859,4.207059936006367e-06,True,0.9550998542030602,0.932463699201232,0.978285516401475,0.0001741122982234515,True
gte-large-en-v1.5,asthma,RE_475,Asthma,C,1,Open-mindedness:2; Conscientiousness:1,1.0277281788692878,0.9990666584468781,1.057211949484894,0.05805820012581411,False,1.0942265933485236,1.0687741191422548,1.1202852091441309,6.435319368758019e-14,True
gte-large-en-v1.5,asthma,RE_475,Asthma,C,2,Everyday discrimination:4,0.9645039647551323,0.9350460112168004,0.9948899699788967,0.0223902252223448,False,1.0048260510878253,0.9812764043949843,1.028940865613984,0.6907126054149875,False
gte-large-en-v1.5,asthma,RE_475,Asthma,C,3,Childhood adversity:7,0.9855771730720367,0.9489046957844457,1.0236669376766614,0.4527028177782044,False,1.1112868021183704,1.0860141227009381,1.137147603100325,2.469219511823107e-19,True
gte-large-en-v1.5,asthma,RE_475,Asthma,C,4,Suicidality & self-harm:4,1.0582083190873004,1.0264706590480084,1.0909272824457776,0.00027096529888478126,True,0.9523214440037596,0.9303852359996672,0.9747748541333585,3.97839626822191e-05,True
gte-large-en-v1.5,asthma,RE_475,Asthma,C,5,Subjective wellbeing:2; Self-rated health:2,1.0997097176506132,1.049788262181728,1.1520051296647473,6.076525012597899e-05,True,1.1971071194212908,1.1699975124989996,1.2248448736512725,1.803556426787141e-53,True
gte-large-en-v1.5,asthma,RE_475,Asthma,C,6,Neighborhood disorder & safety:2; Childhood adversity:2,0.9958449126558558,0.964876739245393,1.0278070241781758,0.7961561452205576,False,1.0440326602670122,1.0198075064153527,1.0688332737769357,0.00032138104919452235,True
gte-large-en-v1.5,asthma,RE_475,Asthma,C,7,Perceived social support:4,1.0816149788155534,1.0391781551989765,1.1257847911306076,0.0001221223018565441,True,1.1816244640903812,1.1549774403332715,1.2088862737734456,1.2207241607325465e-46,True
gte-large-en-v1.5,asthma,RE_475,Asthma,C,8,Everyday discrimination:2,1.0035220013029214,0.9743996036111389,1.0335147955385606,0.8149939129874619,False,1.052454371443096,1.0278243622483823,1.077674595634859,2.322067258728128e-05,True
gte-large-en-v1.5,asthma,RE_475,Asthma,C,9,Childhood adversity:3; Interpersonal & sexual violence:1,1.012820264763763,0.9833272026014344,1.0431979162198786,0.39818643840325385,False,1.0684034996326843,1.0443544147150965,1.0930063797726837,1.2253781503669423e-08,True
gte-large-en-v1.5,asthma,RE_475,Asthma,C,10,Depression:2,0.9513735114257008,0.9199882488929919,0.9838294775303654,0.0035858020801131994,False,0.859958733188544,0.8395038916733162,0.8809119649382461,1.1124551948874151e-34,True
gte-large-en-v1.5,asthma,RE_475,Asthma,C,11,Perceived stress:2,1.1375388367946782,1.1038239410867163,1.172283511030074,4.661443142631871e-17,True,1.0293711615164751,1.005332359893229,1.0539847620883427,0.016346875097058223,False
gte-large-en-v1.5,asthma,RE_475,Asthma,C,12,Loneliness:6,1.1715828409165767,1.1370218539734314,1.2071943457669283,3.5655863913188936e-25,True,1.141837624791025,1.1150487118860752,1.1692701381476671,6.6278712212099585e-28,True
gte-large-en-v1.5,asthma,RE_475,Asthma,C,13,Food insecurity:2,1.0038700077834322,0.978915865951297,1.0294602708760734,0.7636074949785232,False,0.9602376916162344,0.9380420085364217,0.9829585626331502,0.0006726342966868573,True
gte-large-en-v1.5,asthma,RE_475,Asthma,C,14,Substance use:5,0.9186751635139153,0.8944693491144534,0.9435360271348193,4.781474607117701e-10,True,0.9233715076816593,0.9011252761291966,0.9461669357014675,1.4818792246252593e-10,True
gte-large-en-v1.5,asthma,RE_475,Asthma,C,15,Neighborhood disorder & safety:10; Neighborhood social cohesion:4,1.1884752128375276,1.1404204241776428,1.2385549237665934,2.413046834812734e-16,True,1.2604357528433787,1.2314454646009934,1.2901085210140562,1.1881115509230786e-84,True
gte-large-en-v1.5,asthma,RE_475,Asthma,C,16,Healthcare discrimination:7; Everyday discrimination:2,1.0616695631985602,1.0311960473089221,1.0930436209134888,5.641304477280489e-05,True,0.9909050987413265,0.9676097945596424,1.0147612397396368,0.45161495927534934,False
gte-large-en-v1.5,asthma,RE_475,Asthma,C,17,Open-mindedness:3; Agreeableness:3; Extraversion:3; Conscientiousness:2; Negative emotionality:1,1.0190890396107286,0.9826894068679941,1.0568369450167747,0.30821790109674274,False,1.1948654108382364,1.1672618725565407,1.2231217206561085,2.125636195685172e-50,True
gte-large-en-v1.5,asthma,RE_475,Asthma,C,18,Generalized anxiety:3; Loneliness:1; Negative emotionality:1; Extraversion:1; Perceived social support:1,0.9885794006572114,0.9579384334536104,1.0202004609841118,0.4745959924930008,False,1.0630609914391889,1.038412785594853,1.0882942575406522,3.2356651038714067e-07,True
gte-large-en-v1.5,asthma,RE_475,Asthma,C,19,Depression:5; Generalized anxiety:2; Adult ADHD:1,0.8748065581648108,0.8412354303681334,0.9097174067826234,2.0948382275039786e-11,True,1.011146245927558,0.9876528905607479,1.0351984390719582,0.3554091695664954,False
gte-large-en-v1.5,asthma,RE_475,Asthma,C,20,Interpersonal & sexual violence:3,0.9729115909328756,0.9466568280568608,0.9998945084613959,0.04912302176221385,False,1.046538851979377,1.0227314106793837,1.0709004898703172,0.00010688960729108393,True
gte-large-en-v1.5,asthma,RE_475,Asthma,C,21,Body-focused repetitive behavior:2; Perceived stress:1; Generalized anxiety:1; Panic & phobia:1,1.0324034438432739,1.0033838138909252,1.062262372686947,0.02836613459905764,False,0.9504459660545094,0.9282744815492088,0.9731470080720971,2.4407674325182358e-05,True
gte-large-en-v1.5,asthma,RE_475,Asthma,C,22,Healthcare discrimination:4; Everyday discrimination:2,0.9495091652750088,0.921345977846955,0.9785332292306417,0.0007447630405025673,True,0.9036054059680294,0.8826243249112491,0.9250852334901933,2.7578510604196453e-17,True
gte-large-en-v1.5,asthma,RE_475,Asthma,C,23,Adult ADHD:3; Conscientiousness:2,0.9711603089294583,0.9446724387951742,0.9983908780517065,0.038069611211479636,False,0.9695778841105966,0.9469009939045272,0.992797852582217,0.010510034507953469,False
gte-large-en-v1.5,asthma,RE_475,Asthma,C,24,Depression:4; Generalized anxiety:1,1.0552255645378257,1.01703428687415,1.0948509862696105,0.004263031761388812,False,1.0662933556053968,1.0419152266932676,1.0912418698560171,5.3392521011371e-08,True
gte-large-en-v1.5,asthma,RE_475,Asthma,C,25,Psychosis:4,1.0336388784692456,1.0065550674484798,1.061451445266154,0.014595710300987611,False,0.9783447613002827,0.9555425086236456,1.001691147516178,0.06883029618353345,False
gte-large-en-v1.5,asthma,RE_475,Asthma,C,26,Panic & phobia:2; Perceived stress:2,1.0153211897497398,0.9875421557553238,1.0438816331504943,0.2827043881439468,False,1.1144475733917014,1.0886484169416883,1.1408581269311457,1.217110730729783e-19,True
gte-large-en-v1.5,breast,CA_105,Breast cancer,C,0,Daily spiritual experience:5,0.9191147612898952,0.8631653608828636,0.9786907384199601,0.008484496053208583,False,0.9933458563607221,0.9469080256471466,1.0420610699488477,0.7846113543421638,False
gte-large-en-v1.5,breast,CA_105,Breast cancer,C,1,Open-mindedness:2; Conscientiousness:1,0.9848980439915025,0.9290178754569821,1.0441393892244912,0.6096209995917283,False,1.013053088742822,0.9656197391441411,1.0628164680239378,0.5960752444031833,False
gte-large-en-v1.5,breast,CA_105,Breast cancer,C,2,Everyday discrimination:4,0.9155090978628974,0.8551610541704149,0.9801158555832803,0.011172959476798807,False,0.9290039317798607,0.8828697906781189,0.97754880093875,0.004600947506773502,False
gte-large-en-v1.5,breast,CA_105,Breast cancer,C,3,Childhood adversity:7,0.6480565186942316,0.5972696928311213,0.7031618320215623,2.0565067856163655e-25,True,0.8965574497151623,0.8538228629025867,0.941430940262212,1.1755805651644602e-05,True
gte-large-en-v1.5,breast,CA_105,Breast cancer,C,4,Suicidality & self-harm:4,1.032971732112451,0.9666898062424455,1.103798335777409,0.3376919672383618,False,1.0352507052264388,0.9850736212670634,1.0879836791216624,0.17172470272611906,False
gte-large-en-v1.5,breast,CA_105,Breast cancer,C,5,Subjective wellbeing:2; Self-rated health:2,0.7531285626388551,0.683230042431131,0.8301781195747719,1.1637137532307107e-08,True,0.8853500038729785,0.8395307414544295,0.9336699547177102,7.077915878550129e-06,True
gte-large-en-v1.5,breast,CA_105,Breast cancer,C,6,Neighborhood disorder & safety:2; Childhood adversity:2,1.2251803575250535,1.145964975074164,1.3098715415521953,2.599032784641845e-09,True,1.0133422654024506,0.9646517351185383,1.064490436773835,0.5978154896646489,False
gte-large-en-v1.5,breast,CA_105,Breast cancer,C,7,Perceived social support:4,0.9614230861134256,0.8851292512977003,1.044293078278324,0.35103789364260696,False,0.9139011560355755,0.8694075125936304,0.9606718493972219,0.000406920206200287,True
gte-large-en-v1.5,breast,CA_105,Breast cancer,C,8,Everyday discrimination:2,0.9618115431946951,0.9025715445210953,1.0249397404982552,0.22995646817818727,False,0.9763712001540447,0.9294621146993696,1.0256477433710038,0.3411578917391438,False
gte-large-en-v1.5,breast,CA_105,Breast cancer,C,9,Childhood adversity:3; Interpersonal & sexual violence:1,1.1300231107915404,1.061072330099811,1.2034544627159132,0.00014156012127829098,True,1.0000583439197968,0.955349787082107,1.0468591763632769,0.9980051432587397,False
gte-large-en-v1.5,breast,CA_105,Breast cancer,C,10,Depression:2,1.0304204601455518,0.9647475046829924,1.1005639501865907,0.3724683231021949,False,1.0163862973820512,0.9710356398685602,1.0638549844018377,0.4852370741597438,False
gte-large-en-v1.5,breast,CA_105,Breast cancer,C,11,Perceived stress:2,0.9791513843619531,0.9199427536702399,1.0421707542919518,0.5079467205939013,False,0.9784274138446898,0.9334567573158374,1.0255645981026373,0.36364205945596706,False
gte-large-en-v1.5,breast,CA_105,Breast cancer,C,12,Loneliness:6,1.4154839441777272,1.3300569935190063,1.5063977002398312,7.393743934216132e-28,True,1.1805256018066146,1.1251349203301768,1.2386431807768428,1.300745067329678e-11,True
gte-large-en-v1.5,breast,CA_105,Breast cancer,C,13,Food insecurity:2,1.1202144582324018,1.0536338315298714,1.1910024098322973,0.00028223103400873997,True,1.0199890841214236,0.9664657216283604,1.0764765976117276,0.4717252278972812,False
gte-large-en-v1.5,breast,CA_105,Breast cancer,C,14,Substance use:5,0.9364838713052873,0.8783433132027615,0.9984729524689694,0.044782093473119546,False,0.9731896469387455,0.920393932608778,1.0290138334835515,0.33960172721901805,False
gte-large-en-v1.5,breast,CA_105,Breast cancer,C,15,Neighborhood disorder & safety:10; Neighborhood social cohesion:4,1.1731235447117858,1.079095876034559,1.275344370895428,0.00017982566487809062,True,0.9660777575643097,0.9196832634273056,1.0148126760319764,0.16932295996687918,False
gte-large-en-v1.5,breast,CA_105,Breast cancer,C,16,Healthcare discrimination:7; Everyday discrimination:2,0.9742573908175453,0.9139348231260604,1.0385614373637775,0.4238707917187019,False,0.9727549271828456,0.9255212073476564,1.022399206896898,0.27672867210290153,False
gte-large-en-v1.5,breast,CA_105,Breast cancer,C,17,Open-mindedness:3; Agreeableness:3; Extraversion:3; Conscientiousness:2; Negative emotionality:1,1.0303205547855065,0.9570123230020744,1.109244280453443,0.4276708997987837,False,0.9308995253864841,0.8859097237966006,0.9781740769827484,0.004609942740352518,False
gte-large-en-v1.5,breast,CA_105,Breast cancer,C,18,Generalized anxiety:3; Loneliness:1; Negative emotionality:1; Extraversion:1; Perceived social support:1,0.8845784949762966,0.829068530147003,0.9438051081685465,0.00020803657915109678,True,0.9896558109248755,0.9435339377260666,1.0380322158393043,0.6693594521188053,False
gte-large-en-v1.5,breast,CA_105,Breast cancer,C,19,Depression:5; Generalized anxiety:2; Adult ADHD:1,0.7443649557448231,0.6844535157695972,0.809520551177223,5.357785433969369e-12,True,0.9346085536430876,0.8889759378171577,0.9825835676583656,0.008099394382624341,False
gte-large-en-v1.5,breast,CA_105,Breast cancer,C,20,Interpersonal & sexual violence:3,0.8422691699498047,0.795738067493455,0.8915211972735841,3.216729227015963e-09,True,0.8956717627368668,0.8527352870121645,0.9407701531562421,1.102792741557853e-05,True
gte-large-en-v1.5,breast,CA_105,Breast cancer,C,21,Body-focused repetitive behavior:2; Perceived stress:1; Generalized anxiety:1; Panic & phobia:1,0.9765784183945553,0.9178253776951263,1.0390924357190776,0.45407372916393074,False,1.0010937682641978,0.952656816844736,1.051993451510407,0.9655400760412308,False
gte-large-en-v1.5,breast,CA_105,Breast cancer,C,22,Healthcare discrimination:4; Everyday discrimination:2,0.8419142792886024,0.7887942363608998,0.8986116036295909,2.2798370800082743e-07,True,1.007729438051575,0.9580549511147404,1.0599795127974043,0.7652908039249039,False
gte-large-en-v1.5,breast,CA_105,Breast cancer,C,23,Adult ADHD:3; Conscientiousness:2,1.021012908858837,0.9633490550946152,1.0821283879849741,0.4832448332653362,False,1.020382682910301,0.9720503157873676,1.0711182360347882,0.41507941795269465,False
gte-large-en-v1.5,breast,CA_105,Breast cancer,C,24,Depression:4; Generalized anxiety:1,1.1448226248951578,1.0577556412305427,1.2390563485410744,0.0008044963324188541,True,0.9673536705528659,0.9198169063935596,1.01734716705861,0.196700275975625,False
gte-large-en-v1.5,breast,CA_105,Breast cancer,C,25,Psychosis:4,1.0336137847728444,0.9685246516046317,1.103077195095046,0.3191278006389402,False,1.0273461723042925,0.9735332978536199,1.0841335987944574,0.3256970641080098,False
gte-large-en-v1.5,breast,CA_105,Breast cancer,C,26,Panic & phobia:2; Perceived stress:2,1.066136850797242,1.006627830216586,1.1291638781567357,0.028860337883761196,False,1.0036841974144846,0.9561738916995979,1.0535551920884787,0.8818435919421399,False
gte-large-en-v1.5,prostate,CA_107.2,Prostate cancer,C,0,Daily spiritual experience:5,0.9800557988022418,0.908050750153146,1.0577705801178041,0.604853301335708,False,1.0288882587247432,0.9698375236114803,1.0915344304266337,0.3449806078085663,False
gte-large-en-v1.5,prostate,CA_107.2,Prostate cancer,C,1,Open-mindedness:2; Conscientiousness:1,1.087083786759054,1.012489566371769,1.167173666459774,0.021324573648967546,False,1.0745731181182503,1.0112898270215205,1.1418164756816116,0.02020703606501411,False
gte-large-en-v1.5,prostate,CA_107.2,Prostate cancer,C,2,Everyday discrimination:4,0.985073890572511,0.9054608335436963,1.0716869619748548,0.7265191094127389,False,0.9889348022946017,0.9266400453355593,1.0554174170568118,0.7374848998972454,False
gte-large-en-v1.5,prostate,CA_107.2,Prostate cancer,C,3,Childhood adversity:7,0.7427602942458742,0.6690186868539271,0.8246299625838011,2.4850913708722126e-08,True,0.9504528936094379,0.8840640334089443,1.02182723064437,0.16897590747808833,False
gte-large-en-v1.5,prostate,CA_107.2,Prostate cancer,C,4,Suicidality & self-harm:4,1.0469372852274232,0.9507500970383571,1.1528557110998086,0.3508972121981496,False,1.0263517490096543,0.9517104142603962,1.1068471006632883,0.4995595350332932,False
gte-large-en-v1.5,prostate,CA_107.2,Prostate cancer,C,5,Subjective wellbeing:2; Self-rated health:2,0.8536090982628592,0.758888562088746,0.9601521607225411,0.008350225263876734,False,0.9500634710773337,0.8869638981664634,1.017652015985559,0.1440332040844228,False
gte-large-en-v1.5,prostate,CA_107.2,Prostate cancer,C,6,Neighborhood disorder & safety:2; Childhood adversity:2,1.3301049613409646,1.220474397900249,1.4495832204490426,8.046489559501831e-11,True,1.1111921900775257,1.04144669832863,1.1856085244409325,0.0014332838632050997,True
gte-large-en-v1.5,prostate,CA_107.2,Prostate cancer,C,7,Perceived social support:4,0.8654528475276957,0.7849793206712953,0.954176258622027,0.003708215434309728,False,0.9586572077405718,0.901508845027818,1.0194283140112634,0.1781824432419129,False
gte-large-en-v1.5,prostate,CA_107.2,Prostate cancer,C,8,Everyday discrimination:2,1.0313366076929305,0.9503720190672484,1.119198773772292,0.4594821674819253,False,0.9958508519438003,0.9331734736024052,1.0627380089243,0.9002397951905722,False
gte-large-en-v1.5,prostate,CA_107.2,Prostate cancer,C,9,Childhood adversity:3; Interpersonal & sexual violence:1,1.080053308687709,0.9849734115346824,1.1843113082511803,0.10143477449506028,False,1.0367827011559398,0.9634588637053403,1.1156868340825759,0.33442290077456316,False
gte-large-en-v1.5,prostate,CA_107.2,Prostate cancer,C,10,Depression:2,0.9899595821383523,0.9111269114728574,1.075613025943133,0.8116136111128267,False,0.9991768964759677,0.9449850088129195,1.0564765167073598,0.9769103993043425,False
gte-large-en-v1.5,prostate,CA_107.2,Prostate cancer,C,11,Perceived stress:2,0.9981552896562382,0.9211801961986242,1.0815625285694963,0.9640327094013843,False,1.0411230074103328,0.976795818615079,1.1096864829908508,0.21554288599290883,False
gte-large-en-v1.5,prostate,CA_107.2,Prostate cancer,C,12,Loneliness:6,1.3014458921869467,1.2063737235796541,1.4040105293941627,9.9244340665023e-12,True,1.1263087794816649,1.0591158241260696,1.1977646238873263,0.0001506320137941957,True
gte-large-en-v1.5,prostate,CA_107.2,Prostate cancer,C,13,Food insecurity:2,1.1271670114707766,1.0249816214553105,1.2395397587168897,0.01355453883428323,False,1.1133284639611434,1.0206363628112192,1.214438671626421,0.015498466231806458,False
gte-large-en-v1.5,prostate,CA_107.2,Prostate cancer,C,14,Substance use:5,0.8683933684685655,0.8061826944617495,0.9354046515519213,0.00019872010818735547,True,0.8959593618497352,0.8389795725028124,0.9568089669829165,0.001049464771805175,True
gte-large-en-v1.5,prostate,CA_107.2,Prostate cancer,C,15,Neighborhood disorder & safety:10; Neighborhood social cohesion:4,1.1453088795123636,1.0326697645507348,1.270234177971249,0.010211694580023353,False,1.0035588713650392,0.9399760526309924,1.0714426239652741,0.9152815778021395,False
gte-large-en-v1.5,prostate,CA_107.2,Prostate cancer,C,16,Healthcare discrimination:7; Everyday discrimination:2,1.0954287143457413,1.0155498132073981,1.1815905557831106,0.01830517270606677,False,1.0509330265982482,0.9870590163083905,1.1189404160712142,0.12046586472541498,False
gte-large-en-v1.5,prostate,CA_107.2,Prostate cancer,C,17,Open-mindedness:3; Agreeableness:3; Extraversion:3; Conscientiousness:2; Negative emotionality:1,0.9618755449366367,0.8775436536121045,1.0543117258484724,0.40638622724445883,False,0.9429251003220659,0.8838163181613828,1.0059870207726,0.07519971559992429,False
gte-large-en-v1.5,prostate,CA_107.2,Prostate cancer,C,18,Generalized anxiety:3; Loneliness:1; Negative emotionality:1; Extraversion:1; Perceived social support:1,0.9746705297158341,0.8973936826010575,1.0586018822230399,0.5427004782852524,False,1.000373468832094,0.9386922857730614,1.066107703568683,0.9908248079741659,False
gte-large-en-v1.5,prostate,CA_107.2,Prostate cancer,C,19,Depression:5; Generalized anxiety:2; Adult ADHD:1,0.8138364566086014,0.7295471603240323,0.9078642397992016,0.00022187341942702017,True,0.9166434606912026,0.8547647943809655,0.9830016860210723,0.014657216832269353,False
gte-large-en-v1.5,prostate,CA_107.2,Prostate cancer,C,20,Interpersonal & sexual violence:3,0.946327458503974,0.8815660553486677,1.0158463489890133,0.1271912709115058,False,0.9837577527280645,0.9237856007335251,1.0476232962324956,0.6098648885641276,False
gte-large-en-v1.5,prostate,CA_107.2,Prostate cancer,C,21,Body-focused repetitive behavior:2; Perceived stress:1; Generalized anxiety:1; Panic & phobia:1,0.9919841362941801,0.9145434380334746,1.0759822723951276,0.8461241167400249,False,0.9836770121932039,0.9212822824776199,1.0502974850608335,0.6225560155736953,False
gte-large-en-v1.5,prostate,CA_107.2,Prostate cancer,C,22,Healthcare discrimination:4; Everyday discrimination:2,0.8086043809276755,0.7462589473449068,0.8761583994157947,2.1093005470237796e-07,True,0.9239939073186547,0.8676593829973963,0.9839860635317497,0.01378003459049259,False
gte-large-en-v1.5,prostate,CA_107.2,Prostate cancer,C,23,Adult ADHD:3; Conscientiousness:2,0.9625409542642326,0.8956150801683952,1.0344679418101135,0.2991123873702527,False,0.9517896873693471,0.894763784159699,1.0124500175578768,0.11700847606565877,False
gte-large-en-v1.5,prostate,CA_107.2,Prostate cancer,C,24,Depression:4; Generalized anxiety:1,1.1168623637715516,1.0013399782282664,1.245712312232303,0.04725563639451232,False,0.9713143369910012,0.904002485178717,1.0436382163902485,0.42702112461577446,False
gte-large-en-v1.5,prostate,CA_107.2,Prostate cancer,C,25,Psychosis:4,0.9451104917824513,0.8720678682608116,1.0242710162669646,0.16894212742286485,False,0.9208669833395913,0.8597234934151289,0.9863589950722597,0.018683621739659432,False
gte-large-en-v1.5,prostate,CA_107.2,Prostate cancer,C,26,Panic & phobia:2; Perceived stress:2,1.083163483196676,1.006242281900762,1.165964850050362,0.03354181781819059,False,1.0680619329859773,1.003157012895467,1.137166244196524,0.03954170297964164,False
