encoder,condition,phecode,label,list,group,construct_profile,or_before,p_before,passes_before,or_after,or_after_lo,or_after_hi,p_after,passes_after,share_kept,or_alone_after,or_alone_after_lo,or_alone_after_hi,p_alone_after,passes_alone_after
all-mpnet-base-v2,gad,MB_288.3,Generalized anxiety disorder,A,0,Psychosis:4,0.9066185069791728,3.595489099546968e-09,True,0.9066266989094447,0.8774654422241032,0.9367570865149886,4.188150905110017e-09,True,0.9999078309573101,0.9382624935679242,0.9125875265564152,0.9646598065592535,6.745008931425599e-06,True
all-mpnet-base-v2,gad,MB_288.3,Generalized anxiety disorder,A,1,Depression:2; Open-mindedness:2; Neighborhood disorder & safety:1; Perceived stress:1,0.9277851585476534,3.2127628255162574e-05,True,0.9275624842506365,0.8952565242883742,0.9610342274501814,3.2187183938428645e-05,True,1.003202386161551,0.8173572696363371,0.7948570118324376,0.8404944490421167,1.6030703912924473e-45,True
all-mpnet-base-v2,gad,MB_288.3,Generalized anxiety disorder,A,2,Panic & phobia:2; Everyday discrimination:1,1.2288068194240789,4.691003988720993e-40,True,1.229116325245762,1.1921807869758065,1.2671961815605937,4.39991623569567e-40,True,1.0012222817358016,1.3597864085863383,1.3237950807198025,1.3967562683272272,1.1468609154079858e-111,True
all-mpnet-base-v2,gad,MB_288.3,Generalized anxiety disorder,A,3,Suicidality & self-harm:4,1.044611067210228,0.009099124097451493,False,1.043950049017353,1.0100755540313147,1.078960579229647,0.010599612685445552,False,0.9854967477055396,0.8330484224544952,0.8117718878976486,0.8548826148084369,1.5100512708322242e-43,True
all-mpnet-base-v2,gad,MB_288.3,Generalized anxiety disorder,A,4,Neighborhood disorder & safety:12; Neighborhood social cohesion:3,0.749552156938901,1.8144231065147294e-36,True,0.7496099703521083,0.7166367104751953,0.7841003669469959,3.6367034409466276e-36,True,0.9997324552507261,0.5741935593614553,0.557802959513261,0.5910657840536949,1.627061442739841e-308,True
all-mpnet-base-v2,gad,MB_288.3,Generalized anxiety disorder,A,5,Everyday discrimination:2,1.0160002564116444,0.44255386038509503,False,1.013575580572241,0.9732321994718531,1.0555913152995378,0.5152515748666722,False,0.8494769085392477,0.9838693376246163,0.9567845321359116,1.0117208640036799,0.2535361523086772,False
all-mpnet-base-v2,gad,MB_288.3,Generalized anxiety disorder,A,6,Healthcare discrimination:7; Everyday discrimination:2,0.9419740460942878,0.0008717257532821914,True,0.9427509135828934,0.9100221274834429,0.9766567847302712,0.001074768455080125,True,0.9862091566594516,0.778496320296555,0.7564971734376986,0.8011352084254525,1.0498766975593906e-65,True
all-mpnet-base-v2,gad,MB_288.3,Generalized anxiety disorder,A,7,Loneliness:6; Perceived social support:1,1.0586423261592088,0.0009240933557455901,True,1.0617979274518754,1.0264247339694057,1.0983901706861077,0.0005229790652386266,True,1.052228626382446,1.1680096460458578,1.135961241761078,1.2009622186943472,7.382988030164317e-28,True
all-mpnet-base-v2,gad,MB_288.3,Generalized anxiety disorder,A,8,Childhood adversity:5,0.9549053919730233,0.020420914621095215,False,0.9550689871120883,0.9184973661088925,0.9930967728383986,0.021016110803010097,False,0.9962874959591766,0.9504288626690036,0.9246632791900069,0.9769123997068294,0.00028814410955258933,True
all-mpnet-base-v2,gad,MB_288.3,Generalized anxiety disorder,A,9,Adult ADHD:4; Conscientiousness:2,1.0174238503467776,0.29452685443479787,False,1.0144787089988425,0.9819509457948711,1.0480839754972346,0.387292390478421,False,0.8321791990007911,1.086776187661316,1.0563504676164275,1.1180782498564934,9.256217815275116e-09,True
all-mpnet-base-v2,gad,MB_288.3,Generalized anxiety disorder,A,10,Subjective wellbeing:2; Self-rated health:2,1.2630059356891083,7.206503044784182e-21,True,1.258048882065002,1.1975185937233868,1.321638760316889,7.206545482310775e-20,True,0.9831579424076922,1.4972018958231303,1.4542788261516966,1.541391840784837,7.486135292515886e-163,True
all-mpnet-base-v2,gad,MB_288.3,Generalized anxiety disorder,A,11,Childhood adversity:4,0.9630843726936434,0.08009257580038494,False,0.9639981669974643,0.9241307562844735,1.0055854754913152,0.08885105751627356,False,0.9747869331465298,0.9336502028223781,0.9078406993786199,0.9601934588600322,1.5866067746263912e-06,True
all-mpnet-base-v2,gad,MB_288.3,Generalized anxiety disorder,A,12,Interpersonal & sexual violence:4; Generalized anxiety:1; Depression:1,0.8835846007486894,1.2976292130920207e-06,True,0.8817239287738884,0.8385475197525736,0.9271234703572385,8.930848722375351e-07,True,1.0170321766987107,0.7974117514339405,0.7759765312359308,0.8194390883345073,1.2946860873976662e-59,True
all-mpnet-base-v2,gad,MB_288.3,Generalized anxiety disorder,A,13,Perceived social support:5,0.8640511119913045,1.5449323403599744e-09,True,0.869837474743833,0.8289161270006553,0.9127789987709218,1.4121112000749082e-08,True,0.954323118793338,0.7588414034709885,0.7371635566249233,0.7811567330570213,1.0117297789308387e-77,True
all-mpnet-base-v2,gad,MB_288.3,Generalized anxiety disorder,A,14,Food insecurity:2; Perceived social support:1,1.0136008520494328,0.37413631698535876,False,1.0130378703370526,0.9826107244192369,1.0444072115573377,0.405111814994915,False,0.9588737957860758,1.0858323643893106,1.0575080928187612,1.1149152725749838,1.0202046780270285e-09,True
all-mpnet-base-v2,gad,MB_288.3,Generalized anxiety disorder,A,15,Perceived stress:4; Depression:1,0.9002927551538712,1.5425443081580737e-10,True,0.9025943480282674,0.873983217499343,0.9321421061419701,4.5007971523460303e-10,True,0.9756916777249053,0.9133105916093052,0.8883887161009388,0.9389315978783372,1.3281069352386905e-10,True
all-mpnet-base-v2,gad,MB_288.3,Generalized anxiety disorder,A,16,Everyday discrimination:4,0.8948799164124273,3.8000135396798446e-10,True,0.8962973340937587,0.8655869486565635,0.9280973013172377,7.517723151321195e-10,True,0.9857501842834401,0.8548023593372325,0.8315666247875076,0.87868734957372,6.579116597038589e-29,True
all-mpnet-base-v2,gad,MB_288.3,Generalized anxiety disorder,A,17,Perceived stress:2; Mania:1; Generalized anxiety:1; Body-focused repetitive behavior:1,1.0399796453878338,0.02370940417253375,False,1.0400938380874194,1.0052527145871797,1.0761425225015908,0.023738732590835185,False,1.0028008570773075,1.3195599652234788,1.2843567918895846,1.3557280288593532,7.461684839354725e-90,True
all-mpnet-base-v2,gad,MB_288.3,Generalized anxiety disorder,A,18,Depression:2; Perceived social support:2; Generalized anxiety:2; Adult ADHD:1,0.7959764731253426,1.439855542171994e-32,True,0.7950487818788884,0.7655773589507938,0.8256547273464124,1.1759416510804832e-32,True,1.005110555404621,1.067620688364177,1.038165332634571,1.0979117664531066,4.564234008240029e-06,True
all-mpnet-base-v2,gad,MB_288.3,Generalized anxiety disorder,A,19,Daily spiritual experience:6; Religious participation:1,0.9276057971779591,0.0003918125823721523,True,0.9325899301024201,0.894280419583167,0.9725405573945405,0.0011103169300185852,True,0.9286913635910699,1.3119356912671205,1.2737160157117704,1.3513022029943782,1.9883982896508043e-72,True
all-mpnet-base-v2,gad,MB_288.3,Generalized anxiety disorder,A,20,Substance use:5,0.989846717336731,0.5234502054700689,False,0.9885802911354008,0.9579867547182092,1.0201508394641874,0.4739346751087882,False,1.12544960297468,0.8923958373616054,0.8683473979343704,0.9171102860844992,3.13529831148093e-16,True
all-mpnet-base-v2,gad,MB_288.3,Generalized anxiety disorder,A,21,Depression:2; Mania:1,1.2023964051677025,1.574030444254722e-17,True,1.1993409640272552,1.1495051227250284,1.2513373968998904,4.6800915962348205e-17,True,0.9861957041879802,1.4750850380658045,1.4314018091587217,1.5201013828565886,1.052899412325066e-141,True
all-mpnet-base-v2,gad,MB_288.3,Generalized anxiety disorder,A,22,Open-mindedness:2; Extraversion:2; Agreeableness:1; Conscientiousness:1,0.9953368364496467,0.8735655352868884,False,0.9983784372289368,0.9420644609162909,1.0580587054034547,0.9563092223528027,False,0.34720894664989166,0.6209221497656686,0.6022421435842015,0.6401815618134588,2.4471241078470168e-205,True
all-mpnet-base-v2,adhd,MB_304,Attention-deficit hyperactivity disorder,A,0,Psychosis:4,0.8363366241762888,2.49332530278459e-13,True,0.8392607117787921,0.79988069869705,0.8805794957708017,8.902089039299363e-13,True,0.9804715367411398,0.9006054092154617,0.8647745876371536,0.9379208347510676,4.3260352722386e-07,True
all-mpnet-base-v2,adhd,MB_304,Attention-deficit hyperactivity disorder,A,1,Depression:2; Open-mindedness:2; Neighborhood disorder & safety:1; Perceived stress:1,0.8769780990276468,7.028647743186113e-07,True,0.8795798544504384,0.8349829774630502,0.9265586739333146,1.3437108231045693e-06,True,0.9774338209418411,0.8161122430828622,0.78331372816929,0.8502840807684608,2.746065791620158e-22,True
all-mpnet-base-v2,adhd,MB_304,Attention-deficit hyperactivity disorder,A,2,Panic & phobia:2; Everyday discrimination:1,1.085388561081856,0.0003434641184513301,True,1.0924313286054173,1.0444190098174455,1.1426507910146075,0.0001156341540193886,True,1.0789345817076883,1.1924694168792271,1.147253983750634,1.2394668751059794,4.447751612915098e-19,True
all-mpnet-base-v2,adhd,MB_304,Attention-deficit hyperactivity disorder,A,3,Suicidality & self-harm:4,0.9061312921680147,4.251595205197018e-05,True,0.9134054726734304,0.8710713553228905,0.9577970305320271,0.00018341837851611187,True,0.9188840834310227,0.7770524348031247,0.7491488621024974,0.8059953328085706,1.2060664181177856e-41,True
all-mpnet-base-v2,adhd,MB_304,Attention-deficit hyperactivity disorder,A,4,Neighborhood disorder & safety:12; Neighborhood social cohesion:3,0.819477173287441,2.2486686522641516e-09,True,0.8243036048219199,0.7719460351378296,0.8802123490421095,7.894900483581866e-09,True,0.9705037498696272,0.618026714537347,0.5928866717622141,0.6442327650013643,3.432910305366881e-114,True
all-mpnet-base-v2,adhd,MB_304,Attention-deficit hyperactivity disorder,A,5,Everyday discrimination:2,1.1070348202852136,0.0006711942622145293,True,1.116859500399545,1.0531031069198327,1.1844757986529018,0.0002284906166328357,True,1.0868919893926756,0.9653134313373639,0.9277069310688556,1.0044443881072544,0.08164200881566996,False
all-mpnet-base-v2,adhd,MB_304,Attention-deficit hyperactivity disorder,A,6,Healthcare discrimination:7; Everyday discrimination:2,1.0915093662974704,0.0006164396686555024,True,1.0841597656707325,1.0308543368657186,1.1402216156678284,0.0016820689210406408,True,0.9228404912737193,0.9250082646941463,0.8890349054126935,0.9624372277658597,0.00011727529740091957,True
all-mpnet-base-v2,adhd,MB_304,Attention-deficit hyperactivity disorder,A,7,Loneliness:6; Perceived social support:1,1.0030965225750976,0.9027521639946404,False,1.0019724958464795,0.9532199792900481,1.053218463990398,0.9382815590495669,False,0.6373608917488496,1.1681019351785396,1.121754856914631,1.2163639163736544,5.389483796908834e-14,True
all-mpnet-base-v2,adhd,MB_304,Attention-deficit hyperactivity disorder,A,8,Childhood adversity:5,0.8517298701829212,3.425725277735814e-08,True,0.849040278252106,0.8019401579845863,0.8989067163141979,1.910109134143954e-08,True,1.019707628304629,0.8646439986289157,0.8310116135740174,0.8996375407434802,6.728446602491244e-13,True
all-mpnet-base-v2,adhd,MB_304,Attention-deficit hyperactivity disorder,A,9,Adult ADHD:4; Conscientiousness:2,0.6171242388182111,8.234736103370604e-91,True,0.6193358352196078,0.5907548657074362,0.6492995640887886,6.672925301234451e-88,True,0.9925887321560364,0.7104181433601088,0.681320861229501,0.740758087906572,8.737814205745901e-58,True
all-mpnet-base-v2,adhd,MB_304,Attention-deficit hyperactivity disorder,A,10,Subjective wellbeing:2; Self-rated health:2,1.2497814074017257,8.583660602641889e-10,True,1.2237932798193252,1.1388562196788636,1.3150650326634352,3.736865769061417e-08,True,0.9057563472377115,1.4946705810934868,1.4341398299665478,1.5577561541111733,6.038060357816364e-81,True
all-mpnet-base-v2,adhd,MB_304,Attention-deficit hyperactivity disorder,A,11,Childhood adversity:4,1.052758935067116,0.09748230607482954,False,1.0587443230589504,0.9961340479622889,1.1252898582299948,0.0664434251363637,False,1.110267617639902,1.1088214738891826,1.066583183361183,1.1527324639445697,1.8580813235091005e-07,True
all-mpnet-base-v2,adhd,MB_304,Attention-deficit hyperactivity disorder,A,12,Interpersonal & sexual violence:4; Generalized anxiety:1; Depression:1,0.9390202246330578,0.09291693072118995,False,0.9306039847758236,0.8646058304546108,1.001639991283988,0.055326510286509006,False,1.1430935295153595,0.8795512901348221,0.8457688463648984,0.9146831020116148,1.339156968675127e-10,True
all-mpnet-base-v2,adhd,MB_304,Attention-deficit hyperactivity disorder,A,13,Perceived social support:5,0.848743662539028,3.7696444351377697e-06,True,0.8808378044794931,0.8207747883134131,0.9452961382921835,0.00042960192112426144,True,0.7736784721563303,0.7428984817448283,0.7119362884774152,0.775207224454157,1.2851540087702003e-42,True
all-mpnet-base-v2,adhd,MB_304,Attention-deficit hyperactivity disorder,A,14,Food insecurity:2; Perceived social support:1,0.8740760344921084,1.7042823697855053e-09,True,0.8649643327344622,0.8273144470027973,0.9043276103943627,1.6712773027938448e-10,True,1.0778606007160836,0.9132049525386939,0.878505517273267,0.9492749549594379,4.352733477086775e-06,True
all-mpnet-base-v2,adhd,MB_304,Attention-deficit hyperactivity disorder,A,15,Perceived stress:4; Depression:1,1.0047859755420063,0.8422411277386945,False,1.0002362962590174,0.9541999092412573,1.0484937576125886,0.9921585453210984,False,0.04948485020950439,1.0024438961103364,0.9626543381846694,1.0438780827018912,0.9059719206561473,False
all-mpnet-base-v2,adhd,MB_304,Attention-deficit hyperactivity disorder,A,16,Everyday discrimination:4,1.1458845893398857,6.469822076209789e-08,True,1.158415937219865,1.102445980129296,1.2172274268237575,5.884384585355102e-09,True,1.0798710663007585,1.0050485393898763,0.9668115794948866,1.0447977537230833,0.7991362867416201,False
all-mpnet-base-v2,adhd,MB_304,Attention-deficit hyperactivity disorder,A,17,Perceived stress:2; Mania:1; Generalized anxiety:1; Body-focused repetitive behavior:1,0.9424314636415914,0.017333017617386624,False,0.9499034394245792,0.9045000402139035,0.9975859636415916,0.03971664491778809,False,0.8668095693204219,1.3296651861359552,1.2785060529400032,1.3828714405820122,5.683516415489602e-46,True
all-mpnet-base-v2,adhd,MB_304,Attention-deficit hyperactivity disorder,A,18,Depression:2; Perceived social support:2; Generalized anxiety:2; Adult ADHD:1,1.033024984276504,0.2411412720967795,False,1.0363059952235736,0.9813598603359275,1.0943285527988749,0.19948434227755585,False,1.0975977882353607,1.3556176840248504,1.3036219847328574,1.4096872611560678,1.715157052348239e-52,True
all-mpnet-base-v2,adhd,MB_304,Attention-deficit hyperactivity disorder,A,19,Daily spiritual experience:6; Religious participation:1,0.838272391665038,3.118226148627237e-08,True,0.8432379244804118,0.7917210082129005,0.8981070224308425,1.1506634546801107e-07,True,0.9665212674755129,1.3849071040722134,1.3241955905469414,1.448402109629057,5.374814641761767e-46,True
all-mpnet-base-v2,adhd,MB_304,Attention-deficit hyperactivity disorder,A,20,Substance use:5,1.1843398296316292,2.242996107963463e-14,True,1.188380597161713,1.1378264949116736,1.2411808391050503,7.169134307090549e-15,True,1.0201318895067053,1.0853598600609606,1.0458310325397637,1.1263827417425187,1.509133967043744e-05,True
all-mpnet-base-v2,adhd,MB_304,Attention-deficit hyperactivity disorder,A,21,Depression:2; Mania:1,1.3995657211402874,1.946846012598281e-26,True,1.3926291556753958,1.308912728125936,1.4816999816435175,1.1818799046286116e-25,True,0.9852197749303326,1.4678296089720044,1.4030585360286296,1.5355907865920597,2.2628847784600034e-62,True
all-mpnet-base-v2,adhd,MB_304,Attention-deficit hyperactivity disorder,A,22,Open-mindedness:2; Extraversion:2; Agreeableness:1; Conscientiousness:1,0.8618703076982416,0.0005796034821779962,True,0.8572623815485532,0.7871293566079927,0.9336442411260396,0.000405265980681953,True,1.0360629165407649,0.6068054574737176,0.5803905324555637,0.6344225872569331,2.9673941788174185e-107,True
all-mpnet-base-v2,ptsd,MB_290.1,Posttraumatic stress disorder,B,0,Psychosis:4,0.9577844326086371,0.02623925166544006,False,0.9534623320660055,0.9177855739152206,0.9905259403790998,0.01431763636316294,False,1.1048585285865529,1.1894773777479042,1.1526351222209772,1.2274972407987943,3.1265467222043376e-27,True
all-mpnet-base-v2,ptsd,MB_290.1,Posttraumatic stress disorder,B,1,Depression:2; Open-mindedness:2; Neighborhood disorder & safety:1; Perceived stress:1,1.0080072207499224,0.7494132175524713,False,0.9999452531175054,0.9520323111628095,1.0502695102973643,0.9982563318420339,False,-0.006864714076196781,0.8630635190310667,0.8307408054487547,0.8966438544931177,3.974753042942938e-14,True
all-mpnet-base-v2,ptsd,MB_290.1,Posttraumatic stress disorder,B,2,Panic & phobia:2; Everyday discrimination:1,1.2821946671588254,2.156108135347054e-31,True,1.2812850848621977,1.2287754744936923,1.336038603282488,3.6884849155380887e-31,True,0.9971451201870204,1.6258248246358722,1.5679213695539964,1.6858666587050644,4.5285508059919635e-152,True
all-mpnet-base-v2,ptsd,MB_290.1,Posttraumatic stress disorder,B,3,Suicidality & self-harm:4,1.0328613510710536,0.15189194483484475,False,1.0294496378271545,0.9846827356688609,1.0762517899763895,0.20072165460312985,False,0.8976699296077107,0.665112379238725,0.6425076828796112,0.6885123537106196,3.2305033922250656e-118,True
all-mpnet-base-v2,ptsd,MB_290.1,Posttraumatic stress disorder,B,4,Neighborhood disorder & safety:12; Neighborhood social cohesion:3,0.6073045280272105,6.220244992104423e-58,True,0.6065104672301036,0.5705673115595487,0.6447178788672798,6.454720086873655e-58,True,1.002623434618691,0.45820587420064895,0.44037314464656296,0.4767607328110024,0.0,True
all-mpnet-base-v2,ptsd,MB_290.1,Posttraumatic stress disorder,B,5,Everyday discrimination:2,0.8421600174741428,2.5494261607782313e-10,True,0.8420302632313605,0.7983053723156395,0.8881500598459446,2.6212238702326806e-10,True,1.0008969630765296,0.72668510792047,0.7019762643226589,0.7522636774377611,3.936997631724679e-73,True
all-mpnet-base-v2,ptsd,MB_290.1,Posttraumatic stress disorder,B,6,Healthcare discrimination:7; Everyday discrimination:2,0.9266791952426151,0.00132468309946997,True,0.9331753018079614,0.8906616674523194,0.9777182242447837,0.0036474921779210217,False,0.908262196227202,0.8283361903087681,0.7976569231503723,0.8601954352321144,1.3614072441900372e-22,True
all-mpnet-base-v2,ptsd,MB_290.1,Posttraumatic stress disorder,B,7,Loneliness:6; Perceived social support:1,1.1782361153223802,3.612504294268402e-12,True,1.1789250447087907,1.1254981490800986,1.234888091266609,3.492412884040389e-12,True,1.0035638761148256,1.5207835042776243,1.463867275681924,1.579912677401406,6.397006788496281e-103,True
all-mpnet-base-v2,ptsd,MB_290.1,Posttraumatic stress disorder,B,8,Childhood adversity:5,1.1220113894647854,1.6849729355720622e-05,True,1.121506448222225,1.0641445523801463,1.1819603930601266,1.86129894297691e-05,True,0.9960899763857844,0.8301245983127308,0.7999949943653308,0.8613889506528345,5.6046133982367e-23,True
all-mpnet-base-v2,ptsd,MB_290.1,Posttraumatic stress disorder,B,9,Adult ADHD:4; Conscientiousness:2,0.9365599548864175,0.003560789238184307,False,0.9258015235314803,0.8855429227990436,0.9678903629696941,0.0006769802734687318,True,1.1762795120806413,1.249913603183084,1.203098681371036,1.2985501851284227,2.2636474375373992e-30,True
all-mpnet-base-v2,ptsd,MB_290.1,Posttraumatic stress disorder,B,10,Subjective wellbeing:2; Self-rated health:2,1.537376056435975,2.9177318369174375e-36,True,1.5206339478517026,1.421124706903001,1.627110972124477,6.654722458285604e-34,True,0.9745399492553452,2.096348418730105,2.0155237057228694,2.18041429144891,4.943055645449549e-298,True
all-mpnet-base-v2,ptsd,MB_290.1,Posttraumatic stress disorder,B,11,Childhood adversity:4,1.0895518113543166,0.0015349673431333567,True,1.0885208914834816,1.0320826343489464,1.1480454100881494,0.0017933883100013867,True,0.9889626392779898,1.3766266511095082,1.3311826074663073,1.4236220680136444,9.959453666983215e-78,True
all-mpnet-base-v2,ptsd,MB_290.1,Posttraumatic stress disorder,B,12,Interpersonal & sexual violence:4; Generalized anxiety:1; Depression:1,1.3017086353522884,3.6036744811514265e-15,True,1.2996622874651849,1.216853783356228,1.388106019443385,6.046260401211546e-15,True,0.9940333054002961,1.0886130308003743,1.0498042791816582,1.1288564490822681,4.557271633213249e-06,True
all-mpnet-base-v2,ptsd,MB_290.1,Posttraumatic stress disorder,B,13,Perceived social support:5,0.8910970353737786,0.00033295079372055314,True,0.9044319468252674,0.8483381325488248,0.9642347963075498,0.002106182655124819,True,0.871175329585699,0.6068021750331427,0.5841225252876959,0.6303624046061227,1.0643207466047286e-145,True
all-mpnet-base-v2,ptsd,MB_290.1,Posttraumatic stress disorder,B,14,Food insecurity:2; Perceived social support:1,0.9709823526712064,0.12482621729230792,False,0.9594993608436414,0.9231995456072503,0.9972264694452275,0.035631081055636046,False,1.404002118713236,0.9904175067693475,0.9568857436559646,1.0251243100011003,0.5837443196505842,False
all-mpnet-base-v2,ptsd,MB_290.1,Posttraumatic stress disorder,B,15,Perceived stress:4; Depression:1,0.8589472556203374,1.7645974443596772e-11,True,0.8590947631608838,0.8217908655159296,0.8980920122872171,2.009547124593565e-11,True,0.9988706451840664,0.8684816971409692,0.8363604391660032,0.9018366041093323,2.2441226489107466e-13,True
all-mpnet-base-v2,ptsd,MB_290.1,Posttraumatic stress disorder,B,16,Everyday discrimination:4,0.8765341152798635,1.5920253221644512e-08,True,0.8786698844265509,0.8393495646269327,0.9198322109588841,3.0698535423808485e-08,True,0.9815324808432828,0.8939545250969255,0.8619409980290381,0.9271570731275818,1.6932559860019984e-09,True
all-mpnet-base-v2,ptsd,MB_290.1,Posttraumatic stress disorder,B,17,Perceived stress:2; Mania:1; Generalized anxiety:1; Body-focused repetitive behavior:1,0.8770637994976233,4.3959312273749756e-08,True,0.8815081690957951,0.8408839628987853,0.9240949839308006,1.611987806700307e-07,True,0.9614674211847991,1.228887148034787,1.1839878733742042,1.2754890962703118,1.92425273919315e-27,True
all-mpnet-base-v2,ptsd,MB_290.1,Posttraumatic stress disorder,B,18,Depression:2; Perceived social support:2; Generalized anxiety:2; Adult ADHD:1,0.8890939849119857,6.9168221541961975e-06,True,0.8833649237264902,0.8390678531303183,0.9300005780928325,2.3050238525166034e-06,True,1.0549930179738254,1.4471167600857393,1.3960393033904557,1.5000630084232947,2.2986350726772525e-90,True
all-mpnet-base-v2,ptsd,MB_290.1,Posttraumatic stress disorder,B,19,Daily spiritual experience:6; Religious participation:1,0.8286434282005415,1.7778324889082055e-10,True,0.8406028333326983,0.7930302100240769,0.891029262788749,5.169923653117902e-09,True,0.9237659803249507,1.443784360349518,1.3855783706500733,1.504435493036654,1.624355590250125e-68,True
all-mpnet-base-v2,ptsd,MB_290.1,Posttraumatic stress disorder,B,20,Substance use:5,0.970675517435962,0.15993717314075873,False,0.9692440395209286,0.9296683042175912,1.0105045034717788,0.14192050651926572,False,1.0495853879225105,0.9872549081049548,0.9522906625166363,1.0235028987909407,0.4856627336440592,False
all-mpnet-base-v2,ptsd,MB_290.1,Posttraumatic stress disorder,B,21,Depression:2; Mania:1,1.194534365838227,3.961416013315118e-09,True,1.1926660661176667,1.1240618877381747,1.2654573211541171,5.57348684143414e-09,True,0.991194330883019,1.5423209062205812,1.478470994896244,1.6089282684453412,9.806269108962845e-90,True
all-mpnet-base-v2,ptsd,MB_290.1,Posttraumatic stress disorder,B,22,Open-mindedness:2; Extraversion:2; Agreeableness:1; Conscientiousness:1,0.8211757179925324,1.0633892555644934e-06,True,0.8326161417221595,0.7687915710822846,0.9017393862426932,6.7380621392337285e-06,True,0.9297749725203024,0.43661866298652735,0.41831202174516025,0.4557264600544518,0.0,True
all-mpnet-base-v2,panic,MB_288.2,Panic disorder,B,0,Psychosis:4,0.9107695829197997,0.0006622302841280819,True,0.9074789793701157,0.8598224225386483,0.9577769506954333,0.0004196927454807081,True,1.0387259590940123,0.9947584153265158,0.9489503893229115,1.0427777004959906,0.8270477293376461,False
all-mpnet-base-v2,panic,MB_288.2,Panic disorder,B,1,Depression:2; Open-mindedness:2; Neighborhood disorder & safety:1; Perceived stress:1,0.9205558143296098,0.010925234879944243,False,0.9148374141781848,0.8582141664891174,0.9751965500686479,0.006325240889807917,False,1.0752772507627606,0.7969677411664062,0.7574929039122026,0.8384997102672556,2.0261093452570737e-18,True
all-mpnet-base-v2,panic,MB_288.2,Panic disorder,B,2,Panic & phobia:2; Everyday discrimination:1,1.4525537657325758,5.589890019042902e-41,True,1.4516958894527698,1.3745376490794985,1.5331853273465212,8.328632646872037e-41,True,0.9984175291723603,1.6053995989812042,1.5303583693945988,1.6841204805045633,1.1119316015759312e-83,True
all-mpnet-base-v2,panic,MB_288.2,Panic disorder,B,3,Suicidality & self-harm:4,1.0911089487503678,0.0032236731846230038,False,1.0815212750723744,1.020203492467303,1.1465244699421204,0.008497376814257022,False,0.8987789505732008,0.8109244436622643,0.7743498342811622,0.8492265694605708,5.557526734982805e-19,True
all-mpnet-base-v2,panic,MB_288.2,Panic disorder,B,4,Neighborhood disorder & safety:12; Neighborhood social cohesion:3,0.7417065923995386,2.865467803768776e-13,True,0.7421461752857588,0.684815320507508,0.8042766115149167,3.597321705949817e-13,True,0.998017116773501,0.5649774741210885,0.5368852882583944,0.5945395659838224,1.0296377845833203e-106,True
all-mpnet-base-v2,panic,MB_288.2,Panic disorder,B,5,Everyday discrimination:2,0.9697966792111967,0.3994537628888427,False,0.9659958479403445,0.899449011184055,1.0374662339219967,0.3421257832091632,False,1.128042164321946,0.9500616025271306,0.9044707548836901,0.9979505072140126,0.041178201628195826,False
all-mpnet-base-v2,panic,MB_288.2,Panic disorder,B,6,Healthcare discrimination:7; Everyday discrimination:2,0.9476922567763273,0.08508015302744253,False,0.9539254681437578,0.8972352679941408,1.014197536848529,0.13130533110222073,False,0.8779774485830448,0.7875891968049938,0.748239501987173,0.8290082804724321,6.784835874158689e-20,True
all-mpnet-base-v2,panic,MB_288.2,Panic disorder,B,7,Loneliness:6; Perceived social support:1,1.2078935948309408,8.267042096897487e-10,True,1.2011261103917412,1.1306560138424269,1.2759883778992172,2.8385721316271356e-09,True,0.9702534469040273,1.3679147938212242,1.3007794283348573,1.4385151259274565,3.047499995374531e-34,True
all-mpnet-base-v2,panic,MB_288.2,Panic disorder,B,8,Childhood adversity:5,1.039741467815453,0.2704839118591795,False,1.0371536470086609,0.9676658728235144,1.1116313158432043,0.30253176638837953,False,0.9360565419775307,0.972782260243385,0.9252279989802871,1.022780684206673,0.2805375257914594,False
all-mpnet-base-v2,panic,MB_288.2,Panic disorder,B,9,Adult ADHD:4; Conscientiousness:2,1.0485010789324918,0.10694765341427837,False,1.0324386998857356,0.9741952991000306,1.0941642502344882,0.2812424202740035,False,0.6740412752300343,1.1551909466429833,1.0975285327360833,1.2158828526117267,3.350640436079101e-08,True
all-mpnet-base-v2,panic,MB_288.2,Panic disorder,B,10,Subjective wellbeing:2; Self-rated health:2,1.3977949708422204,7.446287524980799e-14,True,1.3745022072260762,1.258118825130624,1.5016517358550798,1.832369089006266e-12,True,0.9498222105333971,1.589286591230866,1.510590046172445,1.6720829555750185,1.6952940282083917e-71,True
all-mpnet-base-v2,panic,MB_288.2,Panic disorder,B,11,Childhood adversity:4,0.9164186048384066,0.019528634643444266,False,0.9124738861600893,0.8478400281753258,0.9820350128030515,0.014541910623634732,False,1.049423523931501,0.9757715921815813,0.9290865198696341,1.0248025127328049,0.32683043211521035,False
all-mpnet-base-v2,panic,MB_288.2,Panic disorder,B,12,Interpersonal & sexual violence:4; Generalized anxiety:1; Depression:1,0.9655780285576809,0.4352038121619084,False,0.9594618692102784,0.878492372321417,1.047894219087961,0.35759356542057863,False,1.1814055893470696,0.837052048997542,0.7974352038224033,0.8786370721689716,6.474330316646571e-13,True
all-mpnet-base-v2,panic,MB_288.2,Panic disorder,B,13,Perceived social support:5,0.8281233255569352,1.0161891379400566e-05,True,0.8409418376719491,0.7723207484661131,0.9156599453680268,6.64308995910131e-05,True,0.9185526704446279,0.7354457561664772,0.6984908861687441,0.774355787560861,1.5778557496622124e-31,True
all-mpnet-base-v2,panic,MB_288.2,Panic disorder,B,14,Food insecurity:2; Perceived social support:1,1.0373190021515575,0.15157592008405069,False,1.0184832342458452,0.967509988112567,1.0721420049249035,0.4844756265711133,False,0.4998565552200526,1.1073222310505477,1.0576419817330323,1.1593360934572545,1.3438068892105868e-05,True
all-mpnet-base-v2,panic,MB_288.2,Panic disorder,B,15,Perceived stress:4; Depression:1,0.8236420112471791,5.497186927433045e-11,True,0.8247569984436468,0.7782931783054645,0.8739946917725638,7.400568443825292e-11,True,0.9930274333673779,0.8444866426196347,0.8031104331704677,0.8879945523153331,4.267066005385243e-11,True
all-mpnet-base-v2,panic,MB_288.2,Panic disorder,B,16,Everyday discrimination:4,0.7993265768481628,8.394830366036898e-13,True,0.8004848857421603,0.7527985368770851,0.8511919469979834,1.2353276512477917e-12,True,0.9935350466473086,0.8037100825557464,0.7644742272172544,0.8449596779123247,1.1575409102255013e-17,True
all-mpnet-base-v2,panic,MB_288.2,Panic disorder,B,17,Perceived stress:2; Mania:1; Generalized anxiety:1; Body-focused repetitive behavior:1,0.9662259149077475,0.2698079418037519,False,0.9695031767188413,0.9119560629240863,1.0306816829027077,0.3211921389589253,False,0.9014460400738442,1.2340011682496832,1.1745827901485082,1.2964253316269456,6.776445115791622e-17,True
all-mpnet-base-v2,panic,MB_288.2,Panic disorder,B,18,Depression:2; Perceived social support:2; Generalized anxiety:2; Adult ADHD:1,0.7735650195072615,5.4058462030405436e-14,True,0.765666338845962,0.71593734652182,0.8188495058818841,6.54532591345104e-15,True,1.0399743609827574,1.093701677505924,1.0406512455818877,1.1494565200951812,0.00041448832967357513,True
all-mpnet-base-v2,panic,MB_288.2,Panic disorder,B,19,Daily spiritual experience:6; Religious participation:1,0.9072728661964987,0.011552836947066634,False,0.9252652797809937,0.8573116370739082,0.9986051756980823,0.04595258529328788,False,0.7982034096927254,1.3448107575618589,1.2737325828145787,1.4198553119037014,1.0980480220879118e-26,True
all-mpnet-base-v2,panic,MB_288.2,Panic disorder,B,20,Substance use:5,1.0012680882376048,0.9641341137163755,False,0.9991390084686058,0.9452411259900514,1.056110161518867,0.9757129265719979,False,-0.6796912062920689,0.9364758585502252,0.8916397649142419,0.983566534554154,0.008743592023560912,False
all-mpnet-base-v2,panic,MB_288.2,Panic disorder,B,21,Depression:2; Mania:1,1.130382645246509,0.0017581404344575377,True,1.1301334960452896,1.0466287913564032,1.2203005778470213,0.0017864002087899231,True,0.9982013502605417,1.4185969907734408,1.341952251878031,1.499619244585737,5.592450823084908e-35,True
all-mpnet-base-v2,panic,MB_288.2,Panic disorder,B,22,Open-mindedness:2; Extraversion:2; Agreeableness:1; Conscientiousness:1,0.9705910702969762,0.5721754405911825,False,0.9937419129615778,0.8952547262297553,1.103063698680884,0.9061542386357051,False,0.21030961685518484,0.5892768247036543,0.5580394723502471,0.6222627490316234,9.45783049925035e-81,True
all-mpnet-base-v2,hyperchol,EM_239.1,Hypercholesterolemia,C,0,Psychosis:4,1.0016506534473402,0.9142958493853824,False,0.9947763218586142,0.9652176734815682,1.025240168843065,0.7336267317695715,False,-3.1755245830317063,1.0070747141883791,0.9835084577637999,1.0312056515137524,0.5595352089545762,False
all-mpnet-base-v2,hyperchol,EM_239.1,Hypercholesterolemia,C,1,Depression:2; Open-mindedness:2; Neighborhood disorder & safety:1; Perceived stress:1,1.0213679343802065,0.1405791959052353,False,1.016472509484331,0.988193187381055,1.045561106604712,0.2564043276905601,False,0.7727584706964578,0.9865712150408231,0.9648771978641981,1.0087529941650841,0.23335785098688677,False
all-mpnet-base-v2,hyperchol,EM_239.1,Hypercholesterolemia,C,2,Panic & phobia:2; Everyday discrimination:1,1.002142693930824,0.8737967451053604,False,1.002680982123242,0.9764998905321846,1.0295640190637514,0.8427817050477981,False,1.2508842527554123,1.0106530852616915,0.9875065012402223,1.0343422118904144,0.37002549600768164,False
all-mpnet-base-v2,hyperchol,EM_239.1,Hypercholesterolemia,C,3,Suicidality & self-harm:4,1.0607325690939995,9.707075559208261e-05,True,1.048844578032008,1.0180581277644136,1.0805620218197467,0.0017046960969776545,True,0.8088422752469278,1.0298816430276825,1.0051871542257977,1.0551828027113257,0.017417396579836823,False
all-mpnet-base-v2,hyperchol,EM_239.1,Hypercholesterolemia,C,4,Neighborhood disorder & safety:12; Neighborhood social cohesion:3,0.9932736373353666,0.7102099673645392,False,0.9913900905999538,0.9565895581824029,1.0274566592669971,0.6352920388569043,False,1.281238383745733,0.9593848439422867,0.9367285745954593,0.9825890911715415,0.0006727978073115337,True
all-mpnet-base-v2,hyperchol,EM_239.1,Hypercholesterolemia,C,5,Everyday discrimination:2,0.975123586423901,0.14800703229005202,False,0.9727240438008293,0.9400119215829824,1.0065745376876156,0.1130790429415012,False,1.0978041421488827,0.9668839025224458,0.9439602142360553,0.9903642832167647,0.005943788557241557,False
all-mpnet-base-v2,hyperchol,EM_239.1,Hypercholesterolemia,C,6,Healthcare discrimination:7; Everyday discrimination:2,1.0021334992414255,0.8855672729066085,False,1.007715827441703,0.978790308469865,1.037496162445688,0.6049749590091706,False,3.6064737615853084,0.9964239645677127,0.9739230735574849,1.0194447016622978,0.7585293048245286,False
all-mpnet-base-v2,hyperchol,EM_239.1,Hypercholesterolemia,C,7,Loneliness:6; Perceived social support:1,1.047493885042276,0.000952087761856953,True,1.037603772043914,1.009282931697035,1.0667193053086697,0.008938904695123729,False,0.7955509406459955,1.0158991419363124,0.9930892053095312,1.0392329924332033,0.17337650860522558,False
all-mpnet-base-v2,hyperchol,EM_239.1,Hypercholesterolemia,C,8,Childhood adversity:5,0.9949081320173059,0.7539275129009808,False,0.9939680214503971,0.9626867943210095,1.0262656904552658,0.710758057037767,False,1.1851893674838254,1.022409530710692,0.999237283942232,1.0461191403547445,0.05812799745402581,False
all-mpnet-base-v2,hyperchol,EM_239.1,Hypercholesterolemia,C,9,Adult ADHD:4; Conscientiousness:2,1.061641080851378,1.2123962368371841e-05,True,1.0488294023511822,1.0208710962974588,1.0775533945725604,0.0005433785147986272,True,0.7970236515158985,1.038741979011779,1.0146473329775776,1.0634087962316172,0.0015018792769267285,True
all-mpnet-base-v2,hyperchol,EM_239.1,Hypercholesterolemia,C,10,Subjective wellbeing:2; Self-rated health:2,1.0140728780466841,0.47860968906347545,False,1.004377539304174,0.9659154479835678,1.0443711647480236,0.8264543442869933,False,0.31256216494188327,1.0334715445795164,1.0077388160655225,1.0598613613253205,0.010491395725460083,False
all-mpnet-base-v2,hyperchol,EM_239.1,Hypercholesterolemia,C,11,Childhood adversity:4,0.9883065570526802,0.5119051270868623,False,0.981808450347351,0.9477996987148775,1.017037496931561,0.3073925202382912,False,1.560831980807322,0.9590276081670149,0.9369505048213351,0.9816249081395473,0.00043034651204410505,True
all-mpnet-base-v2,hyperchol,EM_239.1,Hypercholesterolemia,C,12,Interpersonal & sexual violence:4; Generalized anxiety:1; Depression:1,0.9403513860708366,0.0030934745376806822,False,0.9411278560851019,0.9034747499439477,0.9803501885960743,0.0035844995551688676,False,0.9865795076225449,0.946570946958671,0.9250238948816533,0.9686199054791638,2.9569125309836974e-06,True
all-mpnet-base-v2,hyperchol,EM_239.1,Hypercholesterolemia,C,13,Perceived social support:5,0.9794064506612962,0.29330662872286883,False,0.97933207346907,0.9415677015153849,1.0186110978335812,0.29792241208183523,False,1.0036496517086586,0.9646084363851155,0.9418647284198292,0.9879013487492946,0.003078028441811166,False
all-mpnet-base-v2,hyperchol,EM_239.1,Hypercholesterolemia,C,14,Food insecurity:2; Perceived social support:1,1.0147561582008964,0.3041398746272327,False,1.0044181217011108,0.97632522102914,1.0333193709142914,0.7606864454965006,False,0.30094801366366103,0.9999100121553476,0.97683258327154,1.023532639605427,0.9939730111342406,False
all-mpnet-base-v2,hyperchol,EM_239.1,Hypercholesterolemia,C,15,Perceived stress:4; Depression:1,1.00851736076156,0.5207137505629483,False,1.0060320018018387,0.9802775268653892,1.0324631146913925,0.6494622082399294,False,0.7090761182940372,1.0183980892576727,0.9958618477890965,1.0414443233328117,0.1103173474637598,False
all-mpnet-base-v2,hyperchol,EM_239.1,Hypercholesterolemia,C,16,Everyday discrimination:4,0.977545692241651,0.13397572777890818,False,0.9766372697868873,0.9480183798562646,1.006120110120017,0.11926239915602269,False,1.0409383995614525,0.9898864754001414,0.9675728512761186,1.012714683848116,0.38220761868950537,False
all-mpnet-base-v2,hyperchol,EM_239.1,Hypercholesterolemia,C,17,Perceived stress:2; Mania:1; Generalized anxiety:1; Body-focused repetitive behavior:1,1.0559352630251668,0.00019954095985373843,True,1.0557863814927413,1.0258401628438696,1.0866067870216432,0.00021753168131667197,True,0.9974092785525216,1.0584416103942664,1.0347737921356717,1.0826507697898122,8.544601425141164e-07,True
all-mpnet-base-v2,hyperchol,EM_239.1,Hypercholesterolemia,C,18,Depression:2; Perceived social support:2; Generalized anxiety:2; Adult ADHD:1,0.9704251647814154,0.06253532309086812,False,0.9632051582639144,0.9331440340212637,0.9942346980542035,0.020483138753420664,False,1.2487546201764754,0.9946951799404005,0.9712917391200188,1.0186625306759733,0.6614962812144587,False
all-mpnet-base-v2,hyperchol,EM_239.1,Hypercholesterolemia,C,19,Daily spiritual experience:6; Religious participation:1,0.9344576688218377,2.207295782738853e-05,True,0.946389227443294,0.916885826066901,0.9768419844188573,0.0006497310304355799,True,0.8128367230153474,0.9802280128742328,0.9584690901196077,1.0024809011873952,0.08122527615432139,False
all-mpnet-base-v2,hyperchol,EM_239.1,Hypercholesterolemia,C,20,Substance use:5,1.0131075195031347,0.350371600517033,False,1.0107795910846378,0.9833962471396789,1.0389254430499284,0.4441894042580975,False,0.8233458476579628,0.976910301331073,0.9538538454186033,1.0005240754970646,0.05524182294642118,False
all-mpnet-base-v2,hyperchol,EM_239.1,Hypercholesterolemia,C,21,Depression:2; Mania:1,0.9926316742285243,0.6726659824626782,False,0.9987174582261924,0.9649503039016342,1.0336662492698316,0.9417022095194092,False,0.17353073421532153,1.016552662994428,0.9944139038184122,1.0391843000917715,0.14392316418660128,False
all-mpnet-base-v2,hyperchol,EM_239.1,Hypercholesterolemia,C,22,Open-mindedness:2; Extraversion:2; Agreeableness:1; Conscientiousness:1,0.9532422142974374,0.03778797580451708,False,0.970015386413432,0.9268285828445127,1.015214536210147,0.19015025949283793,False,0.6357429683724954,0.9674300182284988,0.9437277066779669,0.991727628156797,0.008888526340480209,False
all-mpnet-base-v2,asthma,RE_475,Asthma,C,0,Psychosis:4,0.9460487974629982,0.00021732291092308053,True,0.9463989410506372,0.9188576648137835,0.9747657226141602,0.0002560451674231371,True,0.9933278840926201,1.0135929558541334,0.9898984954073283,1.0378545728917101,0.2632640806327584,False
all-mpnet-base-v2,asthma,RE_475,Asthma,C,1,Depression:2; Open-mindedness:2; Neighborhood disorder & safety:1; Perceived stress:1,0.9681151172801864,0.03251579031945649,False,0.9682710953312953,0.9398263577211698,0.997576739949467,0.03405280425442784,False,0.9950283656219431,0.972523694874625,0.9497369774802191,0.9958571262560866,0.02127033489013772,False
all-mpnet-base-v2,asthma,RE_475,Asthma,C,2,Panic & phobia:2; Everyday discrimination:1,1.0450918409995893,0.001266508204292775,True,1.0464494772730129,1.0187215456695211,1.074932117750854,0.0009206582074802106,True,1.0294348279999035,1.095157951709717,1.0696593398432597,1.1212644012146613,3.956846006627514e-14,True
all-mpnet-base-v2,asthma,RE_475,Asthma,C,3,Suicidality & self-harm:4,0.9923904109337357,0.6066913001675776,False,0.9897094922614857,0.9611666213707849,1.0190999742328974,0.488442815380167,False,1.3541355213494957,0.9394043300360099,0.9177211820546489,0.9615997892896563,1.5509494732780913e-07,True
all-mpnet-base-v2,asthma,RE_475,Asthma,C,4,Neighborhood disorder & safety:12; Neighborhood social cohesion:3,0.8602357540127633,4.246102965927609e-15,True,0.8652786149478761,0.8332383751969529,0.8985508874445954,5.622659899901087e-14,True,0.9611749198492178,0.8466141030694858,0.8260172453313648,0.8677245463908161,4.474377403338475e-40,True
all-mpnet-base-v2,asthma,RE_475,Asthma,C,5,Everyday discrimination:2,0.9555632389105715,0.010419806895004791,False,0.9599691860488061,0.927076092410274,0.9940293420438924,0.021641019273375674,False,0.8987942371050052,0.9317792349614568,0.9095714484794215,0.9545292391892846,9.404229028878031e-09,True
all-mpnet-base-v2,asthma,RE_475,Asthma,C,6,Healthcare discrimination:7; Everyday discrimination:2,1.0854365923617089,4.0172244489197105e-08,True,1.0821096193400541,1.050737517048242,1.114418405424192,1.4632186925532017e-07,True,0.9625552291555861,1.016253541952043,0.9926562973901983,1.0404117359103457,0.17860796463239492,False
all-mpnet-base-v2,asthma,RE_475,Asthma,C,7,Loneliness:6; Perceived social support:1,1.0836716044614125,5.018704576220376e-08,True,1.0788307850043763,1.0479176442953304,1.1106558506854842,3.1315674289348457e-07,True,0.9442839145375607,1.0896996820539946,1.0639893976747758,1.116031230822036,1.7708081448680214e-12,True
all-mpnet-base-v2,asthma,RE_475,Asthma,C,8,Childhood adversity:5,0.9557760930116105,0.006639141717794219,False,0.9562366152012576,0.9254328626827134,0.988065694577628,0.007392638843232932,False,0.9893500446914826,0.9127987366817412,0.8916450727657518,0.9344542566733577,2.4071023149131813e-14,True
all-mpnet-base-v2,asthma,RE_475,Asthma,C,9,Adult ADHD:4; Conscientiousness:2,0.9800844118763197,0.15598361815583284,False,0.9776217663589698,0.9505709968209543,1.0054423301943562,0.1139116158631202,False,1.1250634898741014,1.0387841351106784,1.0136296406449523,1.0645628699956402,0.0023472915376128436,False
all-mpnet-base-v2,asthma,RE_475,Asthma,C,10,Subjective wellbeing:2; Self-rated health:2,1.1397616772831372,4.380956263248927e-10,True,1.1161991365466457,1.0708663892280557,1.1634509449172241,2.0296952378927071e-07,True,0.8403147088549849,1.1412972446664125,1.1125124335586862,1.170826825293574,3.645942307619017e-24,True
all-mpnet-base-v2,asthma,RE_475,Asthma,C,11,Childhood adversity:4,0.9870187541411013,0.46794946624920297,False,0.9848971003863659,0.9506458309915181,1.020382425006528,0.3994107723672714,False,1.1646894241841286,1.0652865324470309,1.041008880095834,1.0901303705579797,7.579221684149567e-08,True
all-mpnet-base-v2,asthma,RE_475,Asthma,C,12,Interpersonal & sexual violence:4; Generalized anxiety:1; Depression:1,1.106815776206318,1.8308139709173021e-06,True,1.1006293393978175,1.055557116935824,1.1476261429223316,6.977255251308686e-06,True,0.94477058646301,1.0626707678267635,1.038109755715621,1.0878128777578644,3.490148722142713e-07,True
all-mpnet-base-v2,asthma,RE_475,Asthma,C,13,Perceived social support:5,0.9152631107975124,1.7395226607689463e-05,True,0.9338622148192821,0.8963577862931065,0.9729358628921433,0.0010682295798201701,True,0.7727977427823509,0.8904175272332765,0.868341842880448,0.9130544373794274,1.2896572132802835e-19,True
all-mpnet-base-v2,asthma,RE_475,Asthma,C,14,Food insecurity:2; Perceived social support:1,1.0159979188830774,0.2409683068612427,False,1.0059156405810146,0.9791026369527976,1.0334629259243788,0.668731954766393,False,0.3716275023982255,1.0042927085142133,0.9811475308924777,1.0279838786908648,0.7187893924358819,False
all-mpnet-base-v2,asthma,RE_475,Asthma,C,15,Perceived stress:4; Depression:1,0.9723184118923247,0.04296313576261681,False,0.9696722098830846,0.9436297223540104,0.9964334233495,0.026609922722174058,False,1.0970808663904545,0.9839483480671953,0.961014302624244,1.0074297011193498,0.17869011904745857,False
all-mpnet-base-v2,asthma,RE_475,Asthma,C,16,Everyday discrimination:4,0.9356544166941821,1.3542267774870923e-05,True,0.9382116468791253,0.9104640326018111,0.9668049069705662,3.128194223741387e-05,True,0.9589625300875015,0.9307706616301765,0.9090301242347789,0.9530311498540889,2.6910595144732175e-09,True
all-mpnet-base-v2,asthma,RE_475,Asthma,C,17,Perceived stress:2; Mania:1; Generalized anxiety:1; Body-focused repetitive behavior:1,0.95271206958633,0.0013563854798572669,True,0.9554319915485735,0.9274738954543943,0.9842328662277269,0.0026228408197159704,False,0.941149715903288,1.0270037316223475,1.003069365585433,1.0515091986192189,0.026781453960244988,False
all-mpnet-base-v2,asthma,RE_475,Asthma,C,18,Depression:2; Perceived social support:2; Generalized anxiety:2; Adult ADHD:1,0.9960403809863372,0.8121306111846749,False,0.993612325591222,0.9615009054229485,1.0267961766843212,0.7022253471185198,False,1.6151724556488947,1.051239002871974,1.0259736813815445,1.0771265006244255,5.676990985204362e-05,True
all-mpnet-base-v2,asthma,RE_475,Asthma,C,19,Daily spiritual experience:6; Religious participation:1,0.877088126039575,3.564812924854408e-14,True,0.8877154389324344,0.8577788350450917,0.9186968345722579,1.0116182929679032e-11,True,0.9081664631098291,1.0245012591408664,1.0000690457939723,1.049530364323918,0.049348248306416674,False
all-mpnet-base-v2,asthma,RE_475,Asthma,C,20,Substance use:5,0.9272785574859397,1.2422209092355604e-07,True,0.9282825741511589,0.90258058225998,0.9547164590169464,2.0501621302262528e-07,True,0.9856668559907548,0.9450901554764042,0.9225100729374737,0.968222925885551,4.709722616059625e-06,True
all-mpnet-base-v2,asthma,RE_475,Asthma,C,21,Depression:2; Mania:1,1.1094999866336601,1.1855882495880155e-08,True,1.107278454938022,1.068363255737947,1.1476111427316515,2.369568390492013e-08,True,0.9807111953812122,1.1291278053277807,1.1020351887208246,1.1568864713332712,1.11774060404805e-22,True
all-mpnet-base-v2,asthma,RE_475,Asthma,C,22,Open-mindedness:2; Extraversion:2; Agreeableness:1; Conscientiousness:1,1.0826064036320207,0.0013744504711296907,True,1.0950623464132156,1.0426747841307789,1.1500820397528777,0.0002825915845698301,True,1.144130233944585,0.8732485630251586,0.8509650704891315,0.8961155742704997,8.975584448924455e-25,True
all-mpnet-base-v2,breast,CA_105,Breast cancer,C,0,Psychosis:4,0.8132498587796475,6.918122077064169e-08,True,0.820459809905485,0.7610098483329886,0.8845539924939291,2.517315070683526e-07,True,0.9573013346922171,0.8913197265687166,0.8427728809469032,0.94266305066428,5.665201568682952e-05,True
all-mpnet-base-v2,breast,CA_105,Breast cancer,C,1,Depression:2; Open-mindedness:2; Neighborhood disorder & safety:1; Perceived stress:1,0.9173200624050087,0.005547966951738497,False,0.9224752718245661,0.8676707795278589,0.980741367815631,0.009815601051987529,False,0.9350613889103322,0.9692420534278322,0.9239580199904878,1.0167454990462363,0.20064854310498503,False
all-mpnet-base-v2,breast,CA_105,Breast cancer,C,2,Panic & phobia:2; Everyday discrimination:1,1.104316740007113,0.0007098353316728949,True,1.1001799914271466,1.0386881372588501,1.1653122531378206,0.0011399814702376006,True,0.9621774201947716,1.028655312099719,0.9779524240183843,1.0819869403903424,0.27329895955505945,False
all-mpnet-base-v2,breast,CA_105,Breast cancer,C,3,Suicidality & self-harm:4,1.0437341323125044,0.19610762962335404,False,1.049576758876894,0.9833555882333996,1.120257398194658,0.14561717512986241,False,1.1304106630545683,1.0567169834292853,1.002353577923536,1.1140288294088092,0.04063837261201259,False
all-mpnet-base-v2,breast,CA_105,Breast cancer,C,4,Neighborhood disorder & safety:12; Neighborhood social cohesion:3,0.97639043235244,0.5452691062747745,False,0.9679348148405295,0.8955786623706238,1.0461368109199622,0.41099455113030237,False,1.364035050584123,0.9782409262951244,0.9282991487727403,1.0308695328912965,0.41060543718910114,False
all-mpnet-base-v2,breast,CA_105,Breast cancer,C,5,Everyday discrimination:2,0.8856759223132641,0.0017526810249295765,True,0.8920686851161851,0.8265648233867169,0.9627636168985654,0.0033334261892223574,False,0.9407596686514434,1.056775835996913,1.0009921343424968,1.115668274736774,0.04595537012874886,False
all-mpnet-base-v2,breast,CA_105,Breast cancer,C,6,Healthcare discrimination:7; Everyday discrimination:2,0.9968003360927357,0.9202985357951287,False,0.9951752886506273,0.9343197818762372,1.0599945268760749,0.8805879948205411,False,1.5091104693464101,0.9719224068883828,0.9237298662813448,1.022629233386718,0.27239170521754597,False
all-mpnet-base-v2,breast,CA_105,Breast cancer,C,7,Loneliness:6; Perceived social support:1,1.2666915089528479,5.4053782979270554e-14,True,1.2705589126648003,1.1941402371538175,1.3518679802630404,3.846708650842816e-14,True,1.0128950675844461,1.1352531580451735,1.0804544959758735,1.1928311073271876,5.020424577284955e-07,True
all-mpnet-base-v2,breast,CA_105,Breast cancer,C,8,Childhood adversity:5,0.9757488285195939,0.47750904210582656,False,0.9771317881670243,0.9131187243467128,1.0456324090052853,0.5033750165979138,False,0.9423085991279815,1.0029809386180484,0.9555697132623199,1.0527445033777307,0.9041076576913375,False
all-mpnet-base-v2,breast,CA_105,Breast cancer,C,9,Adult ADHD:4; Conscientiousness:2,1.0018823645921424,0.9499103832140663,False,1.0143264105888283,0.9560059115887091,1.0762047124878547,0.6377697206062658,False,7.563965692780015,0.9761224859726009,0.9270630933801981,1.0277780600101736,0.3583260929721911,False
all-mpnet-base-v2,breast,CA_105,Breast cancer,C,10,Subjective wellbeing:2; Self-rated health:2,0.9143219333275509,0.03809808014588461,False,0.9339203884923409,0.8572687127338162,1.0174257838714655,0.11767907736755365,False,0.763225848107743,0.9453156300835339,0.892569790141877,1.0011784516459878,0.05488840606298091,False
all-mpnet-base-v2,breast,CA_105,Breast cancer,C,11,Childhood adversity:4,0.775790527917169,4.9987303124537554e-11,True,0.7816348360386387,0.7245244060699063,0.8432469793849862,1.9621500245787303e-10,True,0.9704374538299257,0.8882436186567844,0.8444712933465859,0.9342848386921888,4.30125223036583e-06,True
all-mpnet-base-v2,breast,CA_105,Breast cancer,C,12,Interpersonal & sexual violence:4; Generalized anxiety:1; Depression:1,1.0160261741245022,0.7127979215722564,False,1.0215186180871811,0.9385319634121817,1.1118430994134005,0.6223705617115798,False,1.3390913276127645,0.9733571627670083,0.9271070355732022,1.021914547034018,0.27694752572418213,False
all-mpnet-base-v2,breast,CA_105,Breast cancer,C,13,Perceived social support:5,1.1358684586385495,0.004862452252055281,False,1.1149046996270646,1.0190554251186807,1.2197692673151237,0.017714742196357314,False,0.8537758815960155,1.032061818688029,0.9785418580343737,1.0885089777694785,0.24541227369146867,False
all-mpnet-base-v2,breast,CA_105,Breast cancer,C,14,Food insecurity:2; Perceived social support:1,0.859771193865153,3.7450098876044005e-06,True,0.8708906370337518,0.8158754273378652,0.9296155715190686,3.294591387140932e-05,True,0.9149500603390528,1.0197550250817486,0.9687159087789449,1.0734832593905268,0.4552287037911481,False
all-mpnet-base-v2,breast,CA_105,Breast cancer,C,15,Perceived stress:4; Depression:1,1.1597190034248381,2.1359501492497962e-07,True,1.1585272734054446,1.09527611951502,1.2254311212578641,2.7913860768908404e-07,True,0.9930615033438328,1.0695085949462941,1.0193017102936386,1.1221884777711972,0.006157579793592083,False
all-mpnet-base-v2,breast,CA_105,Breast cancer,C,16,Everyday discrimination:4,0.9784012179121229,0.5239008338610972,False,0.978484192279727,0.9147814741049063,1.0466229822571949,0.5265659143648468,False,0.9961162934377337,0.8935278145821698,0.8492464476219228,0.9401180984243876,1.4178564966651143e-05,True
all-mpnet-base-v2,breast,CA_105,Breast cancer,C,17,Perceived stress:2; Mania:1; Generalized anxiety:1; Body-focused repetitive behavior:1,0.7713937000126261,1.5902675541753892e-15,True,0.7699430959345746,0.722238558003979,0.8207985635876996,1.1352084517256615e-15,True,1.0072518653108622,0.8953697790203308,0.8513483103887726,0.9416675071767294,1.73480966451594e-05,True
all-mpnet-base-v2,breast,CA_105,Breast cancer,C,18,Depression:2; Perceived social support:2; Generalized anxiety:2; Adult ADHD:1,1.0719654954148696,0.049167196248436434,False,1.08204816725496,1.0093322828494733,1.1600027623751625,0.026305520703342487,False,1.1347143368386112,0.9639664012605923,0.9144363540337513,1.016179221943969,0.17269080590187613,False
all-mpnet-base-v2,breast,CA_105,Breast cancer,C,19,Daily spiritual experience:6; Religious participation:1,0.9568229217074694,0.20582887325361388,False,0.9383283987519029,0.8754478449676699,1.0057254569366438,0.07207460069040265,False,1.442222473484145,0.9809506562688428,0.934575146543896,1.0296274126192773,0.436354944023723,False
all-mpnet-base-v2,breast,CA_105,Breast cancer,C,20,Substance use:5,0.9974495601158202,0.9409911165552785,False,1.0029480618669533,0.9370840956562425,1.0734413479702056,0.9323095317916389,False,-1.152730310645603,1.0226984034601898,0.9664760909342073,1.0821913074218217,0.43656964885723903,False
all-mpnet-base-v2,breast,CA_105,Breast cancer,C,21,Depression:2; Mania:1,1.3183019512818548,1.1445598522536207e-12,True,1.31160234335484,1.2150936650873594,1.4157762125854112,3.4995647603766657e-12,True,0.9815630303499413,1.0715798577933382,1.02170964267347,1.1238842658112924,0.00446551148589509,False
all-mpnet-base-v2,breast,CA_105,Breast cancer,C,22,Open-mindedness:2; Extraversion:2; Agreeableness:1; Conscientiousness:1,1.110970072469893,0.03790928647846069,False,1.0858887341043362,0.9820759558159751,1.2006752999822672,0.10801379280159433,False,0.7830083049315062,1.0370143095257232,0.9813615137220298,1.0958231631505762,0.19654889083496485,False
all-mpnet-base-v2,prostate,CA_107.2,Prostate cancer,C,0,Psychosis:4,0.9225512169726514,0.08190699489320641,False,0.9260755325960299,0.8454559858327882,1.014382660296922,0.09839906538151026,False,0.9527007434696362,0.97275790523619,0.9077317203387595,1.0424422998530483,0.43395514262002,False
all-mpnet-base-v2,prostate,CA_107.2,Prostate cancer,C,1,Depression:2; Open-mindedness:2; Neighborhood disorder & safety:1; Perceived stress:1,1.0139914876882659,0.7225534960197229,False,1.0149761943242457,0.9399346147115913,1.0960088701074464,0.7044545102091643,False,1.069858381301531,1.0325661335581837,0.9722231170012199,1.0966544628767136,0.29691162022139783,False
all-mpnet-base-v2,prostate,CA_107.2,Prostate cancer,C,2,Panic & phobia:2; Everyday discrimination:1,1.0882663334760077,0.03032608593113981,False,1.0884798957444182,1.0080450914924894,1.1753328233418683,0.030423071874943503,False,1.0023197901181624,1.0216753961864904,0.9558492668905402,1.0920347499647725,0.5279891232997078,False
all-mpnet-base-v2,prostate,CA_107.2,Prostate cancer,C,3,Suicidality & self-harm:4,1.1603766065158925,0.0024512741273678275,False,1.1607938726858964,1.0538604787426393,1.2785776125438868,0.0024956678368852825,False,1.0024171015154157,1.147536132440304,1.056200081160506,1.2467705681381562,0.001145699366481223,True
all-mpnet-base-v2,prostate,CA_107.2,Prostate cancer,C,4,Neighborhood disorder & safety:12; Neighborhood social cohesion:3,0.9158150225841846,0.08086256740599296,False,0.91069316208206,0.8246405272007871,1.005725535074369,0.06471386578862619,False,1.0637744136422222,0.9738917684083973,0.9102119907333837,1.042026677553907,0.44321800711086723,False
all-mpnet-base-v2,prostate,CA_107.2,Prostate cancer,C,5,Everyday discrimination:2,0.913303292667853,0.06615552435942948,False,0.9162033864431264,0.8313501399714742,1.0097173320481496,0.07757353743408436,False,0.9650407489001686,1.0000756679665592,0.9320497419622981,1.0730664862940507,0.9983202881878606,False
all-mpnet-base-v2,prostate,CA_107.2,Prostate cancer,C,6,Healthcare discrimination:7; Everyday discrimination:2,1.033064988336046,0.38236660855706783,False,1.0356769277542162,0.9626466995380089,1.1142475211281404,0.34742515334816726,False,1.0776249991501112,1.0609790897101734,0.9969587425521033,1.1291105446556606,0.062315445672944766,False
all-mpnet-base-v2,prostate,CA_107.2,Prostate cancer,C,7,Loneliness:6; Perceived social support:1,1.2009783770317777,2.887113901383829e-06,True,1.2073494573734842,1.1178898483544277,1.3039681095286986,1.6089333197049053e-06,True,1.0288903952499646,1.0722712604432454,1.0067077110555334,1.142104747332288,0.03018618867388616,False
all-mpnet-base-v2,prostate,CA_107.2,Prostate cancer,C,8,Childhood adversity:5,0.870026005516859,0.0026747980357300807,False,0.8679517039210713,0.7924769213865233,0.9506146362236542,0.0022798979131811825,False,1.0171442420436811,0.9347396445095781,0.8748945547552821,0.998678295880224,0.04559298099669256,False
all-mpnet-base-v2,prostate,CA_107.2,Prostate cancer,C,9,Adult ADHD:4; Conscientiousness:2,1.0353298255437713,0.36028589493725005,False,1.037968332373815,0.963107682800617,1.1186477672755912,0.32919822234941387,False,1.0733071565622432,1.031495380637234,0.9677243007239457,1.0994688461166022,0.34091204108646544,False
all-mpnet-base-v2,prostate,CA_107.2,Prostate cancer,C,10,Subjective wellbeing:2; Self-rated health:2,0.9951377187895808,0.927157689212583,False,1.0010725228004969,0.9008138487601242,1.1124897749801477,0.9841158840506045,False,-0.21992555326494678,0.9826018337864147,0.914705221122453,1.0555382668261508,0.6309207875564402,False
all-mpnet-base-v2,prostate,CA_107.2,Prostate cancer,C,11,Childhood adversity:4,0.720945870144875,1.8256070016392712e-08,True,0.7213762506719338,0.6434004911571378,0.8088021414121104,2.197134727718223e-08,True,0.998176025697309,0.8690114798264335,0.802235570338486,0.9413456346139021,0.0005780964159641207,True
all-mpnet-base-v2,prostate,CA_107.2,Prostate cancer,C,12,Interpersonal & sexual violence:4; Generalized anxiety:1; Depression:1,1.096407254177157,0.10328617960678424,False,1.096531994331092,0.9814071649790866,1.2251616428919638,0.10345372673255926,False,1.0012360589598317,1.0483877253748095,0.9769058563864554,1.1251000447291475,0.18969368811748022,False
all-mpnet-base-v2,prostate,CA_107.2,Prostate cancer,C,13,Perceived social support:5,1.1752322021546584,0.003182885922512488,False,1.1726697904582553,1.0522568075778043,1.3068620013197005,0.003958973911580241,False,0.986481805032781,1.0180170511779925,0.9555975311116087,1.0845138070664335,0.5801845505096106,False
all-mpnet-base-v2,prostate,CA_107.2,Prostate cancer,C,14,Food insecurity:2; Perceived social support:1,0.7926910465303487,1.4469567596581182e-06,True,0.7957000221102216,0.7236582481739339,0.8749137134605423,2.3615899690758682e-06,True,0.9836919549996676,0.913182619146951,0.8509774574499774,0.9799348838345745,0.011633735909145956,False
all-mpnet-base-v2,prostate,CA_107.2,Prostate cancer,C,15,Perceived stress:4; Depression:1,1.0565430567523102,0.13229193110847887,False,1.0589056467568652,0.9854418201175457,1.1378461374815876,0.11871180666773554,False,1.0406101972805277,1.0104266278943241,0.9495156315622434,1.0752450369649003,0.7436863484489935,False
all-mpnet-base-v2,prostate,CA_107.2,Prostate cancer,C,16,Everyday discrimination:4,1.041366782861817,0.3421103770417542,False,1.045221976607544,0.9610192456090233,1.1368023953474957,0.3020164030035062,False,1.0911632248201228,0.9498819818241319,0.8905131503863959,1.0132088212314896,0.11841498207362508,False
all-mpnet-base-v2,prostate,CA_107.2,Prostate cancer,C,17,Perceived stress:2; Mania:1; Generalized anxiety:1; Body-focused repetitive behavior:1,0.8273525465275967,4.053421144753378e-06,True,0.8276999509990464,0.7633401980282395,0.8974860889724546,4.676942850368614e-06,True,0.9977849244188469,0.8967115178741641,0.8416775675115661,0.9553439194839154,0.0007417927256015446,True
all-mpnet-base-v2,prostate,CA_107.2,Prostate cancer,C,18,Depression:2; Perceived social support:2; Generalized anxiety:2; Adult ADHD:1,1.045819441722853,0.32900839486991695,False,1.0474232526413767,0.9570974488335192,1.146273528898178,0.31395202133102196,False,1.0342041296277096,0.9589122545647843,0.8967849731997855,1.0253435767033856,0.21958158503670078,False
all-mpnet-base-v2,prostate,CA_107.2,Prostate cancer,C,19,Daily spiritual experience:6; Religious participation:1,1.0041830005337071,0.9209799212714203,False,0.9927429367580258,0.913521987725954,1.078833954436354,0.8637099483327906,False,-1.7448591401334392,0.9623988481954177,0.9065440204567955,1.021695055184591,0.20897816020266768,False
all-mpnet-base-v2,prostate,CA_107.2,Prostate cancer,C,20,Substance use:5,0.9257953657658415,0.0435308390112551,False,0.927830991881203,0.8604453551154901,1.0004939237305894,0.05151940033543844,False,0.9715134386288943,0.929603056709134,0.8705809813890416,0.992626603976767,0.02917681142400916,False
all-mpnet-base-v2,prostate,CA_107.2,Prostate cancer,C,21,Depression:2; Mania:1,1.1938892697660044,0.0002870261366435094,True,1.1957283638843217,1.0864306475751746,1.3160217114535564,0.0002572444703278592,True,1.0086856440365242,1.030657669100898,0.9729794087275448,1.0917550991810867,0.3040864533528629,False
all-mpnet-base-v2,prostate,CA_107.2,Prostate cancer,C,22,Open-mindedness:2; Extraversion:2; Agreeableness:1; Conscientiousness:1,1.090213111267853,0.16395897790847114,False,1.0799095074548157,0.9556053458144188,1.2203830267372562,0.2178928302828399,False,0.8900591306482853,1.0477889577973227,0.9770725179569417,1.1236235590553996,0.1904037435006204,False
