encoder,component,ranking,n_set,pct_top,n_top,mean_abs_z,median_abs_z,mean_abs_r,median_abs_r,mean_share,median_share,n_semantic_groups,n_core_items,semantic_groups,instruments
all-mpnet-base-v2,0,share,4518,27.3,1233,3.86290469123383,3.8375097780837093,3.861198736127152,3.817863434330478,0.3323579056462888,0.31109449405296197,1,4,Psychosis:4,
all-mpnet-base-v2,14,share,4518,23.0,1040,3.0489472741887416,2.9423291995050653,3.272502005972558,3.1667060944993928,0.21248152110883028,0.18206928037731435,1,3,Food insecurity:2; Perceived social support:1,
all-mpnet-base-v2,16,share,4518,20.9,943,2.866728884545844,2.7971144959980654,2.921938381274445,2.8331440767307026,0.1928055145162673,0.1696063492439154,1,4,Everyday discrimination:4,
all-mpnet-base-v2,5,share,4518,18.8,849,3.108457558932702,3.129087429797978,2.6468300160275304,2.56850335436323,0.2153830517405234,0.18769691137393985,1,2,Everyday discrimination:2,
all-mpnet-base-v2,6,share,4518,18.7,846,3.0949528242313757,2.996147966071664,3.565636392728965,3.1961873585781433,0.2550959904522582,0.20121542767733203,1,9,Healthcare discrimination:7; Everyday discrimination:2,
all-mpnet-base-v2,22,share,4518,16.6,748,2.4752060772349966,2.477461211512666,2.305122911114154,2.1413267369451523,0.20001560383659736,0.1750563547808138,1,6,Open-mindedness:2; Extraversion:2; Agreeableness:1; Conscientiousness:1,
all-mpnet-base-v2,10,share,4518,15.5,702,2.693164219103669,2.634292227295062,2.3828144268599107,2.2547675365598896,0.19108197513886732,0.1744181553629825,1,4,Subjective wellbeing:2; Self-rated health:2,
all-mpnet-base-v2,13,share,4518,15.3,690,2.4225945924379193,2.469792056631851,2.476194625399047,2.3629820341178354,0.18517638458239236,0.17202767480557515,1,5,Perceived social support:5,
all-mpnet-base-v2,12,share,4518,14.9,674,2.3994105116802436,2.3384266159780127,2.806888449506808,2.5372850558618585,0.21150861648908265,0.18260836465099187,1,6,Interpersonal & sexual violence:4; Generalized anxiety:1; Depression:1,
all-mpnet-base-v2,4,share,4518,14.2,643,2.6013808825000866,2.6168476700469254,2.5231601214502715,2.3703809594430454,0.18376182434180233,0.16474311027299396,1,15,Neighborhood disorder & safety:12; Neighborhood social cohesion:3,
all-mpnet-base-v2,18,share,4518,14.2,643,2.9760377331265224,2.9427138038137315,2.604671673554211,2.4997305377480386,0.19302014993532035,0.17165860812442066,1,7,Depression:2; Perceived social support:2; Generalized anxiety:2; Adult ADHD:1,
all-mpnet-base-v2,11,share,4518,13.3,600,2.526248584108713,2.5711520970983432,2.520410279884113,2.438257097935713,0.1789171889982112,0.16021380504735075,1,4,Childhood adversity:4,
all-mpnet-base-v2,7,share,4518,12.1,546,2.754297579745192,2.7041761561948006,2.808027867841255,2.6955913526293793,0.16567424237075534,0.15415107223470004,1,7,Loneliness:6; Perceived social support:1,
all-mpnet-base-v2,9,share,4518,11.2,505,2.905347156817645,2.852002007484287,2.894240468129382,2.7958807984794354,0.1782349469597442,0.15891825907261906,1,6,Adult ADHD:4; Conscientiousness:2,
all-mpnet-base-v2,15,share,4518,8.8,398,2.8720971384234244,2.7815472503139613,2.7970160849120287,2.732628372479268,0.1687323958916828,0.15349569138403846,1,5,Perceived stress:4; Depression:1,
all-mpnet-base-v2,2,share,4518,8.8,397,2.722448153901563,2.6883486278454423,2.709230443146302,2.6802071798717275,0.15495353432857206,0.14685672808052974,1,3,Panic & phobia:2; Everyday discrimination:1,
all-mpnet-base-v2,3,share,4518,8.0,362,2.5204646826503554,2.5391563631119443,2.612309536972136,2.5630198292800177,0.153124722964118,0.1397873677137712,1,4,Suicidality & self-harm:4,
all-mpnet-base-v2,8,share,4518,8.0,361,2.0512462343307467,2.034972215677788,2.9201458566738854,2.890602037894489,0.15355910489887903,0.14641341875549915,1,5,Childhood adversity:5,
all-mpnet-base-v2,17,share,4518,7.8,354,2.526697421177548,2.4549995380101244,2.7627711279999083,2.650117739118035,0.16122680643700207,0.14704975314799543,1,5,Perceived stress:2; Mania:1; Generalized anxiety:1; Body-focused repetitive behavior:1,
all-mpnet-base-v2,1,share,4518,6.9,312,2.53460455420787,2.4367695498163204,2.748286595169399,2.6813436914957904,0.15816916051974841,0.14346862220706974,1,6,Depression:2; Open-mindedness:2; Neighborhood disorder & safety:1; Perceived stress:1,
all-mpnet-base-v2,20,share,4518,6.9,311,2.5920905987817475,2.559413561981806,2.5813341940250427,2.585286743211017,0.14102768786393358,0.1337008664507741,1,5,Substance use:5,
all-mpnet-base-v2,21,share,4518,5.6,253,2.0676109641754468,2.061666461877417,2.6223440971122303,2.5438061744538363,0.15051275198507208,0.14168023367641372,1,3,Depression:2; Mania:1,
all-mpnet-base-v2,19,share,4518,3.2,144,1.846870982331509,1.8192330534752275,2.568472742609287,2.6144675205149808,0.12291879522216398,0.11919815015548124,1,7,Daily spiritual experience:6; Religious participation:1,
bge-large-en-v1.5,9,share,4518,25.5,1152,4.009153637353045,3.986480084937318,3.739904202548448,3.6791767914339495,0.2892423991716332,0.268198336721877,1,4,Psychosis:4,
bge-large-en-v1.5,0,share,4518,24.7,1115,3.5875515961299316,3.5561845781194172,3.4772300793302384,3.386624944359293,0.21938880964277088,0.19915564781331757,1,2,Food insecurity:2,
bge-large-en-v1.5,14,share,4518,23.0,1037,2.7083527733471016,2.581524059929301,2.720320628239944,2.6120385622948907,0.22729424786216867,0.19194844642994496,1,4,Everyday discrimination:4,
bge-large-en-v1.5,18,share,4518,19.4,875,2.911378299930021,2.838722848803538,2.365758704052703,2.294982361516485,0.19019382503922708,0.16989289128796442,1,3,Self-rated health:2; Subjective wellbeing:1,
bge-large-en-v1.5,5,share,4518,17.6,796,3.4530707256966204,3.076171055206335,3.9577002047394187,3.5060316193749577,0.35237273487192533,0.20948082925353795,1,7,Healthcare discrimination:7,
bge-large-en-v1.5,13,share,4518,15.2,686,2.5480361759834174,2.4413325935764014,2.7655137310487716,2.6654120245308084,0.19680797297620178,0.17223389954495094,1,5,Everyday discrimination:3; Healthcare discrimination:2,
bge-large-en-v1.5,1,share,4518,14.5,656,2.5431367735413746,2.5522973339774113,2.39418268359487,2.2536739336831237,0.18182288874378688,0.16853900036147723,1,7,Perceived social support:7,
bge-large-en-v1.5,3,share,4518,13.3,602,2.5629164310451427,2.5916848600652163,2.275054038331541,2.1655051767215365,0.17554089593186312,0.16020113897868415,1,10,Agreeableness:3; Extraversion:3; Open-mindedness:2; Conscientiousness:1; Negative emotionality:1,
bge-large-en-v1.5,4,share,4518,12.9,582,2.4076353413641334,2.4164659249017104,2.42428457350971,2.309224250364851,0.17971866589328442,0.15804790645156522,1,14,Neighborhood disorder & safety:11; Neighborhood social cohesion:3,
bge-large-en-v1.5,22,share,4518,12.0,541,2.850506280023784,2.7838992159366223,2.595216666159288,2.553707015075092,0.16426729032899176,0.15096131361376783,1,7,Depression:5; Generalized anxiety:2,
bge-large-en-v1.5,25,share,4518,11.0,495,2.6417641235214675,2.6118189120587605,2.6886526669666986,2.654805771706646,0.15803571480333112,0.14715024548775663,1,3,Neighborhood disorder & safety:2; Substance use:1,
bge-large-en-v1.5,15,share,4518,9.8,445,2.6651048150567553,2.6174857897577337,2.67731087424027,2.5754802352442594,0.16525580214265626,0.15013351810052977,1,3,Adult ADHD:1; Daily spiritual experience:1; Perceived stress:1,
bge-large-en-v1.5,20,share,4518,9.8,442,3.598785524248969,3.428518541313953,3.7233702104912734,3.566888482575717,0.28004691885754485,0.2208922223885754,1,4,Interpersonal & sexual violence:4,
bge-large-en-v1.5,24,share,4518,9.6,432,2.817927310370996,2.7982070530468826,2.8451779088429885,2.7921334083832337,0.15187018168508265,0.140778412835938,1,5,Adult ADHD:4; Conscientiousness:1,
bge-large-en-v1.5,23,share,4518,8.7,391,2.534270084080178,2.4943761999999983,2.7051996851522886,2.579964371606503,0.15839997304944597,0.14360603112633122,1,3,Perceived stress:3,
bge-large-en-v1.5,19,share,4518,8.6,390,2.550347269218602,2.5043263864129317,2.7422701646958254,2.722254313830902,0.14455443390481118,0.13448645069138007,1,4,Suicidality & self-harm:4,
bge-large-en-v1.5,12,share,4518,8.1,368,2.748135815724822,2.768241710367912,2.7604714208693593,2.7475187899557136,0.14511485490028853,0.1391187162804745,1,2,Body-focused repetitive behavior:2,
bge-large-en-v1.5,6,share,4518,8.0,363,2.911766486295946,2.8797912296112473,2.6909520492756887,2.687745785390405,0.15530125794085325,0.1431902222965974,1,4,Childhood adversity:3; Mania:1,
bge-large-en-v1.5,16,share,4518,7.6,344,2.454100102234251,2.4040810829695056,2.3451185343998393,2.291007788788725,0.1502844025423057,0.13800896131351614,1,7,Childhood adversity:7,
bge-large-en-v1.5,21,share,4518,7.6,343,2.539332287895048,2.5455589026507774,2.58748259687537,2.5243003166793474,0.14631014543132073,0.1350500671341507,1,4,Open-mindedness:2; Conscientiousness:1; Depression:1,
bge-large-en-v1.5,10,share,4518,7.5,341,2.79572446135296,2.7574829013312927,2.675167864948467,2.6765240594249247,0.14358014994026916,0.1342135114343885,1,4,Panic & phobia:2; Depression:2,
bge-large-en-v1.5,11,share,4518,6.9,310,2.1432636170001,2.1692352423130536,2.5853972825983496,2.556937532591645,0.1352262663922667,0.1283472972546193,1,3,Childhood adversity:3,
bge-large-en-v1.5,17,share,4518,6.2,278,2.4682982672990774,2.430685264298215,2.7028796516929905,2.7112094106416826,0.1334588074257515,0.12944909021540701,1,7,Loneliness:7,
bge-large-en-v1.5,7,share,4518,5.9,267,2.469615232198775,2.472501207301576,2.7094031174757274,2.6319367355998122,0.1329806462023475,0.12581390729940978,1,5,Substance use:5,
bge-large-en-v1.5,2,share,4518,3.9,178,2.096148936860197,2.0659028254117713,2.5008224913378254,2.4619618700397288,0.12502013098983314,0.11948892633437427,1,3,Depression:2; Everyday discrimination:1,
bge-large-en-v1.5,8,share,4518,2.8,125,1.8709274639573954,1.872189576579134,2.339197327954759,2.2981322671311757,0.10658703635407688,0.10808113446994433,1,6,Daily spiritual experience:5; Religious participation:1,
bge-m3,16,share,4518,27.4,1236,3.598318761440337,3.5934678279970242,3.272661885412096,3.1572171149336543,0.22971320511818366,0.20438319855059112,1,2,Food insecurity:2,
bge-m3,3,share,4518,23.5,1060,3.818991495914912,3.813897198516978,3.4870975459584823,3.3783611030516076,0.2450159991423324,0.22411533471906941,1,3,Psychosis:3,
bge-m3,1,share,4518,20.5,924,2.9900492960388467,2.93806722639079,2.551864518002093,2.452691531314094,0.20905698633407024,0.18049585092987494,1,4,Self-rated health:2; Subjective wellbeing:1; Perceived stress:1,
bge-m3,25,share,4518,18.6,841,3.5975888154242006,3.4355033401746704,3.305018639802892,3.23586557562113,0.2219902918023347,0.18647635270721444,1,6,Healthcare discrimination:4; Everyday discrimination:2,
bge-m3,15,share,4518,18.6,840,3.0145061953122516,2.953603789415503,2.890471265376143,2.8048218023706166,0.20158008163424732,0.1789320367863061,1,4,Everyday discrimination:4,
bge-m3,11,share,4518,18.1,820,2.657587930930798,2.637042020493433,2.256427078497419,2.1404847398978504,0.20301623062351415,0.1817880895762269,1,8,Perceived social support:7; Loneliness:1,
bge-m3,20,share,4518,15.8,716,3.0883678972573763,3.0110894542054605,3.096599979763823,3.0805356766202756,0.20742675404437827,0.17507552470541665,1,7,Healthcare discrimination:5; Everyday discrimination:2,
bge-m3,6,share,4518,14.6,658,2.678421265045896,2.607575332779316,2.5608535164021196,2.487477734596683,0.17882260961144908,0.16157141265442426,1,6,Depression:3; Generalized anxiety:2; Adult ADHD:1,
bge-m3,22,share,4518,11.0,497,2.6537436705748396,2.6570334408806944,2.5692339671615825,2.355779792296802,0.17854967455943938,0.15812558502022694,1,16,Neighborhood disorder & safety:12; Neighborhood social cohesion:4,
bge-m3,24,share,4518,10.0,451,2.9159585199502063,2.9645935894387905,2.787850102285869,2.760250078436263,0.16071723699673435,0.14743733137843198,1,4,Suicidality & self-harm:4,
bge-m3,21,share,4518,9.8,441,2.7337069728633674,2.8112624750977506,2.6244394909517363,2.5814881485110317,0.16288828857843712,0.15334710446242816,1,4,Childhood adversity:3; Daily spiritual experience:1,
bge-m3,0,share,4518,9.7,440,2.4679743847312032,2.5154967621403816,2.2942625714289933,2.1800437611886254,0.16523567949116416,0.15566585067937022,1,3,Perceived social support:3,
bge-m3,18,share,4518,9.3,421,2.9235089460550787,2.90050597521585,2.995089582691233,2.9389689857932004,0.17350689050527704,0.16039918436666922,1,2,Substance use:1; Psychosis:1,
bge-m3,26,share,4518,9.3,420,3.180427897338163,3.0093083937541776,3.148292383594607,2.9638432503952505,0.21071222540807458,0.16775758274352026,1,4,Interpersonal & sexual violence:4,
bge-m3,9,share,4518,9.2,415,2.472473264661155,2.4427002738703494,2.3241207527328718,2.2570661409706942,0.16898485273198433,0.15581847667142404,1,9,Extraversion:3; Open-mindedness:2; Agreeableness:2; Conscientiousness:1; Negative emotionality:1,
bge-m3,8,share,4518,8.5,386,2.773384628708412,2.7034331193182393,2.840478292502811,2.7611298361776733,0.15750240525380518,0.1417699114161825,1,4,Adult ADHD:3; Conscientiousness:1,
bge-m3,4,share,4518,8.4,381,2.5076791764182587,2.4936795149541875,2.7282664057358077,2.6525617011759253,0.15974365402307436,0.15080449804016616,1,4,Depression:3; Negative emotionality:1,
bge-m3,19,share,4518,8.2,370,2.822079703833973,2.7775284936138585,2.77159007138258,2.7480164710088006,0.16219172516261768,0.1459989746011777,1,4,Perceived stress:2; Open-mindedness:1; Everyday discrimination:1,
bge-m3,13,share,4518,7.4,336,2.8636704282742738,2.8935663203046684,2.9025967748515944,2.874914402861834,0.15017872795487155,0.14022629365030212,1,2,Body-focused repetitive behavior:2,
bge-m3,23,share,4518,7.2,327,2.7446296910250885,2.717302894067169,2.725302478840699,2.687542705118649,0.15954876544415733,0.145264961036417,1,5,Perceived stress:2; Adult ADHD:1; Loneliness:1; Open-mindedness:1,
bge-m3,12,share,4518,6.5,295,2.4557891281088065,2.365112331434664,2.721149579578619,2.5793348693796982,0.14162105312956255,0.13403583823346243,1,6,Loneliness:6,
bge-m3,5,share,4518,6.1,277,2.3755711909463386,2.3245266376434612,2.275182959280516,2.1957873662702734,0.14026177343090876,0.13128595842765334,1,10,Childhood adversity:10,
bge-m3,7,share,4518,5.6,254,2.5612217822215437,2.498132691558734,2.7792404660838512,2.7460461324152763,0.14617715120798866,0.13571934240771077,1,4,Depression:2; Everyday discrimination:2,
bge-m3,2,share,4518,5.5,248,2.682748878354504,2.657541428802955,2.8960641111007193,2.89583393185759,0.14428489643108555,0.1366281827369491,1,4,Panic & phobia:2; Religious participation:1; Self-rated health:1,
bge-m3,14,share,4518,5.4,246,2.686592971850189,2.613326487494553,2.9077992119475544,2.7938086256232992,0.14981509247928182,0.13812633803791385,1,5,Mania:1; Generalized anxiety:1; Subjective wellbeing:1; Perceived stress:1; Life-threatening events:1,
bge-m3,10,share,4518,4.6,207,2.4916847998060763,2.429360742129486,2.549316195654563,2.5320832986859365,0.13012559986840555,0.1226474029905681,1,5,Substance use:5,
bge-m3,17,share,4518,1.0,47,1.8342043518711517,1.8377566241999839,2.3416178941580634,2.28454978965483,0.0961362869303852,0.09803259555927067,1,5,Daily spiritual experience:5,
e5-large-v2,5,share,4518,27.0,1220,3.642334724352468,3.642865423573067,3.4080422408442397,3.3410087680059295,0.22417484563580792,0.20292258113592898,1,2,Food insecurity:2,
e5-large-v2,14,share,4518,21.1,954,3.3808055047003625,3.265149166008058,3.479206277917803,3.420652442979938,0.2281372925277508,0.20538819462565155,1,4,Psychosis:3; Depression:1,
e5-large-v2,23,share,4518,19.5,882,2.9999256814713906,2.892453423679103,2.964907567518273,2.8695977401495183,0.21698453241894253,0.18262887104209508,1,4,Everyday discrimination:4,
e5-large-v2,21,share,4518,17.4,785,3.534606964399686,3.1870087691315963,3.857514360659477,3.368478311661442,0.3532227295454178,0.20991597741047732,1,6,Healthcare discrimination:6,
e5-large-v2,9,share,4518,16.6,750,2.9715781868850546,2.856125038569755,3.015986958076012,2.856847437245684,0.1974522429728568,0.17009719488277253,1,2,Everyday discrimination:2,
e5-large-v2,8,share,4518,16.3,735,2.54035410704988,2.362217269207498,2.662338625006858,2.563165336265092,0.19799279381655366,0.17212707364486035,1,6,Everyday discrimination:3; Healthcare discrimination:3,
e5-large-v2,13,share,4518,14.2,641,2.6033190551799033,2.5788457762788686,2.3236055426105864,2.2257245752749046,0.1648210308840439,0.15382714754537008,1,3,Self-rated health:2; Subjective wellbeing:1,
e5-large-v2,11,share,4518,13.7,618,3.1666214407959026,3.139961005895584,2.7365576763446113,2.6862853014447263,0.18972214768299164,0.16782521982911985,1,4,Neighborhood disorder & safety:4,
e5-large-v2,10,share,4518,13.3,603,2.550236380611734,2.540427036811656,2.4515404405956396,2.3242846927495244,0.17930830950891588,0.15545736736786075,1,12,Neighborhood disorder & safety:8; Neighborhood social cohesion:4,
e5-large-v2,22,share,4518,11.8,533,2.672122740993073,2.699854337374276,2.597645263934539,2.5347576896647457,0.17019614730837765,0.15676354468670642,1,4,Childhood adversity:4,
e5-large-v2,25,share,4518,11.8,532,2.591616401004709,2.6000993104591066,2.3237832796705287,2.2075736497823604,0.16066080938878374,0.15014203986594682,1,6,Perceived social support:6,
e5-large-v2,0,share,4518,10.8,490,2.648166606704054,2.6511753886334177,2.4604783825819014,2.3771440875032326,0.1668741584887493,0.15008395117350853,1,12,Agreeableness:3; Extraversion:3; Open-mindedness:3; Conscientiousness:2; Negative emotionality:1,
e5-large-v2,1,share,4518,10.1,457,2.6808539713238684,2.6901540143315583,2.639117479603259,2.5330935671550496,0.1574917686377957,0.14720228984304376,1,4,Generalized anxiety:2; Loneliness:1; Negative emotionality:1,
e5-large-v2,24,share,4518,10.0,450,2.6215382324115493,2.6114988216554664,2.8099585955764086,2.765788741987482,0.1500567385388284,0.14124733316693278,1,3,Suicidality & self-harm:3,
e5-large-v2,6,share,4518,9.8,444,3.0456015337891853,2.93730200289711,2.9187818313757288,2.8125071916325113,0.16424155150579117,0.1468442904534239,1,3,Depression:2; Generalized anxiety:1,
e5-large-v2,20,share,4518,9.8,441,2.4063136275273087,2.380044494290461,2.571391504661387,2.5076788585420196,0.15820393035549338,0.14691291006732926,1,9,Childhood adversity:8; Depression:1,
e5-large-v2,19,share,4518,9.6,432,2.665774726561745,2.6383121178590065,2.9074636495611763,2.836333711854886,0.15956340294843074,0.14169792908699835,1,3,Life-threatening events:2; Everyday discrimination:1,
e5-large-v2,15,share,4518,8.8,396,3.441462063511702,3.338019557660065,3.434846626530622,3.3309696523740446,0.245569976467076,0.19755104488834208,1,4,Interpersonal & sexual violence:4,
e5-large-v2,3,share,4518,8.3,373,2.4799087123452375,2.4018067335454267,2.58503307023691,2.519366720551984,0.14978946902265455,0.13751633795028495,1,5,Perceived stress:5,
e5-large-v2,16,share,4518,8.2,371,2.8315306799189086,2.8099914834012947,2.915235629352292,2.8361946202482438,0.1470309939087874,0.1324445293635732,1,5,Adult ADHD:4; Conscientiousness:1,
e5-large-v2,17,share,4518,8.0,363,2.5356618164190743,2.533340683885162,2.5776991038755304,2.4926248828008184,0.14584842905634865,0.13842593092676134,1,4,Perceived stress:4,
e5-large-v2,7,share,4518,7.5,341,2.4377979543234187,2.4083715424817718,2.778562022564688,2.710843324045117,0.1452386892230223,0.1378780740531381,1,6,Loneliness:6,
e5-large-v2,4,share,4518,6.3,283,2.4160579433507365,2.4130719949853203,2.7926682880119484,2.7641041307012686,0.1451936155396901,0.1342232716331562,1,2,Body-focused repetitive behavior:2,
e5-large-v2,2,share,4518,4.4,199,2.6028953010467846,2.6450975772292855,2.5877145279492275,2.541523691870688,0.126283388148695,0.12236823149816126,1,5,Substance use:5,
e5-large-v2,12,share,4518,4.0,179,2.477775037169535,2.43235260104937,2.578039440920896,2.642592544591805,0.13011968025926468,0.12553317095964714,1,3,Depression:2; Open-mindedness:1,
e5-large-v2,18,share,4518,1.8,82,1.9086120353076295,1.9594360596744596,2.189701258859595,2.1693579824615297,0.09603986108615055,0.09465189585015979,1,5,Daily spiritual experience:5,
gte-large-en-v1.5,25,share,4518,26.6,1201,4.0755480000343765,4.076313632854318,3.988740754814673,3.9432898878911775,0.2936873863503388,0.2710562992072108,1,4,Psychosis:4,
gte-large-en-v1.5,13,share,4518,25.5,1152,3.636877654772999,3.619378775031814,3.3102894928683284,3.2082160837474136,0.21316645758142702,0.19100792968442926,1,2,Food insecurity:2,
gte-large-en-v1.5,22,share,4518,20.2,911,3.4712971031565445,3.4632727713523677,3.005118351095587,2.900753759504874,0.20763837751004618,0.1822362184061549,1,6,Healthcare discrimination:4; Everyday discrimination:2,
gte-large-en-v1.5,16,share,4518,16.7,756,3.115670822687696,3.052446519754609,3.5183752195323446,3.2865635850015167,0.21533092763962014,0.17443318795622575,1,9,Healthcare discrimination:7; Everyday discrimination:2,
gte-large-en-v1.5,5,share,4518,16.4,740,2.768261480425583,2.7392635514870554,2.201097128261466,2.090014077227999,0.17490968698978315,0.15846713428276069,1,4,Subjective wellbeing:2; Self-rated health:2,
gte-large-en-v1.5,2,share,4518,15.3,691,2.9202615645700307,2.8640719455859,2.7856200869816052,2.662446233867823,0.1689833038161416,0.14613820516996473,1,4,Everyday discrimination:4,
gte-large-en-v1.5,19,share,4518,15.1,680,2.707142594413217,2.6379742211503983,2.5134496242483095,2.4274030179038606,0.17909620841012147,0.1599186443886893,1,8,Depression:5; Generalized anxiety:2; Adult ADHD:1,
gte-large-en-v1.5,24,share,4518,14.1,637,2.7246264248263548,2.6508985705341623,2.521144462183233,2.4056318251493365,0.17132311299648204,0.15068856659046237,1,5,Depression:4; Generalized anxiety:1,
gte-large-en-v1.5,8,share,4518,13.0,588,2.93768729952309,2.877531318112502,2.9238513906803054,2.84934042636937,0.16882340626782302,0.15045503786545864,1,2,Everyday discrimination:2,
gte-large-en-v1.5,15,share,4518,11.8,531,2.578700856102145,2.590532281151043,2.557176070464212,2.4151500493296987,0.1806689584526657,0.1620107765571015,1,14,Neighborhood disorder & safety:10; Neighborhood social cohesion:4,
gte-large-en-v1.5,4,share,4518,11.3,509,2.632570158604117,2.583916692632206,2.7151303811615257,2.72612790945227,0.14838123024407535,0.1359480346394609,1,4,Suicidality & self-harm:4,
gte-large-en-v1.5,9,share,4518,10.4,470,2.682206408462642,2.6606081629818883,2.6454601893570566,2.608585054904524,0.15031459995982566,0.1374213591327189,1,4,Childhood adversity:3; Interpersonal & sexual violence:1,
gte-large-en-v1.5,7,share,4518,10.2,460,2.539551303151087,2.551867126917598,2.257242531285625,2.1879499032894913,0.1480519638096229,0.1407121344215983,1,4,Perceived social support:4,
gte-large-en-v1.5,6,share,4518,10.1,456,2.8328264268483183,2.773669591668006,2.676825943574233,2.6132547659381338,0.16098593850081985,0.14101429249749206,1,4,Neighborhood disorder & safety:2; Childhood adversity:2,
gte-large-en-v1.5,21,share,4518,10.0,452,2.9033272572728075,2.8571656510042915,2.7672285987986007,2.655318572553049,0.15491522234584426,0.14198677564304735,1,5,Body-focused repetitive behavior:2; Perceived stress:1; Generalized anxiety:1; Panic & phobia:1,
gte-large-en-v1.5,17,share,4518,9.3,421,2.7326596776261587,2.681398148697837,2.4698329326662476,2.396328077496792,0.16000701503624545,0.14957781103731746,1,12,Open-mindedness:3; Agreeableness:3; Extraversion:3; Conscientiousness:2; Negative emotionality:1,
gte-large-en-v1.5,20,share,4518,8.7,393,3.7572545851280306,3.7326830061728677,3.7266696123683936,3.715885914408308,0.28008972716722397,0.24479978103448002,1,3,Interpersonal & sexual violence:3,
gte-large-en-v1.5,18,share,4518,8.3,375,2.6361732585022803,2.578947723182445,2.696470422093566,2.618967601837818,0.15002930164558237,0.13882404622747807,1,7,Generalized anxiety:3; Loneliness:1; Negative emotionality:1; Extraversion:1; Perceived social support:1,
gte-large-en-v1.5,12,share,4518,7.8,351,2.6905933988473434,2.657198776388973,2.721284556106585,2.6045392566707153,0.1446743267207156,0.13455981930499686,1,6,Loneliness:6,
gte-large-en-v1.5,23,share,4518,7.8,351,2.875089395101663,2.8003495492653285,2.9685548920383953,2.877469609315611,0.15898950673753848,0.14238910490306075,1,5,Adult ADHD:3; Conscientiousness:2,
gte-large-en-v1.5,11,share,4518,7.5,340,2.6886573090614507,2.610991203705849,2.7127237969916336,2.615804783038334,0.14864709816887853,0.13595825987676946,1,2,Perceived stress:2,
gte-large-en-v1.5,1,share,4518,6.6,299,2.7161655322600584,2.640039352172038,2.673878519097407,2.6378971580705066,0.13951211831273402,0.12651181964344502,1,3,Open-mindedness:2; Conscientiousness:1,
gte-large-en-v1.5,3,share,4518,6.5,293,2.2506155289701004,2.199557701091658,2.3657845953142544,2.344059898291048,0.13614355185785454,0.13016349802319077,1,7,Childhood adversity:7,
gte-large-en-v1.5,26,share,4518,5.3,239,2.480569901635621,2.4125970508781256,2.690253209098689,2.646099277432834,0.1258425114168735,0.12110036788015158,1,4,Panic & phobia:2; Perceived stress:2,
gte-large-en-v1.5,14,share,4518,3.8,172,2.522459343678271,2.5017278952965043,2.500883728219985,2.4929228399606043,0.11351156067710208,0.11030221654577069,1,5,Substance use:5,
gte-large-en-v1.5,10,share,4518,1.0,47,1.8699512204861142,1.8323194535936531,2.707394767007225,2.509575173361633,0.11341915651691914,0.11226681086875226,1,2,Depression:2,
gte-large-en-v1.5,0,share,4518,0.9,39,1.8871700499408417,1.8079004277761412,2.237034136128858,2.192415255910763,0.09402952895322841,0.09952336404324812,1,5,Daily spiritual experience:5,
qwen3-embedding-0.6b,4,share,4518,25.1,1133,3.975527448868678,3.9584278364013046,3.5217790400994895,3.44965606404906,0.2686013953839947,0.2437860570248919,1,3,Psychosis:3,
qwen3-embedding-0.6b,24,share,4518,23.7,1070,3.2124143822190967,3.111071336072266,3.334314182032137,3.2297127576394766,0.2109143359473614,0.1829667528259199,1,2,Food insecurity:2,
qwen3-embedding-0.6b,17,share,4518,21.4,969,2.950719845847973,2.8810797411703106,2.388781882159831,2.2748783396655234,0.20905151702772304,0.18259280732644695,1,5,Subjective wellbeing:2; Self-rated health:2; Daily spiritual experience:1,
qwen3-embedding-0.6b,1,share,4518,19.8,895,2.7657434338741154,2.6633303680268625,2.9963890458693387,2.885801195791686,0.1951734662971655,0.1725322282128872,1,4,Everyday discrimination:4,
qwen3-embedding-0.6b,18,share,4518,17.7,798,3.4930787673650436,3.4149109074955817,2.9628819467788294,2.9303951179115746,0.2084806042305229,0.18835453311385297,1,7,Healthcare discrimination:4; Everyday discrimination:2; Agreeableness:1,
qwen3-embedding-0.6b,16,share,4518,17.5,792,3.252663135075819,3.0953973666128376,3.368741328798021,3.243372362644017,0.24477148763928538,0.1924201574842263,1,6,Healthcare discrimination:6,
qwen3-embedding-0.6b,12,share,4518,16.5,745,2.5160429933599198,2.5338795864647565,2.4483657778810692,2.3427594401812804,0.18183938871005556,0.17064742743813174,1,6,Perceived social support:6,
qwen3-embedding-0.6b,10,share,4518,14.6,659,2.815713571342075,2.7253949321179896,2.612642424571863,2.4938629127530745,0.17746854597120185,0.1565233589387466,1,8,Depression:5; Generalized anxiety:2; Life-threatening events:1,
qwen3-embedding-0.6b,22,share,4518,13.5,608,2.990266813120144,2.919931416058465,2.8748587471947182,2.8106333456279478,0.16749209928376455,0.156164921886916,1,2,Everyday discrimination:1; Loneliness:1,
qwen3-embedding-0.6b,8,share,4518,13.2,595,2.5378615700514984,2.5857633649905587,2.525875829943391,2.3850180928067957,0.18241600639163003,0.16387085583186023,1,15,Neighborhood disorder & safety:11; Neighborhood social cohesion:4,
qwen3-embedding-0.6b,20,share,4518,11.7,528,2.907293988054103,2.8329629622535926,2.7145131890075147,2.6079271380722955,0.18100882795845286,0.15811401187510377,1,9,Depression:2; Perceived social support:2; Adult ADHD:2; Extraversion:1; Generalized anxiety:1; Perceived stress:1,
qwen3-embedding-0.6b,2,share,4518,10.9,493,2.6979004503543846,2.6903212792567985,2.3891624742637876,2.280660864912235,0.16897113530364405,0.15755054383032766,1,12,Agreeableness:3; Open-mindedness:3; Extraversion:3; Conscientiousness:2; Negative emotionality:1,
qwen3-embedding-0.6b,15,share,4518,10.3,467,3.6486068092002664,3.610119105451719,3.7173307087508016,3.662218686109743,0.28680038183471435,0.22065557507846173,1,3,Interpersonal & sexual violence:3,
qwen3-embedding-0.6b,3,share,4518,9.3,420,2.8215047749029987,2.7466351675660063,2.815810308369036,2.7655045060354246,0.1570316651691502,0.14385588160365553,1,4,Neighborhood disorder & safety:2; Substance use:1; Childhood adversity:1,
qwen3-embedding-0.6b,14,share,4518,9.0,407,2.7677755433832028,2.7523501993635864,2.6913662430353704,2.6093799286154162,0.1529065107421643,0.14034794053139094,1,6,Conscientiousness:1; Daily spiritual experience:1; Neighborhood disorder & safety:1; Body-focused repetitive behavior:1; Negative emotionality:1; Open-mindedness:1,
qwen3-embedding-0.6b,0,share,4518,8.8,399,2.5798190419764353,2.550447496519666,2.6593196781369115,2.6113150244920558,0.14171423758951712,0.13600442525944362,1,4,Suicidality & self-harm:4,
qwen3-embedding-0.6b,19,share,4518,8.6,387,2.8460065824454506,2.7789015109705795,2.76590508616893,2.7064832667764134,0.1524363831239802,0.13895857125209635,1,4,Adult ADHD:3; Conscientiousness:1,
qwen3-embedding-0.6b,23,share,4518,8.5,383,2.6209686567771073,2.62967604823394,2.60040915266776,2.4635422001643756,0.1577690384165388,0.14610485155299588,1,7,Panic & phobia:2; Generalized anxiety:1; Everyday discrimination:1; Perceived stress:1; Negative emotionality:1; Healthcare discrimination:1,
qwen3-embedding-0.6b,5,share,4518,7.6,342,2.038800858613967,1.9849094430395353,2.5450125898840463,2.4047094244240226,0.15536260820159523,0.1408497521937453,1,4,Depression:2; Negative emotionality:1; Interpersonal & sexual violence:1,
qwen3-embedding-0.6b,21,share,4518,7.5,339,2.6437946686497793,2.6030800347831176,2.6063476516174826,2.564658933383524,0.1477724848032207,0.13681673913402218,1,10,Childhood adversity:10,
qwen3-embedding-0.6b,7,share,4518,7.3,329,2.4227017022056194,2.4267229309522085,2.703826764116224,2.646053885028445,0.1419499279456245,0.13394273594518843,1,4,Loneliness:4,
qwen3-embedding-0.6b,13,share,4518,6.3,286,2.572426880555314,2.619879293298807,2.718893427447933,2.700645146788747,0.1454363476041119,0.1369415553837965,1,2,Mania:2,
qwen3-embedding-0.6b,9,share,4518,4.9,222,2.5514133363633413,2.56619128155448,2.533882520912227,2.464987414520899,0.1307716370432471,0.12263164063917842,1,5,Substance use:5,
qwen3-embedding-0.6b,6,share,4518,4.6,207,2.387609288168764,2.3642040713817036,2.589237737247405,2.533776592774286,0.1382638852276618,0.12620329117700532,1,2,Depression:1; Perceived stress:1,
qwen3-embedding-0.6b,11,share,4518,1.8,81,1.9126362757296782,1.8494497148754354,2.2721578792297414,2.272129446351771,0.10607841932091529,0.09917470165664372,1,4,Daily spiritual experience:4,
