encoder,component,n_people,mean_abs_z,median_abs_z,mean_abs_r,median_abs_r,mean_share,median_share,n_semantic_groups,n_core_items,semantic_groups,instruments
all-mpnet-base-v2,6,268,2.2524873695490815,2.0284969875020082,2.9325439363036527,2.0805652840609037,0.20968360958896942,0.07687841749006172,1,9,Healthcare discrimination:7; Everyday discrimination:2,
all-mpnet-base-v2,16,268,1.482741396471445,1.4187876209375538,1.6137340106241704,1.5495565832618532,0.07372752720443962,0.04902315105257608,1,4,Everyday discrimination:4,
all-mpnet-base-v2,14,268,1.1896449754384537,1.0850848006186031,1.3736218915116476,1.3163779642771847,0.0415096357960789,0.02725996354850673,1,3,Food insecurity:2; Perceived social support:1,
all-mpnet-base-v2,5,268,1.0934522252818162,0.9563631338703907,1.4778417078750608,1.436371708260892,0.051149090913953706,0.032007515204366094,1,2,Everyday discrimination:2,
all-mpnet-base-v2,12,268,1.061895689107253,0.8023060673016225,2.282856040791177,1.551943312544286,0.11635765086759121,0.028138169025200197,1,6,Interpersonal & sexual violence:4; Generalized anxiety:1; Depression:1,
all-mpnet-base-v2,13,268,1.0526696409693088,1.0207765972702905,1.1623456117083772,1.0561232428736798,0.038465257326909,0.02683720161219351,1,5,Perceived social support:5,
all-mpnet-base-v2,8,268,1.0121818514192695,0.9929433379048513,1.5482196789965614,1.0926964500344534,0.048781553346933106,0.016515141138085776,1,5,Childhood adversity:5,
all-mpnet-base-v2,1,268,1.006593833136042,0.8707425775444829,1.1543869365005568,1.0312528559205068,0.034334516420923535,0.016430367418586153,1,6,Depression:2; Open-mindedness:2; Neighborhood disorder & safety:1; Perceived stress:1,
all-mpnet-base-v2,7,268,1.004870762393227,0.9006998570899589,1.4798276374628718,1.4825157974108025,0.03808925102609309,0.024982325779506577,1,7,Loneliness:6; Perceived social support:1,
all-mpnet-base-v2,17,268,1.0010493778672853,0.9342299523388102,0.9158685929660885,0.7866380551793157,0.025068047537012805,0.01317666427593732,1,5,Perceived stress:2; Mania:1; Generalized anxiety:1; Body-focused repetitive behavior:1,
all-mpnet-base-v2,19,268,0.956211805099702,0.8779962741051708,1.2023470080585994,1.0542185514996234,0.023295996417000298,0.01628480304391651,1,7,Daily spiritual experience:6; Religious participation:1,
all-mpnet-base-v2,0,268,0.9474254616311688,0.6063475680528148,1.022418369888264,0.7116165740316431,0.04470054564656242,0.004745475691938825,1,4,Psychosis:4,
all-mpnet-base-v2,15,268,0.932098786665702,0.7023723176759,1.0777582993619694,0.9087482630030378,0.027121549988607194,0.008629752369147878,1,5,Perceived stress:4; Depression:1,
all-mpnet-base-v2,21,268,0.9226146229825558,0.8107299647664328,1.0380136285828943,0.874445881620981,0.027835962529913473,0.009439745798304998,1,3,Depression:2; Mania:1,
all-mpnet-base-v2,10,268,0.8753220216498198,0.772177936350225,1.0710471925653453,0.8101453772291164,0.03576024186723451,0.011754421823298519,1,4,Subjective wellbeing:2; Self-rated health:2,
all-mpnet-base-v2,9,268,0.8452961846780073,0.6589909180932938,1.2772708149181522,1.171197430618331,0.028744296876454654,0.010755431932076264,1,6,Adult ADHD:4; Conscientiousness:2,
all-mpnet-base-v2,4,268,0.8449845988038116,0.6564621162078526,1.223138153143561,1.0321738831516662,0.01967696477867356,0.00019305186252611153,1,15,Neighborhood disorder & safety:12; Neighborhood social cohesion:3,
all-mpnet-base-v2,20,268,0.821288490177924,0.6978449365919378,1.0974051161051845,0.9406092514846742,0.023255417206091016,0.010919272570176258,1,5,Substance use:5,
all-mpnet-base-v2,18,268,0.8091139794677111,0.7117173410671219,0.9710337911626816,0.8316675574192682,0.015662657782578027,0.005282106592055458,1,7,Depression:2; Perceived social support:2; Generalized anxiety:2; Adult ADHD:1,
all-mpnet-base-v2,2,268,0.8047174784377183,0.6564246499453276,0.7980607887643142,0.6614596735916198,0.019891834310536267,0.007057058217512227,1,3,Panic & phobia:2; Everyday discrimination:1,
all-mpnet-base-v2,11,268,0.7602160153916208,0.7475795536747833,1.3691619038545213,1.0176971524780831,0.023588737554506075,0.007207898102568189,1,4,Childhood adversity:4,
all-mpnet-base-v2,22,268,0.6945497407451033,0.5652329894915118,1.0615486954253481,0.828852215331161,0.017253091526877814,0.0041527913807294144,1,6,Open-mindedness:2; Extraversion:2; Agreeableness:1; Conscientiousness:1,
all-mpnet-base-v2,3,268,0.6217398863917097,0.5437941847539971,1.0939784521557043,0.9170006637429673,0.016046563486060247,0.008183661643886769,1,4,Suicidality & self-harm:4,
bge-large-en-v1.5,5,258,2.8179738552909956,1.9259759836936083,3.2013726904959405,2.2376001283762004,0.3360285711337659,0.06741786355024063,1,7,Healthcare discrimination:7,
bge-large-en-v1.5,20,258,2.1319502027525274,0.9162769212317925,2.211993880117931,1.0043134687863309,0.18387314986843187,0.011172776525313939,1,4,Interpersonal & sexual violence:4,
bge-large-en-v1.5,13,258,1.3520091752481094,1.288735848418317,1.0382411136979544,0.78524869178631,0.008146890414284697,-0.003476958541258592,1,5,Everyday discrimination:3; Healthcare discrimination:2,
bge-large-en-v1.5,14,258,1.1194701301535632,0.8096816444818167,1.6301763357946968,1.579588976020338,0.022543416920928587,-0.0032716914068843294,1,4,Everyday discrimination:4,
bge-large-en-v1.5,25,258,1.049859148856011,0.7762580513561511,1.1475454772852567,1.0531476165050129,0.032521154987742,0.012833643575600438,1,3,Neighborhood disorder & safety:2; Substance use:1,
bge-large-en-v1.5,21,258,1.0472570044845917,0.852837777583294,1.0313976739414692,0.8019139499009302,0.02989882203830327,0.00897760549118406,1,4,Open-mindedness:2; Conscientiousness:1; Depression:1,
bge-large-en-v1.5,2,258,1.007744402452475,0.9982281232311944,1.0263480906429987,0.8402348528416389,0.024053759474977694,0.013666344546549573,1,3,Depression:2; Everyday discrimination:1,
bge-large-en-v1.5,24,258,1.0062876037272497,0.8319969851618547,1.116525736157173,1.0006237156990672,0.026877606756040034,0.011182306841925362,1,5,Adult ADHD:4; Conscientiousness:1,
bge-large-en-v1.5,22,258,0.9886960652679976,0.8159548064904361,0.859546023707488,0.739111125709419,0.02215288828412584,0.004567977942161171,1,7,Depression:5; Generalized anxiety:2,
bge-large-en-v1.5,1,258,0.9694231421793316,0.9794296879638436,1.1818056503909424,0.9621291367087519,0.0192332403109058,0.0024468710985302232,1,7,Perceived social support:7,
bge-large-en-v1.5,17,258,0.9402783301615754,0.7922052689947083,0.9592622482546238,0.7878402307462526,0.02249831957725221,0.009814697426569239,1,7,Loneliness:7,
bge-large-en-v1.5,9,258,0.8691099405778566,0.5468545103094822,0.951879860783686,0.6364312082709965,0.03236173452274933,0.0030760643590523216,1,4,Psychosis:4,
bge-large-en-v1.5,23,258,0.86872744182765,0.7340918073614828,1.0260687470249423,0.8601636516041379,0.01720690707642871,0.005111240597901554,1,3,Perceived stress:3,
bge-large-en-v1.5,11,258,0.8671370736128885,0.730168104563154,0.8565970396834083,0.5908633257542305,0.020712763590813775,0.00425546677956715,1,3,Childhood adversity:3,
bge-large-en-v1.5,15,258,0.8657774300413433,0.6727607968494842,0.9015596878211194,0.6409413504419783,0.01857107321476722,0.0035029876464450172,1,3,Adult ADHD:1; Daily spiritual experience:1; Perceived stress:1,
bge-large-en-v1.5,8,258,0.8603985486607482,0.717811938340827,0.898168033387153,0.7718450654465843,0.021609824933247354,0.009940169553909561,1,6,Daily spiritual experience:5; Religious participation:1,
bge-large-en-v1.5,4,258,0.8313344668279543,0.6738893959406325,0.9758180189745226,0.7447168676478153,0.028712255314666642,0.008360121782088727,1,14,Neighborhood disorder & safety:11; Neighborhood social cohesion:3,
bge-large-en-v1.5,7,258,0.8247988186310256,0.6907753159131573,0.8861123588457385,0.7064080965654282,0.016989401001315657,0.005413086560461066,1,5,Substance use:5,
bge-large-en-v1.5,18,258,0.8033162828660768,0.6918913671373494,1.0887697204378515,0.8626556369387766,0.026936056110532666,0.005544570102794674,1,3,Self-rated health:2; Subjective wellbeing:1,
bge-large-en-v1.5,12,258,0.7861484177009846,0.5549269400053138,0.784522365058273,0.6163482535653312,0.01850896714926349,0.004608342659112998,1,2,Body-focused repetitive behavior:2,
bge-large-en-v1.5,10,258,0.7602362702922056,0.6041759108015361,0.877794620324475,0.7066592412116546,0.01654002049124389,0.007412184341375691,1,4,Panic & phobia:2; Depression:2,
bge-large-en-v1.5,3,258,0.7342603328119198,0.5663604588690783,1.1167659119655604,0.9496364309925576,0.024465894313073746,0.010741693149055518,1,10,Agreeableness:3; Extraversion:3; Open-mindedness:2; Conscientiousness:1; Negative emotionality:1,
bge-large-en-v1.5,6,258,0.6660716885817977,0.5058443102319163,0.7068063304011706,0.5746813334235621,0.012650329093116171,0.003723465425306928,1,4,Childhood adversity:3; Mania:1,
bge-large-en-v1.5,0,258,0.611669685508137,0.5230358746124137,0.7019518183863158,0.550808730665496,0.010595636813382095,0.0036308969546812106,1,2,Food insecurity:2,
bge-large-en-v1.5,16,258,0.6055362926349533,0.521232088394882,0.9156509225292677,0.8231292876542375,0.0020053559145063833,0.0014267526939476533,1,7,Childhood adversity:7,
bge-large-en-v1.5,19,258,0.5433208727769114,0.43043872451476967,0.8970865037022834,0.7930414309262264,0.004305960694134954,0.0004624729209097149,1,4,Suicidality & self-harm:4,
bge-m3,25,203,2.7047483971039807,2.4671775807955094,2.476456326152197,2.4100066142280814,0.17644234545956708,0.10826997588422899,1,6,Healthcare discrimination:4; Everyday discrimination:2,
bge-m3,20,203,2.4777869579184517,2.665911958619503,2.377898835673801,2.4382713945062995,0.17123987723333792,0.10856634391252529,1,7,Healthcare discrimination:5; Everyday discrimination:2,
bge-m3,26,203,1.6255318186022476,0.8405031940910981,1.6634123426906233,0.990362147274952,0.103764281637412,0.014668242773210171,1,4,Interpersonal & sexual violence:4,
bge-m3,15,203,1.1922638731861834,0.8659140530338825,1.7579360701078992,1.7434189394948498,0.04668942006992897,0.019111057332070913,1,4,Everyday discrimination:4,
bge-m3,19,203,1.088601504421751,0.8225287063696091,1.0166332427600118,0.784244079579926,0.03109820025837927,0.009703509565926772,1,4,Perceived stress:2; Open-mindedness:1; Everyday discrimination:1,
bge-m3,7,203,1.0236229529590466,0.8943611164698728,0.9989725218059639,0.831130667686485,0.024607717880720456,0.011202383295675562,1,4,Depression:2; Everyday discrimination:2,
bge-m3,12,203,1.0235487448686431,0.9077193690225326,1.1174107131608992,0.8849363481370345,0.029183675859206722,0.012403597682162286,1,6,Loneliness:6,
bge-m3,0,203,1.0075851467872659,0.9471285851211554,0.912332667276468,0.7070282706357065,0.022482445873086503,0.007226868118575097,1,3,Perceived social support:3,
bge-m3,3,203,0.992894945811325,0.6592727987385241,0.9796484315097217,0.6640647784253572,0.03413343324059539,0.0038849765562621163,1,3,Psychosis:3,
bge-m3,14,203,0.9847446890205818,0.8586365785735691,1.0606677712957981,0.8688232044873344,0.023221617969209355,0.00756868763470943,1,5,Mania:1; Generalized anxiety:1; Subjective wellbeing:1; Perceived stress:1; Life-threatening events:1,
bge-m3,8,203,0.9596761674501147,0.7673922720185437,0.9629729922696948,0.8039780218956828,0.022958217559845714,0.00933965568672631,1,4,Adult ADHD:3; Conscientiousness:1,
bge-m3,11,203,0.9260592584925315,0.8688765386189821,1.0348366292740416,0.8668013011920302,0.022104284386213237,0.0006205383829270642,1,8,Perceived social support:7; Loneliness:1,
bge-m3,18,203,0.9083925255343988,0.7032273503331344,1.0940547984903108,0.8422316053964297,0.026645863047979827,0.007765041000129687,1,2,Substance use:1; Psychosis:1,
bge-m3,23,203,0.9028384564308587,0.7883354862470695,1.136099449175899,0.9863354292751838,0.023027649625626916,0.01095294484713523,1,5,Perceived stress:2; Adult ADHD:1; Loneliness:1; Open-mindedness:1,
bge-m3,22,203,0.8900724006138577,0.7516600096733773,1.1463237872098042,0.8428262781845752,0.03552400399320549,0.007460963827605673,1,16,Neighborhood disorder & safety:12; Neighborhood social cohesion:4,
bge-m3,17,203,0.8886837261574098,0.8207286400129746,0.9552468752149842,0.8507792324829012,0.01792243210512715,0.012563011422181481,1,5,Daily spiritual experience:5,
bge-m3,16,203,0.8808850034386518,0.876820101747063,0.728154005987137,0.6058012953608513,0.012631837613928084,0.0044329314026048585,1,2,Food insecurity:2,
bge-m3,4,203,0.8804033933471513,0.8545979823768198,0.8955529980341757,0.7692577497151165,0.014919044533291733,0.004708271544684749,1,4,Depression:3; Negative emotionality:1,
bge-m3,10,203,0.8652013142418489,0.7414669992846392,0.9430351020544846,0.7493511500883048,0.016843980080086852,0.008585344356647527,1,5,Substance use:5,
bge-m3,2,203,0.8645350151525759,0.6848221043597525,0.9850827562041776,0.9289011084152357,0.0198832297287821,0.008888773994178064,1,4,Panic & phobia:2; Religious participation:1; Self-rated health:1,
bge-m3,6,203,0.863979392180151,0.7593466953838685,0.8638802959609725,0.7115245739042889,0.005696689965213876,0.0028790868837675967,1,6,Depression:3; Generalized anxiety:2; Adult ADHD:1,
bge-m3,1,203,0.8608853869811119,0.7284531756883292,1.1786821600878687,0.9381714127273717,0.03966795861732816,0.01146053508334589,1,4,Self-rated health:2; Subjective wellbeing:1; Perceived stress:1,
bge-m3,13,203,0.7753219961228575,0.4726557097594242,0.7828173170589854,0.517819295549043,0.02197625486529354,0.0033935696950939016,1,2,Body-focused repetitive behavior:2,
bge-m3,9,203,0.7148058028473212,0.5826736332489978,1.100587186999317,0.7996404183725238,0.026368089541479612,0.007199530038717105,1,9,Extraversion:3; Open-mindedness:2; Agreeableness:2; Conscientiousness:1; Negative emotionality:1,
bge-m3,21,203,0.643456916352768,0.4738509822999176,0.8451453987937438,0.6112649868986154,0.01240033179902336,0.0032455819870843335,1,4,Childhood adversity:3; Daily spiritual experience:1,
bge-m3,5,203,0.6045228433568204,0.531696694292557,0.8274779474205973,0.7194292256491921,0.009830449007756889,0.004813102653280611,1,10,Childhood adversity:10,
bge-m3,24,203,0.5878878462960496,0.4890563439092628,0.8682412943738853,0.709491947244031,0.008736668048373813,0.003134609002755049,1,4,Suicidality & self-harm:4,
e5-large-v2,21,246,3.012141266999495,2.673487462142158,3.2570292657129727,2.6277661744297864,0.3371937777951405,0.06506321034372822,1,6,Healthcare discrimination:6,
e5-large-v2,15,246,1.934671938329704,0.8498138006689608,2.0278588101391954,1.3597450324916223,0.13900874494820267,0.01332586812563955,1,4,Interpersonal & sexual violence:4,
e5-large-v2,8,246,1.6547194682325885,1.7009730014866205,1.1764749292646248,1.026307274433454,0.007133040595625717,-0.001305139181001579,1,6,Everyday discrimination:3; Healthcare discrimination:3,
e5-large-v2,23,246,1.2645500106792484,0.7035428727795171,1.9372763454936943,1.8485256749295753,0.05679145765626479,0.001101863304262038,1,4,Everyday discrimination:4,
e5-large-v2,19,246,1.081591260263255,0.7329620272063403,1.1527956150986467,0.8353534476213518,0.040132361117552716,0.0076078555138045685,1,3,Life-threatening events:2; Everyday discrimination:1,
e5-large-v2,9,246,1.0393839198677834,0.705696784587081,1.1614490640097155,0.8681956651246823,0.034812844882127235,0.004641362923464378,1,2,Everyday discrimination:2,
e5-large-v2,3,246,1.0280098781517097,0.9085621720282009,0.925893644660889,0.6841966539790878,0.021975498046950395,0.005440599151338703,1,5,Perceived stress:5,
e5-large-v2,11,246,1.0037863424304445,0.7170262024049137,1.0636511690055281,0.9316056484338102,0.030597729644526558,0.006594648337315993,1,4,Neighborhood disorder & safety:4,
e5-large-v2,12,246,0.9560937194103735,0.7478427630510318,0.9158678199547355,0.7737360665352807,0.02079460641613423,0.007832004110033458,1,3,Depression:2; Open-mindedness:1,
e5-large-v2,25,246,0.947729502728229,0.8982397362145829,1.0842229472165494,0.8666506021412618,0.02698498893706477,0.011767157188387445,1,6,Perceived social support:6,
e5-large-v2,17,246,0.9384636467508292,0.8530581789900507,0.8954425160263487,0.8033065910811061,0.018903932630825623,0.009344430949636997,1,4,Perceived stress:4,
e5-large-v2,16,246,0.912132954728232,0.7863469947109463,1.0793700519755023,0.9607915707466699,0.022829606892267918,0.010879471891436954,1,5,Adult ADHD:4; Conscientiousness:1,
e5-large-v2,7,246,0.9101845904676317,0.8071840099855067,0.9207710745143857,0.6791135557903037,0.019363072761074265,0.00585960238182458,1,6,Loneliness:6,
e5-large-v2,1,246,0.8856651357015243,0.7056886517912032,0.936687674732258,0.7601541897474515,0.020189078746684037,0.004782299362433431,1,4,Generalized anxiety:2; Loneliness:1; Negative emotionality:1,
e5-large-v2,18,246,0.8785971385009359,0.7420882529385945,1.076908467441148,0.9689807965741429,0.020339197087824234,0.011513188995722796,1,5,Daily spiritual experience:5,
e5-large-v2,13,246,0.8595954784755908,0.752308512976027,1.2018406873677336,1.0469700880118569,0.02886524446597117,0.008327086887944661,1,3,Self-rated health:2; Subjective wellbeing:1,
e5-large-v2,6,246,0.8556464347843202,0.7394584600433793,0.8969652170161869,0.7391325661690331,0.018846091885587515,0.00900931216990251,1,3,Depression:2; Generalized anxiety:1,
e5-large-v2,10,246,0.8390309317066867,0.7292104753160106,1.01539221109887,0.8574918998989273,0.027833175114352765,0.009925730644570393,1,12,Neighborhood disorder & safety:8; Neighborhood social cohesion:4,
e5-large-v2,4,246,0.8257653961178891,0.6462037587225091,0.9239240141041929,0.7501839346999989,0.01772484212505115,0.004807051715087008,1,2,Body-focused repetitive behavior:2,
e5-large-v2,2,246,0.7924946644504869,0.6406057362280128,0.8707237439743168,0.7804800614915581,0.01592588689622913,0.00814911129625639,1,5,Substance use:5,
e5-large-v2,0,246,0.7189496474494119,0.6088539218064595,1.0340555214977378,0.8989565038854668,0.022070330401437147,0.008643626925095285,1,12,Agreeableness:3; Extraversion:3; Open-mindedness:3; Conscientiousness:2; Negative emotionality:1,
e5-large-v2,14,246,0.7184712653410468,0.5124088655914429,0.821439187188069,0.6309261467256886,0.01455665419920652,0.001992126059159329,1,4,Psychosis:3; Depression:1,
e5-large-v2,22,246,0.6524606780493841,0.586789355045974,0.7815395671840331,0.5807613134306824,0.011560539259823867,0.00168033140465096,1,4,Childhood adversity:4,
e5-large-v2,5,246,0.6507942077128039,0.5856662496777107,0.716628682520037,0.6236948841304915,0.008237217580459462,0.002770836133114853,1,2,Food insecurity:2,
e5-large-v2,20,246,0.6129195895032139,0.530148076761239,0.7389379194725125,0.5536080707751723,0.010085881582844198,0.0022926835287478747,1,9,Childhood adversity:8; Depression:1,
e5-large-v2,24,246,0.5239572675230624,0.4731171213672795,0.8737372770735918,0.6763400750666486,0.0072441983307714175,0.002096782289103551,1,3,Suicidality & self-harm:3,
gte-large-en-v1.5,22,253,2.294119678598271,2.0857394857509526,2.142068316156748,1.9520689762382828,0.13719881193858,0.071935255688169,1,6,Healthcare discrimination:4; Everyday discrimination:2,
gte-large-en-v1.5,20,253,2.263961058307259,1.191236097941382,2.193338281310364,1.0292323796916087,0.17665551979219105,0.01497822032162935,1,3,Interpersonal & sexual violence:3,
gte-large-en-v1.5,16,253,2.2226757558407426,1.9237106903109016,2.655242753037893,1.8062030038958874,0.1652463836711729,0.0644300695614338,1,9,Healthcare discrimination:7; Everyday discrimination:2,
gte-large-en-v1.5,2,253,1.4609502107299104,1.324081220141874,1.5249118300536377,1.4200573989750762,0.05645143444115179,0.03453116005796546,1,4,Everyday discrimination:4,
gte-large-en-v1.5,12,253,1.0517701957014438,0.9901779644931399,1.172259387796472,1.0170409297743799,0.03162467797305885,0.015547547759416334,1,6,Loneliness:6,
gte-large-en-v1.5,8,253,1.0368921524885122,0.7994041863719966,1.0520633243509827,0.8064419577894657,0.025750505256062938,0.005667779634562825,1,2,Everyday discrimination:2,
gte-large-en-v1.5,1,253,0.993892109803206,0.8273281640169201,1.0394498617779684,0.885180507429884,0.02573003262137663,0.009735802709889874,1,3,Open-mindedness:2; Conscientiousness:1,
gte-large-en-v1.5,7,253,0.9849007968073094,0.9384315419625918,1.0302420210116956,0.7784614283136007,0.016755617598860236,0.003092768823057657,1,4,Perceived social support:4,
gte-large-en-v1.5,10,253,0.945767140927997,0.9300782762808172,0.9834982715829428,0.8442830765670445,0.0189220231544011,0.014150820827235499,1,2,Depression:2,
gte-large-en-v1.5,23,253,0.9376173081170242,0.8110451332765213,0.9502248652189527,0.791649206257914,0.02177125282741163,0.008606989542425787,1,5,Adult ADHD:3; Conscientiousness:2,
gte-large-en-v1.5,25,253,0.9302863120811512,0.583508336959911,0.9045223330121911,0.5126552111583089,0.03894610809504712,0.0024280303258543915,1,4,Psychosis:4,
gte-large-en-v1.5,11,253,0.916384514450194,0.7424023096503666,0.8905574143513532,0.6936584902899078,0.02175558105323814,0.0067489913215995866,1,2,Perceived stress:2,
gte-large-en-v1.5,19,253,0.898659221294844,0.7179509318733849,0.8191039784758772,0.6307420379342078,0.01955239507124662,0.005479951770488264,1,8,Depression:5; Generalized anxiety:2; Adult ADHD:1,
gte-large-en-v1.5,6,253,0.8822176417700041,0.6309164495851732,1.121551062590318,0.9262134548644548,0.02524987221976628,0.005380905156028051,1,4,Neighborhood disorder & safety:2; Childhood adversity:2,
gte-large-en-v1.5,18,253,0.8803697725137949,0.69502284645603,0.922755762814295,0.7697810456356694,0.019721927468483877,0.006635822583494125,1,7,Generalized anxiety:3; Loneliness:1; Negative emotionality:1; Extraversion:1; Perceived social support:1,
gte-large-en-v1.5,24,253,0.8708012541949522,0.8012277439888589,0.7724164884000332,0.635873291500512,0.0075625763098673675,0.0013993826654421192,1,5,Depression:4; Generalized anxiety:1,
gte-large-en-v1.5,14,253,0.8611956218482292,0.8140413866454778,0.8271484149792405,0.7063166888601533,0.016323965287312572,0.009175545600822267,1,5,Substance use:5,
gte-large-en-v1.5,21,253,0.8582163205553177,0.6793791752341456,0.9290300896677832,0.6951195686874819,0.02271413931451654,0.006014027842425626,1,5,Body-focused repetitive behavior:2; Perceived stress:1; Generalized anxiety:1; Panic & phobia:1,
gte-large-en-v1.5,26,253,0.8505868928211922,0.6381983804880238,0.9342112180486198,0.6984181794541734,0.02079184081164693,0.0046404103932520075,1,4,Panic & phobia:2; Perceived stress:2,
gte-large-en-v1.5,0,253,0.8409819764007215,0.7797347583093585,0.9539956711516298,0.8829233705985878,0.016963686942397214,0.009660156961617912,1,5,Daily spiritual experience:5,
gte-large-en-v1.5,9,253,0.8306751322402249,0.6269288827095301,0.7111197724097889,0.5185483316269215,0.01705488785675906,0.003398049502957155,1,4,Childhood adversity:3; Interpersonal & sexual violence:1,
gte-large-en-v1.5,15,253,0.80635846417357,0.6446984835832025,1.0270642660641398,0.8191590520943789,0.028191013084705428,0.006937263462367897,1,14,Neighborhood disorder & safety:10; Neighborhood social cohesion:4,
gte-large-en-v1.5,17,253,0.7185507196236391,0.5732302795703742,0.9623415967852378,0.8083368103712328,0.02019413547237811,0.007350260271715516,1,12,Open-mindedness:3; Agreeableness:3; Extraversion:3; Conscientiousness:2; Negative emotionality:1,
gte-large-en-v1.5,5,253,0.6884214349822703,0.5800975063521916,1.0818826134813395,0.9595945956588704,0.022525883210151122,0.008416637425828924,1,4,Subjective wellbeing:2; Self-rated health:2,
gte-large-en-v1.5,3,253,0.6372941612835188,0.5682623396305336,1.0495507814475857,0.793152392771447,0.006658945020359646,0.0009638471542933289,1,7,Childhood adversity:7,
gte-large-en-v1.5,13,253,0.633955602547298,0.531198129232108,0.8076220722059704,0.7350665956784362,0.010411306901470251,0.004096116639435038,1,2,Food insecurity:2,
gte-large-en-v1.5,4,253,0.5888849616482029,0.4675123090638489,0.84076896338466,0.6617638903181172,0.009275476606386586,0.0025344263260124148,1,4,Suicidality & self-harm:4,
qwen3-embedding-0.6b,16,263,2.4752317502534766,2.091119019521238,2.575120130048699,2.0727114816136245,0.20016427903952524,0.06514315206003635,1,6,Healthcare discrimination:6,
qwen3-embedding-0.6b,18,263,2.359140853503416,1.807412904267343,1.945976188908449,1.771809127410509,0.12523010054020367,0.05949217472170229,1,7,Healthcare discrimination:4; Everyday discrimination:2; Agreeableness:1,
qwen3-embedding-0.6b,15,263,2.3141039313145546,1.1414647393710302,2.3170949763890296,1.1139090756595582,0.19515365672080176,0.019857735327031573,1,3,Interpersonal & sexual violence:3,
qwen3-embedding-0.6b,22,263,1.0349644384798717,0.8074291900609325,1.1485514657124367,0.9553260531079918,0.034455552525752116,0.012808295434973393,1,2,Everyday discrimination:1; Loneliness:1,
qwen3-embedding-0.6b,19,263,0.9998015057832178,0.839457656809226,1.0224227133060741,0.9068458180004357,0.025919346049468717,0.010484336925725073,1,4,Adult ADHD:3; Conscientiousness:1,
qwen3-embedding-0.6b,1,263,0.9923391749613948,0.7142537859738471,1.5352168251520517,1.467313915818867,0.033185695928055224,0.007661472356408732,1,4,Everyday discrimination:4,
qwen3-embedding-0.6b,10,263,0.991844574543801,0.8865956553277909,0.9746382318820261,0.7573920852295819,0.023467751797095548,0.006390218974848681,1,8,Depression:5; Generalized anxiety:2; Life-threatening events:1,
qwen3-embedding-0.6b,7,263,0.9811459379131158,0.9073580732840911,0.9235301853273943,0.7697626154210829,0.023526804048352407,0.011125738669854513,1,4,Loneliness:4,
qwen3-embedding-0.6b,14,263,0.962922957863477,0.7209676107052285,1.0885383076741588,0.906635646955609,0.02521991283716102,0.009060799300554822,1,6,Conscientiousness:1; Daily spiritual experience:1; Neighborhood disorder & safety:1; Body-focused repetitive behavior:1; Negative emotionality:1; Open-mindedness:1,
qwen3-embedding-0.6b,6,263,0.9626745559315174,0.8540624688569309,0.9197545607762888,0.7841720999012454,0.024105881029264732,0.007300461578779783,1,2,Depression:1; Perceived stress:1,
qwen3-embedding-0.6b,12,263,0.9497055523166372,0.9410448195053759,1.0669388102236772,0.8882391022706854,0.01829349653476376,0.004056300872655489,1,6,Perceived social support:6,
qwen3-embedding-0.6b,20,263,0.908614413686196,0.7829537541986291,0.8710686340803447,0.6835297916738808,0.018746051186597227,0.006784060537705636,1,9,Depression:2; Perceived social support:2; Adult ADHD:2; Extraversion:1; Generalized anxiety:1; Perceived stress:1,
qwen3-embedding-0.6b,13,263,0.9019167048170301,0.782746021310667,0.9387778176845324,0.8565530493410377,0.02126480712877745,0.011291595549945112,1,2,Mania:2,
qwen3-embedding-0.6b,3,263,0.8930874939124986,0.6165929010601342,0.9387268267638128,0.785218030422474,0.0217660703149956,0.005737019456189943,1,4,Neighborhood disorder & safety:2; Substance use:1; Childhood adversity:1,
qwen3-embedding-0.6b,4,263,0.8743758001724764,0.6062467270509516,0.9001959907151803,0.6452724139423283,0.031296267097573396,0.0054662289865185475,1,3,Psychosis:3,
qwen3-embedding-0.6b,11,263,0.8547080998749939,0.7903131751883428,0.9092292161093174,0.7542413407982913,0.019173357511837477,0.011431719323507958,1,4,Daily spiritual experience:4,
qwen3-embedding-0.6b,8,263,0.8468804138277753,0.7593921967038243,0.9946952036551382,0.7750289107561652,0.030828171869725262,0.011503662785192319,1,15,Neighborhood disorder & safety:11; Neighborhood social cohesion:4,
qwen3-embedding-0.6b,9,263,0.8241642618454526,0.7473544829680651,0.9292871961652633,0.8356959367372113,0.019622497924532446,0.01073012105007236,1,5,Substance use:5,
qwen3-embedding-0.6b,24,263,0.8141427623138126,0.6336739494965077,0.6757406240101023,0.562888348548881,0.01421231682795471,0.0046426246060302006,1,2,Food insecurity:2,
qwen3-embedding-0.6b,17,263,0.7872226605229691,0.655372399872565,1.0343359946907624,0.9047069744813558,0.02395259541733087,0.007427181751260344,1,5,Subjective wellbeing:2; Self-rated health:2; Daily spiritual experience:1,
qwen3-embedding-0.6b,5,263,0.7806450201745019,0.6883771367784599,0.831903859963544,0.7128965285064957,0.016795625939052605,0.00714540971100047,1,4,Depression:2; Negative emotionality:1; Interpersonal & sexual violence:1,
qwen3-embedding-0.6b,23,263,0.7781309311888941,0.626240731745424,0.9009298565813991,0.716331004368041,0.023143047304561716,0.007799583270633613,1,7,Panic & phobia:2; Generalized anxiety:1; Everyday discrimination:1; Perceived stress:1; Negative emotionality:1; Healthcare discrimination:1,
qwen3-embedding-0.6b,2,263,0.7529089723574929,0.6338911560816862,0.9869773988968742,0.7999119591979604,0.021380475880521343,0.006568292187619868,1,12,Agreeableness:3; Open-mindedness:3; Extraversion:3; Conscientiousness:2; Negative emotionality:1,
qwen3-embedding-0.6b,21,263,0.5682116512708729,0.5188211271090643,0.7370786237362449,0.651330090638755,0.005348059284833313,0.0027629911992317034,1,10,Childhood adversity:10,
qwen3-embedding-0.6b,0,263,0.5024344377560603,0.41592082375597156,0.8051573968429431,0.7006557770671312,0.0037481792612623333,0.000174852526273556,1,4,Suicidality & self-harm:4,
