encoder,group,constructs,n_core_items,n_set_A,n_top_A,pct_top_A,mean_abs_z_A,mean_abs_r_A,mean_share_A,n_set_B,n_top_B,pct_top_B,mean_abs_z_B,mean_abs_r_B,mean_share_B
gte-large-en-v1.5,25,Psychosis 4,4,4518,1201,26.6,4.0755480000343765,3.988740754814673,0.2936873863503388,253,23,9.1,4.157369586074491,4.376113158931818,0.3563528464609301
gte-large-en-v1.5,13,Food insecurity 2,2,4518,1152,25.5,3.636877654772999,3.3102894928683284,0.213166457581427,253,<=20,,,,
gte-large-en-v1.5,22,"Healthcare discrimination 4, Everyday discrimination 2",6,4518,911,20.2,3.4712971031565445,3.005118351095587,0.2076383775100461,253,119,47.0,3.891615022872888,3.497718758743689,0.2713840869436534
gte-large-en-v1.5,16,"Healthcare discrimination 7, Everyday discrimination 2",9,4518,756,16.7,3.115670822687696,3.518375219532345,0.2153309276396201,253,119,47.0,3.715473066305092,4.690033790214455,0.3356761272498306
gte-large-en-v1.5,5,"Subjective wellbeing 2, Self-rated health 2",4,4518,740,16.4,2.768261480425583,2.201097128261466,0.1749096869897831,253,<=20,,,,
gte-large-en-v1.5,2,Everyday discrimination 4,4,4518,691,15.3,2.9202615645700307,2.785620086981605,0.1689833038161416,253,68,26.9,2.4634406814028824,2.556005182132525,0.136186672688779
gte-large-en-v1.5,19,"Depression 5, Generalized anxiety 2, Adult ADHD 1",8,4518,680,15.1,2.707142594413217,2.513449624248309,0.1790962084101214,253,<=20,,,,
gte-large-en-v1.5,24,"Depression 4, Generalized anxiety 1",5,4518,637,14.1,2.7246264248263548,2.521144462183233,0.171323112996482,253,<=20,,,,
gte-large-en-v1.5,8,Everyday discrimination 2,2,4518,588,13.0,2.93768729952309,2.9238513906803054,0.168823406267823,253,22,8.7,2.8801419724484174,2.8356267086627565,0.1741757460022427
gte-large-en-v1.5,15,"Neighborhood disorder & safety 10, Neighborhood social cohesion 4",14,4518,531,11.8,2.578700856102145,2.557176070464212,0.1806689584526657,253,21,8.3,2.1969286619248174,2.980423059351316,0.1964249759511719
gte-large-en-v1.5,4,Suicidality & self-harm 4,4,4518,509,11.3,2.632570158604117,2.7151303811615257,0.1483812302440753,253,<=20,,,,
gte-large-en-v1.5,9,"Childhood adversity 3, Interpersonal & sexual violence 1",4,4518,470,10.4,2.682206408462642,2.6454601893570566,0.1503145999598256,253,<=20,,,,
gte-large-en-v1.5,7,Perceived social support 4,4,4518,460,10.2,2.539551303151087,2.257242531285625,0.1480519638096229,253,22,8.7,1.8683627950222708,2.5012062250914577,0.128248272136757
gte-large-en-v1.5,6,"Neighborhood disorder & safety 2, Childhood adversity 2",4,4518,456,10.1,2.8328264268483183,2.676825943574233,0.1609859385008198,253,<=20,,,,
gte-large-en-v1.5,21,"Body-focused repetitive behavior 2, Perceived stress 1, Generalized anxiety 1, Panic & phobia 1",5,4518,452,10.0,2.9033272572728075,2.7672285987986007,0.1549152223458442,253,<=20,,,,
gte-large-en-v1.5,17,"Open-mindedness 3, Agreeableness 3, Extraversion 3, Conscientiousness 2, Negative emotionality 1",12,4518,421,9.3,2.7326596776261587,2.469832932666248,0.1600070150362454,253,<=20,,,,
gte-large-en-v1.5,20,Interpersonal & sexual violence 3,3,4518,393,8.7,3.757254585128031,3.7266696123683936,0.2800897271672239,253,97,38.3,4.780505893423481,4.744042170953278,0.4454114978215499
gte-large-en-v1.5,18,"Generalized anxiety 3, Loneliness 1, Negative emotionality 1, Extraversion 1, Perceived social support 1",7,4518,375,8.3,2.6361732585022803,2.696470422093566,0.1500293016455823,253,<=20,,,,
gte-large-en-v1.5,12,Loneliness 6,6,4518,351,7.8,2.6905933988473434,2.721284556106585,0.1446743267207156,253,29,11.5,2.1691992878268174,2.6482171215669026,0.1203245457086953
gte-large-en-v1.5,23,"Adult ADHD 3, Conscientiousness 2",5,4518,351,7.8,2.875089395101663,2.9685548920383957,0.1589895067375384,253,<=20,,,,
gte-large-en-v1.5,11,Perceived stress 2,2,4518,340,7.5,2.6886573090614507,2.7127237969916336,0.1486470981688785,253,<=20,,,,
gte-large-en-v1.5,1,"Open-mindedness 2, Conscientiousness 1",3,4518,299,6.6,2.7161655322600584,2.673878519097407,0.139512118312734,253,28,11.1,2.309493952004549,2.4402352555375115,0.1107854309810649
gte-large-en-v1.5,3,Childhood adversity 7,7,4518,293,6.5,2.2506155289701004,2.3657845953142544,0.1361435518578545,253,<=20,,,,
gte-large-en-v1.5,26,"Panic & phobia 2, Perceived stress 2",4,4518,239,5.3,2.480569901635621,2.690253209098689,0.1258425114168735,253,22,8.7,2.314412367079019,2.39176137704655,0.1069035265769549
gte-large-en-v1.5,14,Substance use 5,5,4518,172,3.8,2.522459343678271,2.500883728219985,0.113511560677102,253,<=20,,,,
gte-large-en-v1.5,10,Depression 2,2,4518,47,1.0,1.8699512204861144,2.707394767007225,0.1134191565169191,253,<=20,,,,
gte-large-en-v1.5,0,Daily spiritual experience 5,5,4518,39,0.9,1.8871700499408417,2.237034136128858,0.0940295289532284,253,<=20,,,,
bge-m3,16,Food insecurity 2,2,4518,1236,27.4,3.598318761440337,3.272661885412096,0.2297132051181836,203,<=20,,,,
bge-m3,3,Psychosis 3,3,4518,1060,23.5,3.818991495914912,3.4870975459584823,0.2450159991423324,203,<=20,,,,
bge-m3,1,"Self-rated health 2, Subjective wellbeing 1, Perceived stress 1",4,4518,924,20.5,2.9900492960388467,2.551864518002093,0.2090569863340702,203,23,11.3,2.234058552697371,3.0623388962154525,0.2134509680298312
bge-m3,25,"Healthcare discrimination 4, Everyday discrimination 2",6,4518,841,18.6,3.5975888154242006,3.305018639802892,0.2219902918023347,203,103,50.7,4.485027435175974,3.860066598898411,0.3269560670956349
bge-m3,15,Everyday discrimination 4,4,4518,840,18.6,3.014506195312252,2.890471265376143,0.2015800816342473,203,33,16.3,2.965653835013716,2.748827511975982,0.2001506050116061
bge-m3,11,"Perceived social support 7, Loneliness 1",8,4518,820,18.1,2.657587930930798,2.256427078497419,0.2030162306235141,203,21,10.3,1.85713237519702,2.509111513392132,0.1785667317099777
bge-m3,20,"Healthcare discrimination 5, Everyday discrimination 2",7,4518,716,15.8,3.0883678972573763,3.096599979763823,0.2074267540443782,203,101,49.8,3.8547532794982615,3.8431775961195065,0.3273261832701379
bge-m3,6,"Depression 3, Generalized anxiety 2, Adult ADHD 1",6,4518,658,14.6,2.678421265045896,2.56085351640212,0.178822609611449,203,<=20,,,,
bge-m3,22,"Neighborhood disorder & safety 12, Neighborhood social cohesion 4",16,4518,497,11.0,2.65374367057484,2.5692339671615825,0.1785496745594393,203,25,12.3,2.1921485330683863,3.06808146782569,0.1931074612310317
bge-m3,24,Suicidality & self-harm 4,4,4518,451,10.0,2.9159585199502063,2.787850102285869,0.1607172369967343,203,<=20,,,,
bge-m3,21,"Childhood adversity 3, Daily spiritual experience 1",4,4518,441,9.8,2.7337069728633674,2.6244394909517363,0.1628882885784371,203,<=20,,,,
bge-m3,0,Perceived social support 3,3,4518,440,9.7,2.4679743847312032,2.2942625714289933,0.1652356794911641,203,<=20,,,,
bge-m3,18,"Substance use 1, Psychosis 1",2,4518,421,9.3,2.9235089460550787,2.995089582691233,0.173506890505277,203,<=20,,,,
bge-m3,26,Interpersonal & sexual violence 4,4,4518,420,9.3,3.180427897338163,3.148292383594607,0.2107122254080745,203,58,28.6,4.076188249620965,3.948105216611552,0.335147082058651
bge-m3,9,"Extraversion 3, Open-mindedness 2, Agreeableness 2, Conscientiousness 1, Negative emotionality 1",9,4518,415,9.2,2.472473264661155,2.324120752732872,0.1689848527319843,203,24,11.8,1.5387347521143953,2.4861919749052936,0.1198411657872314
bge-m3,8,"Adult ADHD 3, Conscientiousness 1",4,4518,386,8.5,2.773384628708412,2.840478292502811,0.1575024052538051,203,<=20,,,,
bge-m3,4,"Depression 3, Negative emotionality 1",4,4518,381,8.4,2.5076791764182587,2.728266405735808,0.1597436540230743,203,<=20,,,,
bge-m3,19,"Perceived stress 2, Open-mindedness 1, Everyday discrimination 1",4,4518,370,8.2,2.822079703833973,2.77159007138258,0.1621917251626176,203,24,11.8,2.54063835279317,2.8206524949883955,0.1551846416134035
bge-m3,13,Body-focused repetitive behavior 2,2,4518,336,7.4,2.8636704282742738,2.9025967748515944,0.1501787279548715,203,<=20,,,,
bge-m3,23,"Perceived stress 2, Adult ADHD 1, Loneliness 1, Open-mindedness 1",5,4518,327,7.2,2.7446296910250885,2.725302478840699,0.1595487654441573,203,<=20,,,,
bge-m3,12,Loneliness 6,6,4518,295,6.5,2.4557891281088065,2.721149579578619,0.1416210531295625,203,23,11.3,2.348847121970288,2.4775319013145163,0.1304125358989099
bge-m3,5,Childhood adversity 10,10,4518,277,6.1,2.3755711909463386,2.275182959280516,0.1402617734309087,203,<=20,,,,
bge-m3,7,"Depression 2, Everyday discrimination 2",4,4518,254,5.6,2.561221782221544,2.7792404660838512,0.1461771512079886,203,<=20,,,,
bge-m3,2,"Panic & phobia 2, Religious participation 1, Self-rated health 1",4,4518,248,5.5,2.682748878354504,2.8960641111007197,0.1442848964310855,203,<=20,,,,
bge-m3,14,"Mania 1, Generalized anxiety 1, Subjective wellbeing 1, Perceived stress 1, Life-threatening events 1",5,4518,246,5.4,2.686592971850189,2.9077992119475544,0.1498150924792818,203,<=20,,,,
bge-m3,10,Substance use 5,5,4518,207,4.6,2.4916847998060763,2.549316195654563,0.1301255998684055,203,<=20,,,,
bge-m3,17,Daily spiritual experience 5,5,4518,47,1.0,1.834204351871152,2.3416178941580634,0.0961362869303852,203,<=20,,,,
bge-large-en-v1.5,9,Psychosis 4,4,4518,1152,25.5,4.009153637353045,3.739904202548448,0.2892423991716332,258,<=20,,,,
bge-large-en-v1.5,0,Food insecurity 2,2,4518,1115,24.7,3.587551596129932,3.4772300793302384,0.2193888096427708,258,<=20,,,,
bge-large-en-v1.5,14,Everyday discrimination 4,4,4518,1037,23.0,2.7083527733471016,2.720320628239944,0.2272942478621686,258,27,10.5,3.422743208114804,2.9535776359109795,0.3459198804246536
bge-large-en-v1.5,18,"Self-rated health 2, Subjective wellbeing 1",3,4518,875,19.4,2.911378299930021,2.365758704052703,0.190193825039227,258,33,12.8,1.824348498623784,2.4316367274720303,0.143205240511048
bge-large-en-v1.5,5,Healthcare discrimination 7,7,4518,796,17.6,3.4530707256966204,3.9577002047394183,0.3523727348719253,258,124,48.1,5.065356142090487,5.714359823413354,0.6920338498340463
bge-large-en-v1.5,13,"Everyday discrimination 3, Healthcare discrimination 2",5,4518,686,15.2,2.5480361759834174,2.765513731048772,0.1968079729762017,258,26,10.1,2.412054679088688,2.588281064057665,0.1907754049765385
bge-large-en-v1.5,1,Perceived social support 7,7,4518,656,14.5,2.5431367735413746,2.39418268359487,0.1818228887437868,258,30,11.6,1.6112211817897104,2.8327372353646902,0.1438317318021978
bge-large-en-v1.5,3,"Agreeableness 3, Extraversion 3, Open-mindedness 2, Conscientiousness 1, Negative emotionality 1",10,4518,602,13.3,2.5629164310451427,2.275054038331541,0.1755408959318631,258,41,15.9,1.4524784494295022,2.114559035833105,0.0964323186554844
bge-large-en-v1.5,4,"Neighborhood disorder & safety 11, Neighborhood social cohesion 3",14,4518,582,12.9,2.4076353413641334,2.42428457350971,0.1797186658932844,258,36,14.0,1.888514647311908,2.214338199873535,0.1413779885750914
bge-large-en-v1.5,22,"Depression 5, Generalized anxiety 2",7,4518,541,12.0,2.850506280023784,2.595216666159288,0.1642672903289917,258,32,12.4,2.209376241524073,1.9776222343705616,0.1044492518657656
bge-large-en-v1.5,25,"Neighborhood disorder & safety 2, Substance use 1",3,4518,495,11.0,2.6417641235214675,2.6886526669666986,0.1580357148033311,258,37,14.3,2.475035769102431,2.3941793030563985,0.1417308238612238
bge-large-en-v1.5,15,"Adult ADHD 1, Daily spiritual experience 1, Perceived stress 1",3,4518,445,9.8,2.665104815056756,2.67731087424027,0.1652558021426562,258,<=20,,,,
bge-large-en-v1.5,20,Interpersonal & sexual violence 4,4,4518,442,9.8,3.598785524248969,3.723370210491274,0.2800469188575448,258,98,38.0,4.731938328457783,4.803604758634839,0.4698781190402687
bge-large-en-v1.5,24,"Adult ADHD 4, Conscientiousness 1",5,4518,432,9.6,2.817927310370996,2.8451779088429885,0.1518701816850826,258,36,14.0,2.0488572849073945,2.33648174108762,0.0995173640245177
bge-large-en-v1.5,23,Perceived stress 3,3,4518,391,8.7,2.534270084080178,2.7051996851522886,0.1583999730494459,258,<=20,,,,
bge-large-en-v1.5,19,Suicidality & self-harm 4,4,4518,390,8.6,2.550347269218602,2.7422701646958254,0.1445544339048111,258,<=20,,,,
bge-large-en-v1.5,12,Body-focused repetitive behavior 2,2,4518,368,8.1,2.748135815724822,2.7604714208693597,0.1451148549002885,258,<=20,,,,
bge-large-en-v1.5,6,"Childhood adversity 3, Mania 1",4,4518,363,8.0,2.911766486295946,2.6909520492756887,0.1553012579408532,258,<=20,,,,
bge-large-en-v1.5,16,Childhood adversity 7,7,4518,344,7.6,2.454100102234251,2.3451185343998397,0.1502844025423057,258,<=20,,,,
bge-large-en-v1.5,21,"Open-mindedness 2, Conscientiousness 1, Depression 1",4,4518,343,7.6,2.539332287895048,2.58748259687537,0.1463101454313207,258,39,15.1,2.167858709830249,2.117308817511065,0.1114882250625558
bge-large-en-v1.5,10,"Panic & phobia 2, Depression 2",4,4518,341,7.5,2.79572446135296,2.675167864948467,0.1435801499402691,258,<=20,,,,
bge-large-en-v1.5,11,Childhood adversity 3,3,4518,310,6.9,2.1432636170001,2.5853972825983496,0.1352262663922667,258,27,10.5,2.048473304648172,2.4116167319250934,0.1228297364874791
bge-large-en-v1.5,17,Loneliness 7,7,4518,278,6.2,2.4682982672990774,2.7028796516929905,0.1334588074257515,258,22,8.5,2.241914640854139,2.3845512578781185,0.1147429456632185
bge-large-en-v1.5,7,Substance use 5,5,4518,267,5.9,2.469615232198775,2.709403117475728,0.1329806462023475,258,<=20,,,,
bge-large-en-v1.5,2,"Depression 2, Everyday discrimination 1",3,4518,178,3.9,2.096148936860197,2.5008224913378254,0.1250201309898331,258,27,10.5,1.77236908642429,1.934308992345238,0.0824632951240807
bge-large-en-v1.5,8,"Daily spiritual experience 5, Religious participation 1",6,4518,125,2.8,1.8709274639573956,2.339197327954759,0.1065870363540768,258,25,9.7,1.689100687492271,1.813636843324088,0.0756132636490241
all-mpnet-base-v2,0,Psychosis 4,4,4518,1233,27.3,3.86290469123383,3.861198736127152,0.3323579056462888,268,24,9.0,3.8985196941263793,3.9358507331498274,0.3896928167517346
all-mpnet-base-v2,14,"Food insecurity 2, Perceived social support 1",3,4518,1040,23.0,3.0489472741887416,3.272502005972558,0.2124815211088302,268,31,11.6,2.474943575681928,2.50399208461216,0.1304338754400857
all-mpnet-base-v2,16,Everyday discrimination 4,4,4518,943,20.9,2.866728884545844,2.921938381274445,0.1928055145162673,268,94,35.1,2.479084712154716,2.699597982991294,0.1625100822172978
all-mpnet-base-v2,5,Everyday discrimination 2,2,4518,849,18.8,3.108457558932702,2.6468300160275304,0.2153830517405234,268,52,19.4,2.1906797382590075,2.5162767382752,0.1497538941769389
all-mpnet-base-v2,6,"Healthcare discrimination 7, Everyday discrimination 2",9,4518,846,18.7,3.094952824231376,3.565636392728965,0.2550959904522582,268,129,48.1,3.748767962287414,4.902246047086153,0.4239577684194526
all-mpnet-base-v2,22,"Open-mindedness 2, Extraversion 2, Agreeableness 1, Conscientiousness 1",6,4518,748,16.6,2.4752060772349966,2.305122911114154,0.2000156038365973,268,<=20,,,,
all-mpnet-base-v2,10,"Subjective wellbeing 2, Self-rated health 2",4,4518,702,15.5,2.693164219103669,2.3828144268599107,0.1910819751388673,268,29,10.8,1.9800264922640305,2.785519834496728,0.1848795116526083
all-mpnet-base-v2,13,Perceived social support 5,5,4518,690,15.3,2.4225945924379197,2.476194625399047,0.1851763845823923,268,39,14.6,1.6804038602175548,2.165618738899337,0.1224782991001939
all-mpnet-base-v2,12,"Interpersonal & sexual violence 4, Generalized anxiety 1, Depression 1",6,4518,674,14.9,2.399410511680244,2.806888449506808,0.2115086164890826,268,96,35.8,2.025835552883972,4.363931689536343,0.3004401266816959
all-mpnet-base-v2,4,"Neighborhood disorder & safety 12, Neighborhood social cohesion 3",15,4518,643,14.2,2.6013808825000866,2.5231601214502715,0.1837618243418023,268,<=20,,,,
all-mpnet-base-v2,18,"Depression 2, Perceived social support 2, Generalized anxiety 2, Adult ADHD 1",7,4518,643,14.2,2.9760377331265224,2.604671673554211,0.1930201499353203,268,<=20,,,,
all-mpnet-base-v2,11,Childhood adversity 4,4,4518,600,13.3,2.526248584108713,2.520410279884113,0.1789171889982112,268,21,7.8,1.4198278518111778,3.291359280694559,0.1420122392948255
all-mpnet-base-v2,7,"Loneliness 6, Perceived social support 1",7,4518,546,12.1,2.754297579745192,2.808027867841255,0.1656742423707553,268,35,13.1,2.0224027873170605,2.6581382309909123,0.1214466633110797
all-mpnet-base-v2,9,"Adult ADHD 4, Conscientiousness 2",6,4518,505,11.2,2.905347156817645,2.894240468129382,0.1782349469597442,268,24,9.0,2.1537383731628044,2.883472053354397,0.1404933524412383
all-mpnet-base-v2,15,"Perceived stress 4, Depression 1",5,4518,398,8.8,2.8720971384234244,2.7970160849120287,0.1687323958916828,268,23,8.6,2.515302529027596,2.8385832425141264,0.1534633797815386
all-mpnet-base-v2,2,"Panic & phobia 2, Everyday discrimination 1",3,4518,397,8.8,2.722448153901563,2.709230443146302,0.154953534328572,268,<=20,,,,
all-mpnet-base-v2,3,Suicidality & self-harm 4,4,4518,362,8.0,2.5204646826503554,2.612309536972136,0.153124722964118,268,<=20,,,,
all-mpnet-base-v2,8,Childhood adversity 5,5,4518,361,8.0,2.0512462343307467,2.9201458566738854,0.153559104898879,268,60,22.4,1.644855722032223,3.505490630074867,0.156579092203701
all-mpnet-base-v2,17,"Perceived stress 2, Mania 1, Generalized anxiety 1, Body-focused repetitive behavior 1",5,4518,354,7.8,2.526697421177548,2.7627711279999083,0.161226806437002,268,<=20,,,,
all-mpnet-base-v2,1,"Depression 2, Open-mindedness 2, Neighborhood disorder & safety 1, Perceived stress 1",6,4518,312,6.9,2.53460455420787,2.748286595169399,0.1581691605197484,268,25,9.3,2.429779068142696,2.699652203026567,0.1539235502827868
all-mpnet-base-v2,20,Substance use 5,5,4518,311,6.9,2.5920905987817475,2.5813341940250427,0.1410276878639335,268,<=20,,,,
all-mpnet-base-v2,21,"Depression 2, Mania 1",3,4518,253,5.6,2.0676109641754468,2.6223440971122303,0.150512751985072,268,24,9.0,1.989756741843041,2.3769891878052345,0.1465561768837145
all-mpnet-base-v2,19,"Daily spiritual experience 6, Religious participation 1",7,4518,144,3.2,1.846870982331509,2.568472742609287,0.1229187952221639,268,<=20,,,,
e5-large-v2,5,Food insecurity 2,2,4518,1220,27.0,3.642334724352468,3.40804224084424,0.2241748456358079,246,<=20,,,,
e5-large-v2,14,"Psychosis 3, Depression 1",4,4518,954,21.1,3.3808055047003625,3.479206277917803,0.2281372925277508,246,<=20,,,,
e5-large-v2,23,Everyday discrimination 4,4,4518,882,19.5,2.9999256814713906,2.964907567518273,0.2169845324189425,246,38,15.4,4.1396959542910645,3.3947137985101445,0.3677014567332589
e5-large-v2,21,Healthcare discrimination 6,6,4518,785,17.4,3.534606964399686,3.857514360659477,0.3532227295454178,246,118,48.0,5.312591248026347,5.562181078030904,0.7005195048675816
e5-large-v2,9,Everyday discrimination 2,2,4518,750,16.6,2.9715781868850546,3.015986958076012,0.1974522429728568,246,29,11.8,3.273847444008205,3.0880621836623505,0.2369355663126125
e5-large-v2,8,"Everyday discrimination 3, Healthcare discrimination 3",6,4518,735,16.3,2.54035410704988,2.662338625006858,0.1979927938165536,246,34,13.8,2.793269573363869,2.42726813454804,0.2067040803825333
e5-large-v2,13,"Self-rated health 2, Subjective wellbeing 1",3,4518,641,14.2,2.6033190551799037,2.3236055426105864,0.1648210308840439,246,39,15.9,1.6799408413133432,2.215224924364726,0.1114914834814109
e5-large-v2,11,Neighborhood disorder & safety 4,4,4518,618,13.7,3.1666214407959026,2.736557676344612,0.1897221476829916,246,34,13.8,2.569929336535891,2.2604541277480323,0.1398395879451996
e5-large-v2,10,"Neighborhood disorder & safety 8, Neighborhood social cohesion 4",12,4518,603,13.3,2.550236380611734,2.45154044059564,0.1793083095089158,246,36,14.6,1.7619099548663235,2.0987193115427463,0.119158357475909
e5-large-v2,22,Childhood adversity 4,4,4518,533,11.8,2.672122740993073,2.597645263934539,0.1701961473083776,246,<=20,,,,
e5-large-v2,25,Perceived social support 6,6,4518,532,11.8,2.591616401004709,2.3237832796705287,0.1606608093887837,246,30,12.2,1.721897119486477,2.468135290671469,0.1212867509179405
e5-large-v2,0,"Agreeableness 3, Extraversion 3, Open-mindedness 3, Conscientiousness 2, Negative emotionality 1",12,4518,490,10.8,2.648166606704054,2.460478382581901,0.1668741584887493,246,29,11.8,1.4350107097591442,2.106337444096289,0.0816588802012083
e5-large-v2,1,"Generalized anxiety 2, Loneliness 1, Negative emotionality 1",4,4518,457,10.1,2.6808539713238684,2.639117479603259,0.1574917686377957,246,<=20,,,,
e5-large-v2,24,Suicidality & self-harm 3,3,4518,450,10.0,2.6215382324115493,2.8099585955764086,0.1500567385388284,246,<=20,,,,
e5-large-v2,6,"Depression 2, Generalized anxiety 1",3,4518,444,9.8,3.0456015337891853,2.9187818313757288,0.1642415515057911,246,<=20,,,,
e5-large-v2,20,"Childhood adversity 8, Depression 1",9,4518,441,9.8,2.4063136275273087,2.571391504661387,0.1582039303554933,246,<=20,,,,
e5-large-v2,19,"Life-threatening events 2, Everyday discrimination 1",3,4518,432,9.6,2.665774726561745,2.9074636495611763,0.1595634029484307,246,41,16.7,2.728392892980691,2.7705901824697072,0.1692987406020989
e5-large-v2,15,Interpersonal & sexual violence 4,4,4518,396,8.8,3.441462063511702,3.434846626530622,0.245569976467076,246,82,33.3,4.545639838045727,4.171342498751625,0.3993882767028724
e5-large-v2,3,Perceived stress 5,5,4518,373,8.3,2.479908712345237,2.58503307023691,0.1497894690226545,246,<=20,,,,
e5-large-v2,16,"Adult ADHD 4, Conscientiousness 1",5,4518,371,8.2,2.8315306799189086,2.915235629352292,0.1470309939087874,246,24,9.8,1.95676330229531,2.458160991596664,0.0911750197390587
e5-large-v2,17,Perceived stress 4,4,4518,363,8.0,2.5356618164190743,2.5776991038755304,0.1458484290563486,246,<=20,,,,
e5-large-v2,7,Loneliness 6,6,4518,341,7.5,2.4377979543234187,2.778562022564688,0.1452386892230223,246,<=20,,,,
e5-large-v2,4,Body-focused repetitive behavior 2,2,4518,283,6.3,2.4160579433507365,2.7926682880119484,0.1451936155396901,246,25,10.2,1.9547474897265704,2.229120780592169,0.1023855169514943
e5-large-v2,2,Substance use 5,5,4518,199,4.4,2.602895301046785,2.5877145279492275,0.126283388148695,246,<=20,,,,
e5-large-v2,12,"Depression 2, Open-mindedness 1",3,4518,179,4.0,2.477775037169535,2.578039440920896,0.1301196802592646,246,21,8.5,2.153011750376292,1.8892683048344567,0.0861042862868049
e5-large-v2,18,Daily spiritual experience 5,5,4518,82,1.8,1.9086120353076292,2.189701258859595,0.0960398610861505,246,<=20,,,,
qwen3-embedding-0.6b,4,Psychosis 3,3,4518,1133,25.1,3.975527448868678,3.521779040099489,0.2686013953839947,263,<=20,,,,
qwen3-embedding-0.6b,24,Food insecurity 2,2,4518,1070,23.7,3.2124143822190967,3.334314182032137,0.2109143359473614,263,<=20,,,,
qwen3-embedding-0.6b,17,"Subjective wellbeing 2, Self-rated health 2, Daily spiritual experience 1",5,4518,969,21.4,2.950719845847973,2.388781882159831,0.209051517027723,263,24,9.1,1.9921829906347923,2.401221420374322,0.1588867984505344
qwen3-embedding-0.6b,1,Everyday discrimination 4,4,4518,895,19.8,2.765743433874116,2.9963890458693387,0.1951734662971655,263,27,10.3,3.0714921027630395,3.0916637715433897,0.2386003871212868
qwen3-embedding-0.6b,18,"Healthcare discrimination 4, Everyday discrimination 2, Agreeableness 1",7,4518,798,17.7,3.493078767365044,2.962881946778829,0.2084806042305229,263,115,43.7,4.179066661706208,3.168613900223929,0.259898901864931
qwen3-embedding-0.6b,16,Healthcare discrimination 6,6,4518,792,17.5,3.252663135075819,3.368741328798021,0.2447714876392853,263,127,48.3,4.262466023128172,4.393990845390518,0.4048935001096879
qwen3-embedding-0.6b,12,Perceived social support 6,6,4518,745,16.5,2.51604299335992,2.448365777881069,0.1818393887100555,263,24,9.1,1.7052074858101316,2.7143128989137746,0.1451961455304829
qwen3-embedding-0.6b,10,"Depression 5, Generalized anxiety 2, Life-threatening events 1",8,4518,659,14.6,2.815713571342075,2.612642424571863,0.1774685459712018,263,29,11.0,2.1931723491934165,2.195440291279044,0.118345607341267
qwen3-embedding-0.6b,22,"Everyday discrimination 1, Loneliness 1",2,4518,608,13.5,2.990266813120144,2.8748587471947182,0.1674920992837645,263,33,12.5,2.6467406324115834,2.7982971672133257,0.1483568043040475
qwen3-embedding-0.6b,8,"Neighborhood disorder & safety 11, Neighborhood social cohesion 4",15,4518,595,13.2,2.5378615700514984,2.525875829943391,0.18241600639163,263,27,10.3,1.9035183866631016,2.675154297857767,0.158480919675277
qwen3-embedding-0.6b,20,"Depression 2, Perceived social support 2, Adult ADHD 2, Extraversion 1, Generalized anxiety 1, Perceived stress 1",9,4518,528,11.7,2.907293988054103,2.7145131890075147,0.1810088279584528,263,<=20,,,,
qwen3-embedding-0.6b,2,"Agreeableness 3, Open-mindedness 3, Extraversion 3, Conscientiousness 2, Negative emotionality 1",12,4518,493,10.9,2.6979004503543846,2.389162474263788,0.168971135303644,263,23,8.7,1.6405684160505951,2.538701701747468,0.1137734681174892
qwen3-embedding-0.6b,15,Interpersonal & sexual violence 3,3,4518,467,10.3,3.6486068092002655,3.7173307087508016,0.2868003818347143,263,110,41.8,4.670720203714279,4.715200555770709,0.4530324059379176
qwen3-embedding-0.6b,3,"Neighborhood disorder & safety 2, Substance use 1, Childhood adversity 1",4,4518,420,9.3,2.8215047749029987,2.815810308369036,0.1570316651691502,263,<=20,,,,
qwen3-embedding-0.6b,14,"Conscientiousness 1, Daily spiritual experience 1, Neighborhood disorder & safety 1, Body-focused repetitive behavior 1, Negative emotionality 1, Open-mindedness 1",6,4518,407,9.0,2.7677755433832028,2.6913662430353704,0.1529065107421643,263,37,14.1,2.0732667903257505,2.35129196365341,0.1022310034550531
qwen3-embedding-0.6b,0,Suicidality & self-harm 4,4,4518,399,8.8,2.5798190419764357,2.6593196781369115,0.1417142375895171,263,0,0.0,,,
qwen3-embedding-0.6b,19,"Adult ADHD 3, Conscientiousness 1",4,4518,387,8.6,2.8460065824454506,2.76590508616893,0.1524363831239802,263,<=20,,,,
qwen3-embedding-0.6b,23,"Panic & phobia 2, Generalized anxiety 1, Everyday discrimination 1, Perceived stress 1, Negative emotionality 1, Healthcare discrimination 1",7,4518,383,8.5,2.6209686567771078,2.60040915266776,0.1577690384165388,263,26,9.9,1.8218957594016407,2.197520931799143,0.1052920956336276
qwen3-embedding-0.6b,5,"Depression 2, Negative emotionality 1, Interpersonal & sexual violence 1",4,4518,342,7.6,2.038800858613967,2.5450125898840463,0.1553626082015952,263,<=20,,,,
qwen3-embedding-0.6b,21,Childhood adversity 10,10,4518,339,7.5,2.6437946686497797,2.6063476516174826,0.1477724848032207,263,0,0.0,,,
qwen3-embedding-0.6b,7,Loneliness 4,4,4518,329,7.3,2.4227017022056194,2.703826764116224,0.1419499279456245,263,<=20,,,,
qwen3-embedding-0.6b,13,Mania 2,2,4518,286,6.3,2.572426880555314,2.718893427447933,0.1454363476041119,263,<=20,,,,
qwen3-embedding-0.6b,9,Substance use 5,5,4518,222,4.9,2.5514133363633413,2.533882520912227,0.1307716370432471,263,<=20,,,,
qwen3-embedding-0.6b,6,"Depression 1, Perceived stress 1",2,4518,207,4.6,2.387609288168764,2.589237737247405,0.1382638852276618,263,25,9.5,2.202297074263919,2.142908171859101,0.1121344789890372
qwen3-embedding-0.6b,11,Daily spiritual experience 4,4,4518,81,1.8,1.9126362757296784,2.272157879229741,0.1060784193209152,263,<=20,,,,
