condition,encoder,together_before,together_after,alone_after,median_share_kept,n_groups_before,joint_p_after
gad,gte-large-en-v1.5,19,19,20,0.9941135651734532,19,0.0
gad,bge-m3,18,18,26,0.9968556757099226,18,0.0
gad,bge-large-en-v1.5,19,19,24,0.9978587924455484,19,0.0
gad,all-mpnet-base-v2,14,14,22,0.9929708059550888,14,0.0
gad,e5-large-v2,14,14,22,1.0046734764557776,14,0.0
gad,qwen3-embedding-0.6b,14,13,20,1.000130518999727,14,0.0
adhd,gte-large-en-v1.5,17,18,25,0.984963403648907,17,0.0
adhd,bge-m3,21,21,20,0.9855298089525174,21,0.0
adhd,bge-large-en-v1.5,14,14,22,0.994977597236065,14,3.6698748144127104e-297
adhd,all-mpnet-base-v2,17,17,20,0.9852197749303326,17,3.5888376656184505e-269
adhd,e5-large-v2,14,13,22,0.9811180450355175,14,1.613839310070377e-278
adhd,qwen3-embedding-0.6b,14,14,22,0.9987496097400272,14,1.449207513825981e-263
ptsd,gte-large-en-v1.5,15,15,23,0.9773611534376204,15,0.0
ptsd,bge-m3,15,16,23,0.9751593258643374,15,0.0
ptsd,bge-large-en-v1.5,13,12,23,0.9851881471036203,13,0.0
ptsd,all-mpnet-base-v2,17,17,21,0.991194330883019,17,0.0
ptsd,e5-large-v2,14,15,19,0.9659416613302506,14,0.0
ptsd,qwen3-embedding-0.6b,16,16,21,0.9999756378181172,16,0.0
panic,gte-large-en-v1.5,17,17,18,0.9876301912674692,17,2.1678536400181568e-192
panic,bge-m3,12,16,20,0.9713863107561589,12,6.013343248760135e-178
panic,bge-large-en-v1.5,14,14,21,1.0009223753492202,14,2.6642612316664963e-185
panic,all-mpnet-base-v2,10,10,18,0.9957760817104049,10,3.0989710935149963e-188
panic,e5-large-v2,14,13,19,0.9550028932331738,14,1.0783849416155676e-184
panic,qwen3-embedding-0.6b,9,7,17,0.989617238345452,9,7.398372772160838e-181
hyperchol,gte-large-en-v1.5,3,3,12,0.8825580692710395,3,5.261862250979012e-16
hyperchol,bge-m3,2,1,6,0.7638200668827205,2,6.645131544020639e-13
hyperchol,bge-large-en-v1.5,3,2,5,0.9403431792898828,3,5.276569253225907e-14
hyperchol,all-mpnet-base-v2,5,4,5,0.8088422752469278,5,8.172809077240214e-13
hyperchol,e5-large-v2,4,2,8,0.8456605957638973,4,9.119658661315519e-14
hyperchol,qwen3-embedding-0.6b,5,2,5,0.8411428843232315,5,8.387443064335469e-16
asthma,gte-large-en-v1.5,11,10,14,0.9348518924052952,11,5.548534499122909e-96
asthma,bge-m3,9,9,13,0.9412830249931632,9,7.098006525326192e-94
asthma,bge-large-en-v1.5,9,8,15,0.92630049125481,9,3.8288003654127625e-78
asthma,all-mpnet-base-v2,14,13,15,0.9600687249683597,14,4.056404424861412e-89
asthma,e5-large-v2,11,11,14,0.9747771006074792,11,2.189115155020121e-84
asthma,qwen3-embedding-0.6b,12,12,13,0.9419156645042326,12,6.797759426505736e-81
breast,gte-large-en-v1.5,12,11,3,1.005298156235885,12,8.571403490060913e-43
breast,bge-m3,12,12,8,0.9859412830648643,12,5.331130698039452e-65
breast,bge-large-en-v1.5,7,7,5,0.9667342869355164,7,9.11192491399295e-24
breast,all-mpnet-base-v2,9,8,5,0.9704374538299256,9,1.4514660104292916e-34
breast,e5-large-v2,12,12,6,0.990440311315398,12,6.301169007253062e-92
breast,qwen3-embedding-0.6b,13,12,8,0.9899676010341196,13,6.365731577741599e-36
prostate,gte-large-en-v1.5,6,6,3,1.0016750913303136,6,7.833913208528162e-20
prostate,bge-m3,8,8,4,1.0032270311540006,8,3.1153152406270805e-29
prostate,bge-large-en-v1.5,2,2,1,1.0203624692821553,2,1.632618936287068e-05
prostate,all-mpnet-base-v2,5,5,3,0.998176025697309,5,2.9271752208951465e-15
prostate,e5-large-v2,7,7,1,1.0051708251801206,7,1.0462820370613062e-25
prostate,qwen3-embedding-0.6b,7,7,1,0.9948005659627164,7,8.90417069491773e-13
