condition,encoder,n_with,n_without,k,joint_p,together,alone
gad,gte-large-en-v1.5,5428,56203,27,0.0,19,22
gad,bge-m3,5428,56203,27,0.0,18,24
gad,bge-large-en-v1.5,5428,56203,26,0.0,19,21
gad,all-mpnet-base-v2,5428,56203,23,0.0,14,21
gad,e5-large-v2,5428,56203,26,0.0,14,22
gad,qwen3-embedding-0.6b,5428,56203,25,0.0,14,19
adhd,gte-large-en-v1.5,2340,59291,27,0.0,17,23
adhd,bge-m3,2340,59291,27,0.0,21,22
adhd,bge-large-en-v1.5,2340,59291,26,0.0,14,20
adhd,all-mpnet-base-v2,2340,59291,23,5.974984466659667e-306,17,21
adhd,e5-large-v2,2340,59291,26,0.0,14,20
adhd,qwen3-embedding-0.6b,2340,59291,25,2.6304265530420324e-296,14,20
ptsd,gte-large-en-v1.5,2693,58938,27,0.0,15,25
ptsd,bge-m3,2693,58938,27,0.0,15,23
ptsd,bge-large-en-v1.5,2693,58938,26,0.0,13,24
ptsd,all-mpnet-base-v2,2693,58938,23,0.0,17,22
ptsd,e5-large-v2,2693,58938,26,0.0,14,22
ptsd,qwen3-embedding-0.6b,2693,58938,25,0.0,16,20
panic,gte-large-en-v1.5,1467,60164,27,1.342978787545713e-239,17,20
panic,bge-m3,1467,60164,27,6.576392307882659e-227,12,23
panic,bge-large-en-v1.5,1467,60164,26,1.3642453292467966e-234,14,24
panic,all-mpnet-base-v2,1467,60164,23,2.0028125241814227e-239,10,21
panic,e5-large-v2,1467,60164,26,1.4104853184273046e-232,14,23
panic,qwen3-embedding-0.6b,1467,60164,25,4.355648767981748e-230,9,19
hyperchol,gte-large-en-v1.5,12710,33217,27,6.664257910255361e-24,3,13
hyperchol,bge-m3,12710,33217,27,1.6611816377118252e-19,2,10
hyperchol,bge-large-en-v1.5,12710,33217,26,5.476327022945693e-22,3,9
hyperchol,all-mpnet-base-v2,12710,33217,23,3.735536655122022e-20,5,8
hyperchol,e5-large-v2,12710,33217,26,1.962376721247482e-21,4,11
hyperchol,qwen3-embedding-0.6b,12710,33217,25,3.2606085726612085e-23,5,8
asthma,gte-large-en-v1.5,8020,53611,27,2.7067912616965344e-148,11,21
asthma,bge-m3,8020,53611,27,4.7250653362371343e-147,9,20
asthma,bge-large-en-v1.5,8020,53611,26,1.665856294148304e-129,9,19
asthma,all-mpnet-base-v2,8020,53611,23,4.383471692870329e-143,14,20
asthma,e5-large-v2,8020,53611,26,3.014950275043391e-135,11,17
asthma,qwen3-embedding-0.6b,8020,53611,25,3.839581002719296e-133,12,17
breast,gte-large-en-v1.5,2030,20866,27,1.9215952483746467e-45,12,5
breast,bge-m3,2030,20866,27,4.8072967423379736e-68,12,10
breast,bge-large-en-v1.5,2030,20866,26,1.5377710723290176e-26,7,8
breast,all-mpnet-base-v2,2030,20866,23,2.29336373497807e-37,9,7
breast,e5-large-v2,2030,20866,26,1.7294119842026598e-95,12,8
breast,qwen3-embedding-0.6b,2030,20866,25,1.9245750637208516e-39,13,11
prostate,gte-large-en-v1.5,1438,11091,27,7.939465960930245e-20,6,3
prostate,bge-m3,1438,11091,27,1.5758843714756606e-29,8,4
prostate,bge-large-en-v1.5,1438,11091,26,1.439084285124552e-05,2,1
prostate,all-mpnet-base-v2,1438,11091,23,2.4100493613714602e-15,5,3
prostate,e5-large-v2,1438,11091,26,5.355124589019404e-26,7,1
prostate,qwen3-embedding-0.6b,1438,11091,25,5.838101370258742e-13,7,1
