Characteristic,Cohort,\shortstack[r]{gte-large-\\en-v1.5},bge-m3,\shortstack[r]{bge-large-\\en-v1.5},\shortstack[r]{all-mpnet-\\base-v2},\shortstack[r]{e5-large-\\v2},\shortstack[r]{qwen3-embed-\\ding-0.6b}
"Age, mean (SD), y",54.7 (16.1),46.8 (14.1),46.5 (14.1),46.6 (14.2),47.3 (14.3),46.7 (14.1),46.7 (14.4)
Sex at birth,,,,,,,
  Female,60 406 (66.9),3027 (67.0),3071 (68.0),3018 (66.8),3025 (67.0),3063 (67.8),2994 (66.3)
  Male,29 945 (33.1),1491 (33.0),1447 (32.0),1500 (33.2),1493 (33.0),1455 (32.2),1524 (33.7)
"Annual household income, $",,,,,,,
  <25 000,9519 (10.5),1679 (37.2),1688 (37.4),1671 (37.0),1624 (35.9),1697 (37.6),1631 (36.1)
  25 000-49 999,13 328 (14.8),961 (21.3),980 (21.7),994 (22.0),979 (21.7),964 (21.3),973 (21.5)
  50 000-99 999,25 195 (27.9),858 (19.0),862 (19.1),834 (18.5),850 (18.8),824 (18.2),870 (19.3)
  100 000-149 999,16 231 (18.0),342 (7.6),335 (7.4),353 (7.8),352 (7.8),351 (7.8),343 (7.6)
  >=150 000,19 282 (21.3),309 (6.8),281 (6.2),304 (6.7),325 (7.2),298 (6.6),320 (7.1)
  Prefer not to answer or skipped,6796 (7.5),369 (8.2),372 (8.2),362 (8.0),388 (8.6),384 (8.5),381 (8.4)
Education,,,,,,,
  Less than high school,1008 (1.1),221 (4.9),219 (4.8),220 (4.9),214 (4.7),239 (5.3),215 (4.8)
  High school or GED,6496 (7.2),831 (18.4),841 (18.6),823 (18.2),833 (18.4),832 (18.4),834 (18.5)
  Some college,21 006 (23.2),1740 (38.5),1733 (38.4),1723 (38.1),1692 (37.5),1712 (37.9),1682 (37.2)
  College graduate or more,61 010 (67.5),1670 (37.0),1663 (36.8),1697 (37.6),1713 (37.9),1676 (37.1),1727 (38.2)
  Prefer not to answer or skipped,831 (0.9),56 (1.2),62 (1.4),55 (1.2),66 (1.5),59 (1.3),60 (1.3)
Employment,,,,,,,
  Employed,50 822 (56.2),2073 (45.9),2055 (45.5),2074 (45.9),2073 (45.9),2078 (46.0),2088 (46.2)
  Not employed,38 974 (43.1),2389 (52.9),2399 (53.1),2381 (52.7),2384 (52.8),2377 (52.6),2363 (52.3)
  Prefer not to answer or skipped,555 (0.6),56 (1.2),64 (1.4),63 (1.4),61 (1.4),63 (1.4),67 (1.5)
Health insurance,,,,,,,
  Yes,87 813 (97.2),4157 (92.0),4166 (92.2),4169 (92.3),4171 (92.3),4154 (91.9),4167 (92.2)
  No,1902 (2.1),284 (6.3),276 (6.1),279 (6.2),277 (6.1),290 (6.4),275 (6.1)
"  Prefer not to answer, don't know, or skipped",636 (0.7),77 (1.7),76 (1.7),70 (1.5),70 (1.5),74 (1.6),76 (1.7)
