encoder,source,measure,decile,value,lo,hi,n_sleep,cohort
gte-large-en-v1.5,program,sleep_mean_adj,1,385.0409292777807,380.0867390523383,389.9951195032231,791,373.7699477726658
gte-large-en-v1.5,program,sleep_mean_adj,2,386.27323262266646,381.9299716728462,390.6164935724867,806,373.7699477726658
gte-large-en-v1.5,program,sleep_mean_adj,3,378.09530263945015,373.5887934897716,382.6018117891288,822,373.7699477726658
gte-large-en-v1.5,program,sleep_mean_adj,4,376.0680128998709,371.28443589972073,380.85158990002105,848,373.7699477726658
gte-large-en-v1.5,program,sleep_mean_adj,5,377.0427595599637,372.5713453013844,381.51417381854304,940,373.7699477726658
gte-large-en-v1.5,program,sleep_mean_adj,6,376.9172509370328,372.8619160525109,380.9725858215546,1021,373.7699477726658
gte-large-en-v1.5,program,sleep_mean_adj,7,377.07392895422765,373.0356839043192,381.11217400413614,1057,373.7699477726658
gte-large-en-v1.5,program,sleep_mean_adj,8,371.91818551511466,367.8278727122957,376.0084983179336,1249,373.7699477726658
gte-large-en-v1.5,program,sleep_mean_adj,9,363.5941577232933,359.5901826923302,367.5981327542564,1319,373.7699477726658
gte-large-en-v1.5,program,sleep_mean_adj,10,360.5990497094557,356.672059073637,364.5260403452744,1408,373.7699477726658
gte-large-en-v1.5,program,sleep_var_median_adj,1,83.19250334044564,80.97432151985117,85.49303894903383,791,92.20442636688664
gte-large-en-v1.5,program,sleep_var_median_adj,2,84.58573100638122,83.10345406953218,86.74793556861412,806,92.20442636688664
gte-large-en-v1.5,program,sleep_var_median_adj,3,86.49496339931777,84.76715350974193,88.3835477689173,822,92.20442636688664
gte-large-en-v1.5,program,sleep_var_median_adj,4,88.28061457714614,85.80704828763123,91.06592135231551,848,92.20442636688664
gte-large-en-v1.5,program,sleep_var_median_adj,5,89.44497862228945,87.38985720065243,91.67935224185584,940,92.20442636688664
gte-large-en-v1.5,program,sleep_var_median_adj,6,91.67204011613808,89.18467971697817,93.99712152259052,1021,92.20442636688664
gte-large-en-v1.5,program,sleep_var_median_adj,7,93.17087937010396,90.96439443388374,95.33196244848249,1057,92.20442636688664
gte-large-en-v1.5,program,sleep_var_median_adj,8,94.10243188860818,91.80306727368465,96.43921326002044,1249,92.20442636688664
gte-large-en-v1.5,program,sleep_var_median_adj,9,99.24635168835826,97.1176717933122,100.97473204746596,1319,92.20442636688664
gte-large-en-v1.5,program,sleep_var_median_adj,10,102.01447116905288,99.493551704588,104.57458991132896,1408,92.20442636688664
gte-large-en-v1.5,own,sleep_mean_adj,1,387.86131533469785,382.19928889481,393.5233417745857,689,383.62803818782345
gte-large-en-v1.5,own,sleep_mean_adj,2,389.1065177302624,383.6837205959253,394.52931486459954,708,383.62803818782345
gte-large-en-v1.5,own,sleep_mean_adj,3,390.2810940760654,385.2906453685676,395.2715427835632,669,383.62803818782345
gte-large-en-v1.5,own,sleep_mean_adj,4,381.9245426962296,376.1885503111493,387.66053508130994,677,383.62803818782345
gte-large-en-v1.5,own,sleep_mean_adj,5,388.3033098000962,383.1806060285612,393.4260135716312,703,383.62803818782345
gte-large-en-v1.5,own,sleep_mean_adj,6,384.670190705432,379.4383345888064,389.9020468220576,659,383.62803818782345
gte-large-en-v1.5,own,sleep_mean_adj,7,380.7844450634507,375.5472096401902,386.0216804867112,681,383.62803818782345
gte-large-en-v1.5,own,sleep_mean_adj,8,384.94389681899344,379.5145913125192,390.3732023254677,623,383.62803818782345
gte-large-en-v1.5,own,sleep_mean_adj,9,375.3030837349389,369.190167406208,381.41600006366986,581,383.62803818782345
gte-large-en-v1.5,own,sleep_mean_adj,10,366.76086908887225,359.56917349804576,373.9525646796988,481,383.62803818782345
gte-large-en-v1.5,own,sleep_var_median_adj,1,75.217293466652,73.07344278351864,77.5655746652815,689,81.45507006329885
gte-large-en-v1.5,own,sleep_var_median_adj,2,75.83519520909128,73.06883672940972,77.41274455332456,708,81.45507006329885
gte-large-en-v1.5,own,sleep_var_median_adj,3,77.80615275175313,74.96527044344711,80.33404324799218,669,81.45507006329885
gte-large-en-v1.5,own,sleep_var_median_adj,4,76.32263275975049,74.2697380543941,78.85860771878893,677,81.45507006329885
gte-large-en-v1.5,own,sleep_var_median_adj,5,79.69446116877131,77.25251471500493,82.07050598311712,703,81.45507006329885
gte-large-en-v1.5,own,sleep_var_median_adj,6,81.80053150801845,79.82256239367008,83.98201301759367,659,81.45507006329885
gte-large-en-v1.5,own,sleep_var_median_adj,7,87.15103464490244,83.74178038101286,89.48366485304528,681,81.45507006329885
gte-large-en-v1.5,own,sleep_var_median_adj,8,87.10833427823518,83.57403691804383,89.77345122010236,623,81.45507006329885
gte-large-en-v1.5,own,sleep_var_median_adj,9,89.7085226772159,86.76932306740963,92.06280481681289,581,81.45507006329885
gte-large-en-v1.5,own,sleep_var_median_adj,10,95.81301995686638,92.4940838216896,98.82183029039872,481,81.45507006329885
bge-m3,program,sleep_mean_adj,1,384.9888522321505,380.12064053633054,389.8570639279705,781,373.7699477726658
bge-m3,program,sleep_mean_adj,2,381.7137337910211,377.1404172748095,386.28705030723273,808,373.7699477726658
bge-m3,program,sleep_mean_adj,3,379.8857892024463,375.276366715345,384.4952116895476,835,373.7699477726658
bge-m3,program,sleep_mean_adj,4,376.35347698966007,371.8520442934871,380.854909685833,903,373.7699477726658
bge-m3,program,sleep_mean_adj,5,378.4216946697218,374.1156068167718,382.7277825226719,956,373.7699477726658
bge-m3,program,sleep_mean_adj,6,379.1902434074456,374.9328451647316,383.44764165015965,949,373.7699477726658
bge-m3,program,sleep_mean_adj,7,378.11306576510896,374.0596649926743,382.1664665375436,1067,373.7699477726658
bge-m3,program,sleep_mean_adj,8,369.2373456473647,365.2375853603389,373.23710593439046,1197,373.7699477726658
bge-m3,program,sleep_mean_adj,9,365.33338110534254,361.29301844996473,369.37374376072034,1330,373.7699477726658
bge-m3,program,sleep_mean_adj,10,359.6939358981675,355.741002258719,363.64686953761606,1435,373.7699477726658
bge-m3,program,sleep_var_median_adj,1,84.10145194963445,82.82935877824251,86.42499638860508,781,92.20442636688664
bge-m3,program,sleep_var_median_adj,2,83.31664062145376,81.50695530882368,85.43851315325708,808,92.20442636688664
bge-m3,program,sleep_var_median_adj,3,87.31278680110296,84.9583864974979,89.57673459251755,835,92.20442636688664
bge-m3,program,sleep_var_median_adj,4,88.09855879674326,86.15654341302312,89.85538978002987,903,92.20442636688664
bge-m3,program,sleep_var_median_adj,5,87.9075845208628,85.95192397059495,89.91608570372196,956,92.20442636688664
bge-m3,program,sleep_var_median_adj,6,89.58846506791586,87.21013586385475,92.20442636688664,949,92.20442636688664
bge-m3,program,sleep_var_median_adj,7,96.69375120246204,94.26501246704224,98.62418306789684,1067,92.20442636688664
bge-m3,program,sleep_var_median_adj,8,94.94353144471046,92.81669997331562,97.33413450428787,1197,92.20442636688664
bge-m3,program,sleep_var_median_adj,9,98.02964582143564,96.19499897438013,99.94115248972044,1330,92.20442636688664
bge-m3,program,sleep_var_median_adj,10,101.36381862898888,99.32607481882329,103.52553391148868,1435,92.20442636688664
bge-m3,own,sleep_mean_adj,1,387.5363791425777,381.9103186395106,393.1624396456448,707,383.62803818782345
bge-m3,own,sleep_mean_adj,2,391.70014707219,386.5223017075053,396.8779924368748,672,383.62803818782345
bge-m3,own,sleep_mean_adj,3,387.3334755138184,382.1149302742351,392.5520207534018,717,383.62803818782345
bge-m3,own,sleep_mean_adj,4,388.7421089307197,383.2680446888721,394.2161731725673,674,383.62803818782345
bge-m3,own,sleep_mean_adj,5,386.1200716397487,381.3481756822032,390.8919675972942,681,383.62803818782345
bge-m3,own,sleep_mean_adj,6,379.20886661098535,373.5153461410799,384.9023870808908,655,383.62803818782345
bge-m3,own,sleep_mean_adj,7,386.7019610370805,381.2239053516296,392.1800167225315,669,383.62803818782345
bge-m3,own,sleep_mean_adj,8,377.4434775774383,371.85114051412745,383.0358146407491,614,383.62803818782345
bge-m3,own,sleep_mean_adj,9,377.4634488909837,371.6982977709112,383.2286000110562,590,383.62803818782345
bge-m3,own,sleep_mean_adj,10,367.9453545436572,360.62967233018486,375.2610367571296,492,383.62803818782345
bge-m3,own,sleep_var_median_adj,1,75.21286997573834,72.98362688283484,77.44403855766738,707,81.45507006329885
bge-m3,own,sleep_var_median_adj,2,74.94517401784422,72.00638643401385,76.88880566555332,672,81.45507006329885
bge-m3,own,sleep_var_median_adj,3,76.82451210748658,74.72238597698956,79.23327072888553,717,81.45507006329885
bge-m3,own,sleep_var_median_adj,4,77.7996132567281,75.27171983830969,80.46831999220007,674,81.45507006329885
bge-m3,own,sleep_var_median_adj,5,79.6027557791328,77.27827247276247,81.09040477003718,681,81.45507006329885
bge-m3,own,sleep_var_median_adj,6,84.33674537157923,81.4360786278985,86.40294724692296,655,81.45507006329885
bge-m3,own,sleep_var_median_adj,7,83.15191613677169,81.45507006329885,86.36863703905235,669,81.45507006329885
bge-m3,own,sleep_var_median_adj,8,87.63313213342497,84.66620137083838,89.77345122010236,614,81.45507006329885
bge-m3,own,sleep_var_median_adj,9,90.12475505513332,86.28398778928762,92.92458972872372,590,81.45507006329885
bge-m3,own,sleep_var_median_adj,10,95.91502952619864,91.99481500429816,99.1671141678392,492,81.45507006329885
bge-large-en-v1.5,program,sleep_mean_adj,1,387.5148697087685,382.9444240807403,392.0853153367967,806,373.7699477726658
bge-large-en-v1.5,program,sleep_mean_adj,2,380.37274007847617,375.66161464197535,385.083865514977,789,373.7699477726658
bge-large-en-v1.5,program,sleep_mean_adj,3,380.82559324905696,376.1220544381034,385.5291320600105,835,373.7699477726658
bge-large-en-v1.5,program,sleep_mean_adj,4,380.0436181220755,375.5196966533171,384.56753959083386,911,373.7699477726658
bge-large-en-v1.5,program,sleep_mean_adj,5,376.2541689579547,371.91311329467305,380.5952246212363,925,373.7699477726658
bge-large-en-v1.5,program,sleep_mean_adj,6,376.14941792058863,371.8087823085693,380.49005353260793,957,373.7699477726658
bge-large-en-v1.5,program,sleep_mean_adj,7,375.6525647281514,371.6759729509523,379.62915650535047,1114,373.7699477726658
bge-large-en-v1.5,program,sleep_mean_adj,8,373.3121450983127,369.2613221565032,377.36296804012215,1177,373.7699477726658
bge-large-en-v1.5,program,sleep_mean_adj,9,363.7060087312332,359.77456230982534,367.637455152641,1342,373.7699477726658
bge-large-en-v1.5,program,sleep_mean_adj,10,359.16322838054344,355.14878191359566,363.1776748474912,1405,373.7699477726658
bge-large-en-v1.5,program,sleep_var_median_adj,1,83.61864003810749,81.83451785244846,85.62908132300417,806,92.20442636688664
bge-large-en-v1.5,program,sleep_var_median_adj,2,85.14288424774665,83.35312493023088,87.02029372644944,789,92.20442636688664
bge-large-en-v1.5,program,sleep_var_median_adj,3,84.37363462531009,82.39001493288279,86.9349916460468,835,92.20442636688664
bge-large-en-v1.5,program,sleep_var_median_adj,4,88.35789594332064,86.47693561671583,89.681676962113,911,92.20442636688664
bge-large-en-v1.5,program,sleep_var_median_adj,5,90.72141068748074,88.34601326483622,93.38900054408354,925,92.20442636688664
bge-large-en-v1.5,program,sleep_var_median_adj,6,90.72811830245496,88.04642441649986,92.74889891816208,957,92.20442636688664
bge-large-en-v1.5,program,sleep_var_median_adj,7,93.79450074396988,91.67203867597615,95.6595736950015,1114,92.20442636688664
bge-large-en-v1.5,program,sleep_var_median_adj,8,95.03956351311534,93.09899856183476,97.18653188104884,1177,92.20442636688664
bge-large-en-v1.5,program,sleep_var_median_adj,9,97.8778609476726,96.18981238551768,99.56513286976929,1342,92.20442636688664
bge-large-en-v1.5,program,sleep_var_median_adj,10,101.22537072684356,99.4234802405208,103.70913717835752,1405,92.20442636688664
bge-large-en-v1.5,own,sleep_mean_adj,1,387.7919186310057,382.1602493460842,393.42358791592727,702,383.62803818782345
bge-large-en-v1.5,own,sleep_mean_adj,2,390.6213531264736,385.0050468239855,396.2376594289617,661,383.62803818782345
bge-large-en-v1.5,own,sleep_mean_adj,3,386.7647790001183,381.49428507068814,392.0352729295485,682,383.62803818782345
bge-large-en-v1.5,own,sleep_mean_adj,4,389.1235994970024,384.1880095929181,394.0591894010867,727,383.62803818782345
bge-large-en-v1.5,own,sleep_mean_adj,5,386.8711812158239,381.7016665022648,392.0406959293829,675,383.62803818782345
bge-large-en-v1.5,own,sleep_mean_adj,6,382.6024951706473,377.07436736943055,388.1306229718641,658,383.62803818782345
bge-large-en-v1.5,own,sleep_mean_adj,7,382.5602747960302,377.03302889293735,388.0875206991231,643,383.62803818782345
bge-large-en-v1.5,own,sleep_mean_adj,8,379.0964878102182,373.5839072050813,384.6090684153551,649,383.62803818782345
bge-large-en-v1.5,own,sleep_mean_adj,9,376.1786178907932,370.2795719043361,382.0776638772503,584,383.62803818782345
bge-large-en-v1.5,own,sleep_mean_adj,10,368.90056822769225,361.8338895765632,375.9672468788213,490,383.62803818782345
bge-large-en-v1.5,own,sleep_var_median_adj,1,75.47732839085691,73.16241319906452,77.69900448297554,702,81.45507006329885
bge-large-en-v1.5,own,sleep_var_median_adj,2,75.08915091486062,72.50251176685265,77.41274455332456,661,81.45507006329885
bge-large-en-v1.5,own,sleep_var_median_adj,3,75.80347408538964,73.51339605572373,78.65343668465788,682,81.45507006329885
bge-large-en-v1.5,own,sleep_var_median_adj,4,77.80615275175313,75.60440354209287,79.90105935681963,727,81.45507006329885
bge-large-en-v1.5,own,sleep_var_median_adj,5,80.68958914785372,78.94049805677052,82.70193571410911,675,81.45507006329885
bge-large-en-v1.5,own,sleep_var_median_adj,6,82.12575790209858,79.89513305840704,85.11714847156541,658,81.45507006329885
bge-large-en-v1.5,own,sleep_var_median_adj,7,85.07190306884247,82.5536126781474,87.9833190958613,643,81.45507006329885
bge-large-en-v1.5,own,sleep_var_median_adj,8,86.59140771297764,83.82281220425998,89.90136183649396,649,81.45507006329885
bge-large-en-v1.5,own,sleep_var_median_adj,9,88.82141549747436,86.02030315190744,91.82807936982468,584,81.45507006329885
bge-large-en-v1.5,own,sleep_var_median_adj,10,95.6602874596906,91.99481500429816,99.1671141678392,490,81.45507006329885
all-mpnet-base-v2,program,sleep_mean_adj,1,384.7735078173376,380.09500900162254,389.45200663305263,803,373.7699477726658
all-mpnet-base-v2,program,sleep_mean_adj,2,382.539056951436,378.0042058298898,387.0739080729821,806,373.7699477726658
all-mpnet-base-v2,program,sleep_mean_adj,3,381.260081924727,376.65223657155457,385.8679272778994,795,373.7699477726658
all-mpnet-base-v2,program,sleep_mean_adj,4,378.1717619782592,373.6967831217003,382.6467408348181,875,373.7699477726658
all-mpnet-base-v2,program,sleep_mean_adj,5,377.533375168822,372.9898895585628,382.0768607790812,959,373.7699477726658
all-mpnet-base-v2,program,sleep_mean_adj,6,377.5522800738127,373.341311160456,381.7632489871693,1020,373.7699477726658
all-mpnet-base-v2,program,sleep_mean_adj,7,374.3967203278611,370.3731851839267,378.4202554717955,1051,373.7699477726658
all-mpnet-base-v2,program,sleep_mean_adj,8,370.0630442238799,365.87382111761536,374.2522673301444,1184,373.7699477726658
all-mpnet-base-v2,program,sleep_mean_adj,9,366.50379050665725,362.6553064812621,370.3522745320524,1382,373.7699477726658
all-mpnet-base-v2,program,sleep_mean_adj,10,359.76919349636614,355.7420661313075,363.7963208614248,1386,373.7699477726658
all-mpnet-base-v2,program,sleep_var_median_adj,1,83.21106422012093,81.18037366963691,85.01565893857953,803,92.20442636688664
all-mpnet-base-v2,program,sleep_var_median_adj,2,85.0144329096263,82.98888109372642,86.56614309708453,806,92.20442636688664
all-mpnet-base-v2,program,sleep_var_median_adj,3,86.03018973975543,84.08667728728608,88.72741844962212,795,92.20442636688664
all-mpnet-base-v2,program,sleep_var_median_adj,4,88.21529080457114,86.0475636447,90.3777404298023,875,92.20442636688664
all-mpnet-base-v2,program,sleep_var_median_adj,5,89.01484187440873,87.30422416084713,92.0043283320692,959,92.20442636688664
all-mpnet-base-v2,program,sleep_var_median_adj,6,89.65739793929345,87.6330438786529,91.9695515099413,1020,92.20442636688664
all-mpnet-base-v2,program,sleep_var_median_adj,7,94.83275208877292,92.57612973781498,97.4635212526212,1051,92.20442636688664
all-mpnet-base-v2,program,sleep_var_median_adj,8,95.31551130437668,93.38556801368064,97.35863347817424,1184,92.20442636688664
all-mpnet-base-v2,program,sleep_var_median_adj,9,97.39789078288383,95.61011521666369,99.37288905753488,1382,92.20442636688664
all-mpnet-base-v2,program,sleep_var_median_adj,10,103.44132470271252,100.68344585032108,105.82675341414092,1386,92.20442636688664
all-mpnet-base-v2,own,sleep_mean_adj,1,389.7699900597991,384.3113874032386,395.2285927163595,691,383.62803818782345
all-mpnet-base-v2,own,sleep_mean_adj,2,386.8493382627821,381.4840200433388,392.2146564822254,702,383.62803818782345
all-mpnet-base-v2,own,sleep_mean_adj,3,389.7761525276261,384.43828457393846,395.1140204813136,689,383.62803818782345
all-mpnet-base-v2,own,sleep_mean_adj,4,386.6109288061503,381.0545066141638,392.1673509981368,680,383.62803818782345
all-mpnet-base-v2,own,sleep_mean_adj,5,386.2532274620828,381.04636502498334,391.4600898991823,684,383.62803818782345
all-mpnet-base-v2,own,sleep_mean_adj,6,383.8772025500467,378.4853997389596,389.26900536113385,656,383.62803818782345
all-mpnet-base-v2,own,sleep_mean_adj,7,382.6344834571163,377.363633749566,387.90533316466656,655,383.62803818782345
all-mpnet-base-v2,own,sleep_mean_adj,8,381.55831812446297,375.9924612278155,387.1241750211104,631,383.62803818782345
all-mpnet-base-v2,own,sleep_mean_adj,9,374.42868581645376,368.4469677180285,380.410403914879,574,383.62803818782345
all-mpnet-base-v2,own,sleep_mean_adj,10,368.909493763079,361.9759301430174,375.8430573831406,509,383.62803818782345
all-mpnet-base-v2,own,sleep_var_median_adj,1,74.8835302675538,72.91924614878991,76.85176968131911,691,81.45507006329885
all-mpnet-base-v2,own,sleep_var_median_adj,2,76.37103435493177,74.55160708306813,78.16785306496946,702,81.45507006329885
all-mpnet-base-v2,own,sleep_var_median_adj,3,74.99671322368114,72.38753746144272,77.44403855766738,689,81.45507006329885
all-mpnet-base-v2,own,sleep_var_median_adj,4,78.23910266876744,75.52430124403492,80.54825548966235,680,81.45507006329885
all-mpnet-base-v2,own,sleep_var_median_adj,5,79.86772121154348,78.11921055500122,82.14906160670752,684,81.45507006329885
all-mpnet-base-v2,own,sleep_var_median_adj,6,82.94907441071135,80.44927743108016,85.30598412089526,656,81.45507006329885
all-mpnet-base-v2,own,sleep_var_median_adj,7,84.06945183779246,81.90438224694726,86.75810862070986,655,81.45507006329885
all-mpnet-base-v2,own,sleep_var_median_adj,8,88.8500221207066,85.11057561745282,91.48073456408932,631,81.45507006329885
all-mpnet-base-v2,own,sleep_var_median_adj,9,89.21545913097799,85.8673247670827,91.59613954181069,574,81.45507006329885
all-mpnet-base-v2,own,sleep_var_median_adj,10,95.55986250791132,91.99654761607113,98.82183029039872,509,81.45507006329885
e5-large-v2,program,sleep_mean_adj,1,385.50487565479307,380.760308044628,390.2494432649581,788,373.7699477726658
e5-large-v2,program,sleep_mean_adj,2,379.9905739203936,375.2186821646456,384.7624656761416,796,373.7699477726658
e5-large-v2,program,sleep_mean_adj,3,378.8934281008602,374.36470076530605,383.4221554364144,849,373.7699477726658
e5-large-v2,program,sleep_mean_adj,4,381.697514660829,377.1650355728913,386.22999374876673,834,373.7699477726658
e5-large-v2,program,sleep_mean_adj,5,378.9550823395187,374.4075913523764,383.502573326661,948,373.7699477726658
e5-large-v2,program,sleep_mean_adj,6,375.6598243212605,371.5339065918639,379.7857420506572,1022,373.7699477726658
e5-large-v2,program,sleep_mean_adj,7,373.3770637720993,369.28856356736543,377.4655639768332,1099,373.7699477726658
e5-large-v2,program,sleep_mean_adj,8,371.37938362835047,367.5262619506203,375.2325053060806,1205,373.7699477726658
e5-large-v2,program,sleep_mean_adj,9,368.3427285566834,364.2828828931724,372.4025742201945,1300,373.7699477726658
e5-large-v2,program,sleep_mean_adj,10,358.5309799706839,354.5405214143137,362.52143852705416,1420,373.7699477726658
e5-large-v2,program,sleep_var_median_adj,1,83.60487069094641,82.12733192834196,85.71597998603535,788,92.20442636688664
e5-large-v2,program,sleep_var_median_adj,2,84.58573100638122,82.12990278899632,86.74793556861412,796,92.20442636688664
e5-large-v2,program,sleep_var_median_adj,3,87.94536764988975,85.61143965201316,90.42120803961195,849,92.20442636688664
e5-large-v2,program,sleep_var_median_adj,4,87.61019679943183,84.9412729640584,89.37747548632933,834,92.20442636688664
e5-large-v2,program,sleep_var_median_adj,5,89.28177868614378,86.69341211698377,92.66954494757994,948,92.20442636688664
e5-large-v2,program,sleep_var_median_adj,6,90.14729321777337,88.2515957041096,92.20945668267407,1022,92.20442636688664
e5-large-v2,program,sleep_var_median_adj,7,92.75009179704576,90.55802597957891,94.24171707759017,1099,92.20442636688664
e5-large-v2,program,sleep_var_median_adj,8,94.97471260587746,93.17087937010396,96.81759905975392,1205,92.20442636688664
e5-large-v2,program,sleep_var_median_adj,9,99.1358087890073,97.08021232352704,101.19855580620047,1300,92.20442636688664
e5-large-v2,program,sleep_var_median_adj,10,101.65557307994526,99.5524572006602,103.52703989479724,1420,92.20442636688664
e5-large-v2,own,sleep_mean_adj,1,389.4433235787516,383.97834296453647,394.9083041929668,737,383.62803818782345
e5-large-v2,own,sleep_mean_adj,2,391.7148944728325,386.53277459801615,396.8970143476489,687,383.62803818782345
e5-large-v2,own,sleep_mean_adj,3,387.25941082058745,381.70332537213847,392.8154962690364,681,383.62803818782345
e5-large-v2,own,sleep_mean_adj,4,386.8482220756795,381.72517196450497,391.971272186854,672,383.62803818782345
e5-large-v2,own,sleep_mean_adj,5,382.96088785242966,377.4645442670319,388.4572314378274,682,383.62803818782345
e5-large-v2,own,sleep_mean_adj,6,385.7655818863549,380.6922958679032,390.83886790480665,695,383.62803818782345
e5-large-v2,own,sleep_mean_adj,7,384.16160073736046,378.8517249936865,389.4714764810345,614,383.62803818782345
e5-large-v2,own,sleep_mean_adj,8,376.2586545518112,370.2447619869501,382.2725471166722,615,383.62803818782345
e5-large-v2,own,sleep_mean_adj,9,377.4604348591972,371.8023087338104,383.1185609845839,608,383.62803818782345
e5-large-v2,own,sleep_mean_adj,10,367.889300846841,360.6449559204851,375.133645773197,480,383.62803818782345
e5-large-v2,own,sleep_var_median_adj,1,75.1613921335366,72.87132790131744,77.10996836170088,737,81.45507006329885
e5-large-v2,own,sleep_var_median_adj,2,74.70786910157568,72.41981566923484,76.88880566555332,687,81.45507006329885
e5-large-v2,own,sleep_var_median_adj,3,76.04230951158632,74.14735681241368,79.06649269993281,681,81.45507006329885
e5-large-v2,own,sleep_var_median_adj,4,78.20769381983155,76.3375501673688,80.26952693018184,672,81.45507006329885
e5-large-v2,own,sleep_var_median_adj,5,81.05059443315129,78.16888021658893,84.26182822166803,682,81.45507006329885
e5-large-v2,own,sleep_var_median_adj,6,80.97152868665005,79.74340028122855,83.30196847586576,695,81.45507006329885
e5-large-v2,own,sleep_var_median_adj,7,84.94592110740294,82.16506274623042,87.9584300701844,614,81.45507006329885
e5-large-v2,own,sleep_var_median_adj,8,88.39091567675976,85.32824846965426,91.4047487946105,615,81.45507006329885
e5-large-v2,own,sleep_var_median_adj,9,89.64560381175998,86.75810862070986,92.73718672836156,608,81.45507006329885
e5-large-v2,own,sleep_var_median_adj,10,94.73015361350728,90.89933477375918,97.13158017350696,480,81.45507006329885
qwen3-embedding-0.6b,program,sleep_mean_adj,1,385.7237953284638,381.1138101970367,390.3337804598909,802,373.7699477726658
qwen3-embedding-0.6b,program,sleep_mean_adj,2,379.83573441122417,375.1393568892381,384.5321119332102,823,373.7699477726658
qwen3-embedding-0.6b,program,sleep_mean_adj,3,381.38477935812574,376.8855154154421,385.88404330080937,840,373.7699477726658
qwen3-embedding-0.6b,program,sleep_mean_adj,4,378.70524632656856,374.02498273141583,383.3855099217213,859,373.7699477726658
qwen3-embedding-0.6b,program,sleep_mean_adj,5,377.8173624679112,373.6407587984343,381.99396613738816,948,373.7699477726658
qwen3-embedding-0.6b,program,sleep_mean_adj,6,375.8182986335344,371.4761744068868,380.16042286018194,986,373.7699477726658
qwen3-embedding-0.6b,program,sleep_mean_adj,7,376.4507261057008,372.37696225918353,380.524489952218,1101,373.7699477726658
qwen3-embedding-0.6b,program,sleep_mean_adj,8,372.8449973057233,368.75932827973855,376.9306663317081,1198,373.7699477726658
qwen3-embedding-0.6b,program,sleep_mean_adj,9,363.15378237571775,359.09767300948283,367.2098917419527,1303,373.7699477726658
qwen3-embedding-0.6b,program,sleep_mean_adj,10,360.1495237999083,356.21639022203766,364.08265737777896,1401,373.7699477726658
qwen3-embedding-0.6b,program,sleep_var_median_adj,1,83.38371820116694,81.82496347706311,85.11293490262413,802,92.20442636688664
qwen3-embedding-0.6b,program,sleep_var_median_adj,2,84.63651976777787,82.52310362365336,86.51178505167526,823,92.20442636688664
qwen3-embedding-0.6b,program,sleep_var_median_adj,3,87.23695519650585,84.98222090760606,89.35108174728958,840,92.20442636688664
qwen3-embedding-0.6b,program,sleep_var_median_adj,4,86.67831245090788,85.21964940670753,88.96152434048238,859,92.20442636688664
qwen3-embedding-0.6b,program,sleep_var_median_adj,5,88.98611787487519,86.06187367146399,92.60595142668402,948,92.20442636688664
qwen3-embedding-0.6b,program,sleep_var_median_adj,6,92.24002079678375,89.94789612549852,94.6629125233086,986,92.20442636688664
qwen3-embedding-0.6b,program,sleep_var_median_adj,7,93.78010659198048,91.7601941599831,95.5596088625884,1101,92.20442636688664
qwen3-embedding-0.6b,program,sleep_var_median_adj,8,94.2791632093288,92.39015644871012,96.30244406795843,1198,92.20442636688664
qwen3-embedding-0.6b,program,sleep_var_median_adj,9,97.50746588629316,96.19499897438013,99.09851293213131,1303,92.20442636688664
qwen3-embedding-0.6b,program,sleep_var_median_adj,10,103.49249598477948,100.66522017250566,106.34807421515433,1401,92.20442636688664
qwen3-embedding-0.6b,own,sleep_mean_adj,1,389.67353864243074,384.2540383700141,395.0930389148474,739,383.62803818782345
qwen3-embedding-0.6b,own,sleep_mean_adj,2,389.7801951198532,384.5242702783215,395.03611996138494,661,383.62803818782345
qwen3-embedding-0.6b,own,sleep_mean_adj,3,383.4928251215491,377.8146567721025,389.1709934709957,695,383.62803818782345
qwen3-embedding-0.6b,own,sleep_mean_adj,4,389.0033284154604,383.8410698676405,394.1655869632804,681,383.62803818782345
qwen3-embedding-0.6b,own,sleep_mean_adj,5,387.3326351792447,382.1321444970641,392.5331258614253,676,383.62803818782345
qwen3-embedding-0.6b,own,sleep_mean_adj,6,384.9337010331451,379.6248240062942,390.242578059996,679,383.62803818782345
qwen3-embedding-0.6b,own,sleep_mean_adj,7,381.1837818970836,375.33272765869657,387.0348361354707,640,383.62803818782345
qwen3-embedding-0.6b,own,sleep_mean_adj,8,380.8530224596517,375.7900762639111,385.9159686553922,644,383.62803818782345
qwen3-embedding-0.6b,own,sleep_mean_adj,9,375.6047008922975,369.7448769918309,381.46452479276417,569,383.62803818782345
qwen3-embedding-0.6b,own,sleep_mean_adj,10,368.0737472350702,360.7582936365978,375.3892008335425,487,383.62803818782345
qwen3-embedding-0.6b,own,sleep_var_median_adj,1,75.41027858963035,73.16241319906452,77.58060902363485,739,81.45507006329885
qwen3-embedding-0.6b,own,sleep_var_median_adj,2,76.09120637836529,72.78332629332229,77.91877877770247,661,81.45507006329885
qwen3-embedding-0.6b,own,sleep_var_median_adj,3,75.52414906776987,72.98984823908484,77.76088285190033,695,81.45507006329885
qwen3-embedding-0.6b,own,sleep_var_median_adj,4,78.11921055500122,75.27171983830969,80.28522695579656,681,81.45507006329885
qwen3-embedding-0.6b,own,sleep_var_median_adj,5,81.18022276868871,79.1225646679099,83.47181323995034,676,81.45507006329885
qwen3-embedding-0.6b,own,sleep_var_median_adj,6,81.4550701251999,79.63028851517826,84.77391924000871,679,81.45507006329885
qwen3-embedding-0.6b,own,sleep_var_median_adj,7,84.21354704322349,82.0617300434752,87.39118406021701,640,81.45507006329885
qwen3-embedding-0.6b,own,sleep_var_median_adj,8,88.4976978209702,85.41558248927849,90.4837349584375,644,81.45507006329885
qwen3-embedding-0.6b,own,sleep_var_median_adj,9,90.50523044479904,87.81437434849009,93.89448599295972,569,81.45507006329885
qwen3-embedding-0.6b,own,sleep_var_median_adj,10,94.06848345342452,90.556861903138,97.13158017350696,487,81.45507006329885
