item,instrument,construct,text,encoders_placing,other_instrument,other_construct,partner_instruments,partner_constructs
cigarsmoking_cigarsmokeparticipant,single item,Substance use,"Have you ever smoked a traditional cigar, cigarillo, or filtered cigar, even one or two puffs?",6,0,0,,
electronicsmoking_electricsmokeparticipant,single item,Substance use,"Have you ever used an electronic nicotine product, even one or two times? (Electronic nicotine products include e-cigarettes, vape pens, hookah pens, personal vaporizers and mods, e-cigars, e-pipes, and e-hookahs.)",6,0,0,,
hookahsmoking_hookahsmokeparticipant,single item,Substance use,"Have you ever smoked tobacco in a hookah, even one or two puffs?",6,0,0,,
smokelesstobacco_smokelesstobaccoparticipant,single item,Substance use,"Have you ever used smokeless tobacco products, even one or two times? (Smokeless tobacco products include snus pouches, Skoal Bandits, loose snus, moist snuff, dip, spit, and chewing tobacco.)",6,0,0,,
smoking_100cigslifetime,single item,Substance use,Have you smoked at least 100 cigarettes in your entire life? (There are 20 cigarettes in a pack.),6,0,0,,
overallhealth_generalmentalhealth,PROMIS Global Health (PROMIS),Self-rated health,,6,6,6,"UK Biobank Mental Health Questionnaire (MHQ) (6); Daily Spiritual Experiences, BMMRS (DSES) (1); Perceived Stress Scale-10 (PSS-10) (1)",Subjective wellbeing (6); Daily spiritual experience (1); Perceived stress (1)
overallhealth_socialsatisfaction,PROMIS Global Health (PROMIS),Self-rated health,,6,6,6,"UK Biobank Mental Health Questionnaire (MHQ) (6); Daily Spiritual Experiences, BMMRS (DSES) (1); Perceived Stress Scale-10 (PSS-10) (1); WHO World Mental Health CIDI (WMH-CIDI) (1); single item (1)",Subjective wellbeing (6); Daily spiritual experience (1); Panic & phobia (1); Perceived stress (1); Religious participation (1)
bmmrs_1,"Daily Spiritual Experiences, BMMRS (DSES)",Daily spiritual experience,,6,2,2,single item (2),Religious participation (2)
bmmrs_2,"Daily Spiritual Experiences, BMMRS (DSES)",Daily spiritual experience,,6,3,3,"single item (2); Adult ADHD Self-Report Scale v1.1, Part A (ASRS) (1); Adverse Childhood Experiences module, BRFSS (ACE) (1); Perceived Stress Scale-10 (PSS-10) (1)",Religious participation (2); Adult ADHD (1); Childhood adversity (1); Perceived stress (1)
bmmrs_3,"Daily Spiritual Experiences, BMMRS (DSES)",Daily spiritual experience,,2,2,2,PROMIS Global Health (PROMIS) (1); UK Biobank Mental Health Questionnaire (MHQ) (1); single item (1),Religious participation (1); Self-rated health (1); Subjective wellbeing (1)
bmmrs_4,"Daily Spiritual Experiences, BMMRS (DSES)",Daily spiritual experience,,6,2,2,single item (2),Religious participation (2)
bmmrs_5,"Daily Spiritual Experiences, BMMRS (DSES)",Daily spiritual experience,,6,2,2,single item (2),Religious participation (2)
bmmrs_6,"Daily Spiritual Experiences, BMMRS (DSES)",Daily spiritual experience,,6,3,3,"single item (2); Big Five Inventory-2 Extra-Short Form (BFI-2-XS) (1); Perceived Neighborhood Disorder Scale, adapted (NDS) (1); WHO World Mental Health CIDI (WMH-CIDI) (1)",Religious participation (2); Body-focused repetitive behavior (1); Conscientiousness (1); Negative emotionality (1); Neighborhood disorder & safety (1); Open-mindedness (1)
hvs_1,Hunger Vital Sign (HVS),Food insecurity,,6,1,1,Modified MOS Social Support Survey (mMOS-SS) (1),Perceived social support (1)
hvs_2,Hunger Vital Sign (HVS),Food insecurity,,6,1,1,Modified MOS Social Support Survey (mMOS-SS) (1),Perceived social support (1)
ips_16,single item,Neighborhood disorder & safety,The crime rate in my neighborhood makes it unsafe to go on walks during the day.,1,1,1,Big Five Inventory-2 Extra-Short Form (BFI-2-XS) (1); Patient Health Questionnaire-9 (PHQ-9) (1); Perceived Stress Scale-10 (PSS-10) (1); UK Biobank Mental Health Questionnaire (MHQ) (1),Depression (1); Open-mindedness (1); Perceived stress (1)
nds_1,"Perceived Neighborhood Disorder Scale, adapted (NDS)",Neighborhood disorder & safety,,6,6,6,"Neighborhood Social Cohesion scale, adapted (SCNS) (6); Big Five Inventory-2 Extra-Short Form (BFI-2-XS) (1); Daily Spiritual Experiences, BMMRS (DSES) (1); WHO World Mental Health CIDI (WMH-CIDI) (1)",Neighborhood social cohesion (6); Body-focused repetitive behavior (1); Conscientiousness (1); Daily spiritual experience (1); Negative emotionality (1); Open-mindedness (1)
nds_11,"Perceived Neighborhood Disorder Scale, adapted (NDS)",Neighborhood disorder & safety,,1,1,1,"Neighborhood Social Cohesion scale, adapted (SCNS) (1)",Neighborhood social cohesion (1)
nds_12,"Perceived Neighborhood Disorder Scale, adapted (NDS)",Neighborhood disorder & safety,,6,6,6,"Neighborhood Social Cohesion scale, adapted (SCNS) (6)",Neighborhood social cohesion (6)
nds_13,"Perceived Neighborhood Disorder Scale, adapted (NDS)",Neighborhood disorder & safety,,6,6,6,"Neighborhood Social Cohesion scale, adapted (SCNS) (6)",Neighborhood social cohesion (6)
nds_2,"Perceived Neighborhood Disorder Scale, adapted (NDS)",Neighborhood disorder & safety,,6,6,6,"Neighborhood Social Cohesion scale, adapted (SCNS) (6)",Neighborhood social cohesion (6)
nds_3,"Perceived Neighborhood Disorder Scale, adapted (NDS)",Neighborhood disorder & safety,,6,6,6,"Neighborhood Social Cohesion scale, adapted (SCNS) (6)",Neighborhood social cohesion (6)
nds_4,"Perceived Neighborhood Disorder Scale, adapted (NDS)",Neighborhood disorder & safety,,5,5,5,"Neighborhood Social Cohesion scale, adapted (SCNS) (5)",Neighborhood social cohesion (5)
nds_5,"Perceived Neighborhood Disorder Scale, adapted (NDS)",Neighborhood disorder & safety,,6,6,6,"Neighborhood Social Cohesion scale, adapted (SCNS) (6)",Neighborhood social cohesion (6)
nds_6,"Perceived Neighborhood Disorder Scale, adapted (NDS)",Neighborhood disorder & safety,,6,6,6,"Neighborhood Social Cohesion scale, adapted (SCNS) (6)",Neighborhood social cohesion (6)
nds_7,"Perceived Neighborhood Disorder Scale, adapted (NDS)",Neighborhood disorder & safety,,5,4,4,"Neighborhood Social Cohesion scale, adapted (SCNS) (4)",Neighborhood social cohesion (4)
nds_8,"Perceived Neighborhood Disorder Scale, adapted (NDS)",Neighborhood disorder & safety,,6,6,6,"Neighborhood Social Cohesion scale, adapted (SCNS) (6)",Neighborhood social cohesion (6)
nds_9,"Perceived Neighborhood Disorder Scale, adapted (NDS)",Neighborhood disorder & safety,,6,5,5,"Neighborhood Social Cohesion scale, adapted (SCNS) (4); Adverse Childhood Experiences module, BRFSS (ACE) (2); single item (2)",Neighborhood social cohesion (4); Childhood adversity (2); Substance use (2)
nhs_xx,single item,Religious participation,Go to religious meetings or services?,3,3,3,"Daily Spiritual Experiences, BMMRS (DSES) (2); PROMIS Global Health (PROMIS) (1); WHO World Mental Health CIDI (WMH-CIDI) (1)",Daily spiritual experience (2); Panic & phobia (1); Self-rated health (1)
scns_2,"Neighborhood Social Cohesion scale, adapted (SCNS)",Neighborhood social cohesion,,6,6,6,"Perceived Neighborhood Disorder Scale, adapted (NDS) (6)",Neighborhood disorder & safety (6)
scns_3,"Neighborhood Social Cohesion scale, adapted (SCNS)",Neighborhood social cohesion,,6,6,6,"Perceived Neighborhood Disorder Scale, adapted (NDS) (6)",Neighborhood disorder & safety (6)
scns_4,"Neighborhood Social Cohesion scale, adapted (SCNS)",Neighborhood social cohesion,,6,6,6,"Perceived Neighborhood Disorder Scale, adapted (NDS) (6)",Neighborhood disorder & safety (6)
sdoh_cpss_2,Perceived Stress Scale-10 (PSS-10),Perceived stress,,4,2,2,"Adult ADHD Self-Report Scale v1.1, Part A (ASRS) (1); Big Five Inventory-2 Extra-Short Form (BFI-2-XS) (1); Patient Health Questionnaire-9 (PHQ-9) (1); Short-Form UCLA Loneliness Scale (ULS-8) (1)",Adult ADHD (1); Depression (1); Loneliness (1); Open-mindedness (1)
sdoh_cpss_3,Perceived Stress Scale-10 (PSS-10),Perceived stress,,2,2,2,Big Five Inventory-2 Extra-Short Form (BFI-2-XS) (2); Discrimination in Medical Settings scale (DMS) (1); Everyday Discrimination Scale (EDS) (1); Generalized Anxiety Disorder-7 (GAD-7) (1); Patient Health Questionnaire-9 (PHQ-9) (1); UK Biobank Mental Health Questionnaire (MHQ) (1); WHO World Mental Health CIDI (WMH-CIDI) (1); single item (1),Depression (1); Everyday discrimination (1); Generalized anxiety (1); Healthcare discrimination (1); Negative emotionality (1); Neighborhood disorder & safety (1); Open-mindedness (1); Panic & phobia (1)
sdoh_cpss_4,Perceived Stress Scale-10 (PSS-10),Perceived stress,,2,2,2,"Patient Health Questionnaire-9 (PHQ-9) (2); Adult ADHD Self-Report Scale v1.1, Part A (ASRS) (1); Big Five Inventory-2 Extra-Short Form (BFI-2-XS) (1); Generalized Anxiety Disorder-7 (GAD-7) (1); Modified MOS Social Support Survey (mMOS-SS) (1)",Depression (2); Adult ADHD (1); Extraversion (1); Generalized anxiety (1); Perceived social support (1)
sdoh_cpss_5,Perceived Stress Scale-10 (PSS-10),Perceived stress,,4,3,3,Big Five Inventory-2 Extra-Short Form (BFI-2-XS) (1); Everyday Discrimination Scale (EDS) (1); PROMIS Global Health (PROMIS) (1); Patient Health Questionnaire-9 (PHQ-9) (1); UK Biobank Mental Health Questionnaire (MHQ) (1); WHO World Mental Health CIDI (WMH-CIDI) (1),Depression (1); Everyday discrimination (1); Open-mindedness (1); Panic & phobia (1); Self-rated health (1); Subjective wellbeing (1)
sdoh_cpss_7,Perceived Stress Scale-10 (PSS-10),Perceived stress,,4,2,2,Generalized Anxiety Disorder-7 (GAD-7) (2); WHO World Mental Health CIDI (WMH-CIDI) (2); UK Biobank Mental Health Questionnaire (MHQ) (1),Body-focused repetitive behavior (2); Generalized anxiety (2); Mania (1); Panic & phobia (1)
sdoh_cpss_8,Perceived Stress Scale-10 (PSS-10),Perceived stress,,6,5,5,"Adult ADHD Self-Report Scale v1.1, Part A (ASRS) (1); Big Five Inventory-2 Extra-Short Form (BFI-2-XS) (1); Daily Spiritual Experiences, BMMRS (DSES) (1); Everyday Discrimination Scale (EDS) (1); Patient Health Questionnaire-9 (PHQ-9) (1); UK Biobank Mental Health Questionnaire (MHQ) (1); WHO World Mental Health CIDI (WMH-CIDI) (1)",Depression (2); Adult ADHD (1); Daily spiritual experience (1); Everyday discrimination (1); Open-mindedness (1); Panic & phobia (1)
sdoh_cpss_9,Perceived Stress Scale-10 (PSS-10),Perceived stress,,5,2,2,Generalized Anxiety Disorder-7 (GAD-7) (2); UK Biobank Mental Health Questionnaire (MHQ) (2); WHO World Mental Health CIDI (WMH-CIDI) (1),Generalized anxiety (2); Mania (2); Body-focused repetitive behavior (1); Life-threatening events (1); Subjective wellbeing (1)
sdoh_dms_1,Discrimination in Medical Settings scale (DMS),Healthcare discrimination,,6,5,5,Everyday Discrimination Scale (EDS) (5),Everyday discrimination (5)
sdoh_dms_2,Discrimination in Medical Settings scale (DMS),Healthcare discrimination,,6,5,5,Everyday Discrimination Scale (EDS) (5),Everyday discrimination (5)
sdoh_dms_3,Discrimination in Medical Settings scale (DMS),Healthcare discrimination,,6,4,4,Everyday Discrimination Scale (EDS) (4),Everyday discrimination (4)
sdoh_dms_4,Discrimination in Medical Settings scale (DMS),Healthcare discrimination,,6,4,4,Everyday Discrimination Scale (EDS) (4); Big Five Inventory-2 Extra-Short Form (BFI-2-XS) (1),Everyday discrimination (4); Agreeableness (1)
sdoh_dms_5,Discrimination in Medical Settings scale (DMS),Healthcare discrimination,,6,4,4,Everyday Discrimination Scale (EDS) (4); Big Five Inventory-2 Extra-Short Form (BFI-2-XS) (1); Generalized Anxiety Disorder-7 (GAD-7) (1); Perceived Stress Scale-10 (PSS-10) (1); WHO World Mental Health CIDI (WMH-CIDI) (1),Everyday discrimination (4); Agreeableness (1); Generalized anxiety (1); Negative emotionality (1); Panic & phobia (1); Perceived stress (1)
sdoh_dms_6,Discrimination in Medical Settings scale (DMS),Healthcare discrimination,,6,4,4,Everyday Discrimination Scale (EDS) (4); Big Five Inventory-2 Extra-Short Form (BFI-2-XS) (1),Everyday discrimination (4); Agreeableness (1)
sdoh_dms_7,Discrimination in Medical Settings scale (DMS),Healthcare discrimination,,6,4,4,Everyday Discrimination Scale (EDS) (4); Big Five Inventory-2 Extra-Short Form (BFI-2-XS) (1),Everyday discrimination (4); Agreeableness (1)
sdoh_eds_1,Everyday Discrimination Scale (EDS),Everyday discrimination,,6,6,6,Discrimination in Medical Settings scale (DMS) (6); Big Five Inventory-2 Extra-Short Form (BFI-2-XS) (1),Healthcare discrimination (6); Agreeableness (1)
sdoh_eds_2,Everyday Discrimination Scale (EDS),Everyday discrimination,,6,6,6,Discrimination in Medical Settings scale (DMS) (6); Big Five Inventory-2 Extra-Short Form (BFI-2-XS) (1),Healthcare discrimination (6); Agreeableness (1)
sdoh_eds_4,Everyday Discrimination Scale (EDS),Everyday discrimination,,6,0,0,,
sdoh_eds_5,Everyday Discrimination Scale (EDS),Everyday discrimination,,6,2,2,WHO World Mental Health CIDI (WMH-CIDI) (2); Big Five Inventory-2 Extra-Short Form (BFI-2-XS) (1); Discrimination in Medical Settings scale (DMS) (1); Generalized Anxiety Disorder-7 (GAD-7) (1); Perceived Stress Scale-10 (PSS-10) (1),Panic & phobia (2); Generalized anxiety (1); Healthcare discrimination (1); Negative emotionality (1); Perceived stress (1)
sdoh_eds_6,Everyday Discrimination Scale (EDS),Everyday discrimination,,6,0,0,,
sdoh_eds_7,Everyday Discrimination Scale (EDS),Everyday discrimination,,6,1,1,Big Five Inventory-2 Extra-Short Form (BFI-2-XS) (1); Perceived Stress Scale-10 (PSS-10) (1),Open-mindedness (1); Perceived stress (1)
sdoh_eds_8,Everyday Discrimination Scale (EDS),Everyday discrimination,,5,2,2,Patient Health Questionnaire-9 (PHQ-9) (1); Short-Form UCLA Loneliness Scale (ULS-8) (1); UK Biobank Mental Health Questionnaire (MHQ) (1),Depression (1); Loneliness (1)
sdoh_eds_9,Everyday Discrimination Scale (EDS),Everyday discrimination,,5,3,3,UK Biobank Mental Health Questionnaire (MHQ) (3); Patient Health Questionnaire-9 (PHQ-9) (1); WHO World Mental Health CIDI (WMH-CIDI) (1),Depression (2); Life-threatening events (1)
sdoh_mos_ss_1,Modified MOS Social Support Survey (mMOS-SS),Perceived social support,,6,1,1,Short-Form UCLA Loneliness Scale (ULS-8) (1),Loneliness (1)
sdoh_mos_ss_2,Modified MOS Social Support Survey (mMOS-SS),Perceived social support,,6,1,1,Short-Form UCLA Loneliness Scale (ULS-8) (1),Loneliness (1)
sdoh_mos_ss_3,Modified MOS Social Support Survey (mMOS-SS),Perceived social support,,6,1,1,Hunger Vital Sign (HVS) (1),Food insecurity (1)
sdoh_mos_ss_4,Modified MOS Social Support Survey (mMOS-SS),Perceived social support,,6,1,1,Short-Form UCLA Loneliness Scale (ULS-8) (1),Loneliness (1)
sdoh_mos_ss_5,Modified MOS Social Support Survey (mMOS-SS),Perceived social support,,4,2,2,Short-Form UCLA Loneliness Scale (ULS-8) (2),Loneliness (2)
sdoh_mos_ss_6,Modified MOS Social Support Survey (mMOS-SS),Perceived social support,,5,4,4,"Generalized Anxiety Disorder-7 (GAD-7) (3); Adult ADHD Self-Report Scale v1.1, Part A (ASRS) (2); Big Five Inventory-2 Extra-Short Form (BFI-2-XS) (2); Patient Health Questionnaire-9 (PHQ-9) (2); Short-Form UCLA Loneliness Scale (ULS-8) (2); Perceived Stress Scale-10 (PSS-10) (1)",Generalized anxiety (3); Adult ADHD (2); Depression (2); Extraversion (2); Loneliness (2); Negative emotionality (1); Perceived stress (1)
sdoh_mos_ss_7,Modified MOS Social Support Survey (mMOS-SS),Perceived social support,,5,3,3,"Adult ADHD Self-Report Scale v1.1, Part A (ASRS) (2); Generalized Anxiety Disorder-7 (GAD-7) (2); Patient Health Questionnaire-9 (PHQ-9) (2); Big Five Inventory-2 Extra-Short Form (BFI-2-XS) (1); Perceived Stress Scale-10 (PSS-10) (1); Short-Form UCLA Loneliness Scale (ULS-8) (1)",Adult ADHD (2); Depression (2); Generalized anxiety (2); Extraversion (1); Loneliness (1); Perceived stress (1)
sdoh_ucla_ls8_11,Short-Form UCLA Loneliness Scale (ULS-8),Loneliness,,6,2,2,Everyday Discrimination Scale (EDS) (1); Modified MOS Social Support Survey (mMOS-SS) (1),Everyday discrimination (1); Perceived social support (1)
sdoh_ucla_ls8_14,Short-Form UCLA Loneliness Scale (ULS-8),Loneliness,,6,1,1,Modified MOS Social Support Survey (mMOS-SS) (1),Perceived social support (1)
sdoh_ucla_ls8_15,Short-Form UCLA Loneliness Scale (ULS-8),Loneliness,,4,2,2,Modified MOS Social Support Survey (mMOS-SS) (2),Perceived social support (2)
sdoh_ucla_ls8_17,Short-Form UCLA Loneliness Scale (ULS-8),Loneliness,,5,1,1,Modified MOS Social Support Survey (mMOS-SS) (1),Perceived social support (1)
sdoh_ucla_ls8_18,Short-Form UCLA Loneliness Scale (ULS-8),Loneliness,,5,1,1,Modified MOS Social Support Survey (mMOS-SS) (1),Perceived social support (1)
sdoh_ucla_ls8_2,Short-Form UCLA Loneliness Scale (ULS-8),Loneliness,,6,1,1,Modified MOS Social Support Survey (mMOS-SS) (1),Perceived social support (1)
asrs_1,"Adult ADHD Self-Report Scale v1.1, Part A (ASRS)",Adult ADHD,,6,6,6,Big Five Inventory-2 Extra-Short Form (BFI-2-XS) (6),Conscientiousness (6)
asrs_2,"Adult ADHD Self-Report Scale v1.1, Part A (ASRS)",Adult ADHD,,6,6,6,Big Five Inventory-2 Extra-Short Form (BFI-2-XS) (6),Conscientiousness (6)
asrs_3,"Adult ADHD Self-Report Scale v1.1, Part A (ASRS)",Adult ADHD,,4,4,4,Big Five Inventory-2 Extra-Short Form (BFI-2-XS) (4),Conscientiousness (4)
asrs_4,"Adult ADHD Self-Report Scale v1.1, Part A (ASRS)",Adult ADHD,,5,5,5,Big Five Inventory-2 Extra-Short Form (BFI-2-XS) (5),Conscientiousness (5)
asrs_5,"Adult ADHD Self-Report Scale v1.1, Part A (ASRS)",Adult ADHD,,3,3,3,Generalized Anxiety Disorder-7 (GAD-7) (3); Patient Health Questionnaire-9 (PHQ-9) (3); Big Five Inventory-2 Extra-Short Form (BFI-2-XS) (2); Modified MOS Social Support Survey (mMOS-SS) (2); Perceived Stress Scale-10 (PSS-10) (2); Short-Form UCLA Loneliness Scale (ULS-8) (1),Depression (3); Generalized anxiety (3); Perceived social support (2); Perceived stress (2); Extraversion (1); Loneliness (1); Open-mindedness (1)
bfi2xs_10,Big Five Inventory-2 Extra-Short Form (BFI-2-XS),Open-mindedness,,6,4,6,Patient Health Questionnaire-9 (PHQ-9) (3); Perceived Stress Scale-10 (PSS-10) (2); UK Biobank Mental Health Questionnaire (MHQ) (2); Everyday Discrimination Scale (EDS) (1); single item (1),Conscientiousness (4); Agreeableness (3); Depression (3); Extraversion (3); Negative emotionality (3); Perceived stress (2); Everyday discrimination (1); Neighborhood disorder & safety (1)
bfi2xs_11,Big Five Inventory-2 Extra-Short Form (BFI-2-XS),Extraversion,,6,2,6,"Generalized Anxiety Disorder-7 (GAD-7) (2); Modified MOS Social Support Survey (mMOS-SS) (2); Adult ADHD Self-Report Scale v1.1, Part A (ASRS) (1); Patient Health Questionnaire-9 (PHQ-9) (1); Perceived Stress Scale-10 (PSS-10) (1); Short-Form UCLA Loneliness Scale (ULS-8) (1)",Agreeableness (6); Conscientiousness (6); Open-mindedness (6); Negative emotionality (5); Generalized anxiety (2); Perceived social support (2); Adult ADHD (1); Depression (1); Loneliness (1); Perceived stress (1)
bfi2xs_13,Big Five Inventory-2 Extra-Short Form (BFI-2-XS),Conscientiousness,,6,2,6,"Daily Spiritual Experiences, BMMRS (DSES) (1); Patient Health Questionnaire-9 (PHQ-9) (1); Perceived Neighborhood Disorder Scale, adapted (NDS) (1); WHO World Mental Health CIDI (WMH-CIDI) (1)",Agreeableness (6); Extraversion (6); Open-mindedness (6); Negative emotionality (5); Body-focused repetitive behavior (1); Daily spiritual experience (1); Depression (1); Neighborhood disorder & safety (1)
bfi2xs_15,Big Five Inventory-2 Extra-Short Form (BFI-2-XS),Open-mindedness,,6,0,6,,Agreeableness (6); Conscientiousness (6); Extraversion (6); Negative emotionality (5)
bfi2xs_2,Big Five Inventory-2 Extra-Short Form (BFI-2-XS),Agreeableness,,6,0,6,,Conscientiousness (6); Extraversion (6); Open-mindedness (6); Negative emotionality (5)
bfi2xs_3,Big Five Inventory-2 Extra-Short Form (BFI-2-XS),Conscientiousness,,4,2,4,"Adult ADHD Self-Report Scale v1.1, Part A (ASRS) (2)",Agreeableness (3); Extraversion (3); Negative emotionality (3); Open-mindedness (3); Adult ADHD (2)
bfi2xs_5,Big Five Inventory-2 Extra-Short Form (BFI-2-XS),Open-mindedness,,6,4,6,"Patient Health Questionnaire-9 (PHQ-9) (2); Perceived Stress Scale-10 (PSS-10) (2); Adult ADHD Self-Report Scale v1.1, Part A (ASRS) (1); Daily Spiritual Experiences, BMMRS (DSES) (1); Perceived Neighborhood Disorder Scale, adapted (NDS) (1); Short-Form UCLA Loneliness Scale (ULS-8) (1); UK Biobank Mental Health Questionnaire (MHQ) (1); WHO World Mental Health CIDI (WMH-CIDI) (1); single item (1)",Agreeableness (6); Conscientiousness (6); Extraversion (6); Negative emotionality (5); Depression (2); Neighborhood disorder & safety (2); Perceived stress (2); Adult ADHD (1); Body-focused repetitive behavior (1); Daily spiritual experience (1); Loneliness (1)
bfi2xs_6,Big Five Inventory-2 Extra-Short Form (BFI-2-XS),Extraversion,,6,0,6,,Agreeableness (6); Conscientiousness (6); Open-mindedness (6); Negative emotionality (5)
bfi2xs_8,Big Five Inventory-2 Extra-Short Form (BFI-2-XS),Conscientiousness,,6,6,6,"Adult ADHD Self-Report Scale v1.1, Part A (ASRS) (6)",Adult ADHD (6)
cidi5_21,WHO World Mental Health CIDI (WMH-CIDI),Psychosis,,6,6,1,UK Biobank Mental Health Questionnaire (MHQ) (6); Patient Health Questionnaire-9 (PHQ-9) (1),Depression (1)
cidi5_22,WHO World Mental Health CIDI (WMH-CIDI),Psychosis,,6,6,1,UK Biobank Mental Health Questionnaire (MHQ) (6); Patient Health Questionnaire-9 (PHQ-9) (1),Depression (1)
cidi5_23,WHO World Mental Health CIDI (WMH-CIDI),Psychosis,,3,3,0,UK Biobank Mental Health Questionnaire (MHQ) (3),
cidi5_25,WHO World Mental Health CIDI (WMH-CIDI),Body-focused repetitive behavior,,6,3,3,"Generalized Anxiety Disorder-7 (GAD-7) (2); Perceived Stress Scale-10 (PSS-10) (2); Big Five Inventory-2 Extra-Short Form (BFI-2-XS) (1); Daily Spiritual Experiences, BMMRS (DSES) (1); Perceived Neighborhood Disorder Scale, adapted (NDS) (1); UK Biobank Mental Health Questionnaire (MHQ) (1)",Generalized anxiety (2); Perceived stress (2); Conscientiousness (1); Daily spiritual experience (1); Mania (1); Negative emotionality (1); Neighborhood disorder & safety (1); Open-mindedness (1); Panic & phobia (1)
cidi5_27,WHO World Mental Health CIDI (WMH-CIDI),Panic & phobia,,4,4,4,Everyday Discrimination Scale (EDS) (1); PROMIS Global Health (PROMIS) (1); Patient Health Questionnaire-9 (PHQ-9) (1); Perceived Stress Scale-10 (PSS-10) (1); single item (1),Depression (1); Everyday discrimination (1); Perceived stress (1); Religious participation (1); Self-rated health (1)
cidi5_30,WHO World Mental Health CIDI (WMH-CIDI),Panic & phobia,,5,5,5,Everyday Discrimination Scale (EDS) (2); Generalized Anxiety Disorder-7 (GAD-7) (2); Perceived Stress Scale-10 (PSS-10) (2); Big Five Inventory-2 Extra-Short Form (BFI-2-XS) (1); Discrimination in Medical Settings scale (DMS) (1); PROMIS Global Health (PROMIS) (1); Patient Health Questionnaire-9 (PHQ-9) (1); single item (1),Everyday discrimination (2); Generalized anxiety (2); Perceived stress (2); Body-focused repetitive behavior (1); Depression (1); Healthcare discrimination (1); Negative emotionality (1); Religious participation (1); Self-rated health (1)
mhqukb_43,UK Biobank Mental Health Questionnaire (MHQ),Mania,,2,0,1,,Depression (1)
mhqukb_44,UK Biobank Mental Health Questionnaire (MHQ),Mania,,4,3,3,"Generalized Anxiety Disorder-7 (GAD-7) (2); Perceived Stress Scale-10 (PSS-10) (2); Adverse Childhood Experiences module, BRFSS (ACE) (1); WHO World Mental Health CIDI (WMH-CIDI) (1)",Generalized anxiety (2); Perceived stress (2); Body-focused repetitive behavior (1); Childhood adversity (1); Life-threatening events (1); Subjective wellbeing (1)
mhqukb_49,UK Biobank Mental Health Questionnaire (MHQ),Psychosis,,6,6,2,WHO World Mental Health CIDI (WMH-CIDI) (6); Patient Health Questionnaire-9 (PHQ-9) (1); single item (1),Depression (1); Substance use (1)
ace_1,"Adverse Childhood Experiences module, BRFSS (ACE)",Childhood adversity,"During your first 18 years of life, did you live with anyone who was depressed, mentally ill, or suicidal?",5,1,1,Patient Health Questionnaire-9 (PHQ-9) (1),Depression (1)
ace_10,"Adverse Childhood Experiences module, BRFSS (ACE)",Childhood adversity,"During your first 18 years of life, how often did anyone at least 5 years older than you or an adult, try to make you touch them sexually?",6,4,4,"UK Biobank Mental Health Questionnaire (MHQ) (2); Daily Spiritual Experiences, BMMRS (DSES) (1); Patient Health Questionnaire-9 (PHQ-9) (1)",Daily spiritual experience (1); Depression (1); Interpersonal & sexual violence (1); Mania (1)
ace_11,"Adverse Childhood Experiences module, BRFSS (ACE)",Childhood adversity,"During your first 18 years of life, how often did anyone at least 5 years older than you or an adult, force you to have sex?",6,3,3,"UK Biobank Mental Health Questionnaire (MHQ) (2); Daily Spiritual Experiences, BMMRS (DSES) (1)",Daily spiritual experience (1); Interpersonal & sexual violence (1); Mania (1)
ace_2,"Adverse Childhood Experiences module, BRFSS (ACE)",Childhood adversity,"During your first 18 years of life, did you live with anyone who was a problem drinker or alcoholic?",6,3,3,"Perceived Neighborhood Disorder Scale, adapted (NDS) (2); Patient Health Questionnaire-9 (PHQ-9) (1); single item (1)",Neighborhood disorder & safety (2); Depression (1); Substance use (1)
ace_3,"Adverse Childhood Experiences module, BRFSS (ACE)",Childhood adversity,"During your first 18 years of life, did you live with anyone who used illegal street drugs or who abused prescription medications?",6,2,2,"Patient Health Questionnaire-9 (PHQ-9) (1); Perceived Neighborhood Disorder Scale, adapted (NDS) (1)",Depression (1); Neighborhood disorder & safety (1)
ace_5,"Adverse Childhood Experiences module, BRFSS (ACE)",Childhood adversity,"During your first 18 years of life, were your parents separated or divorced?",6,1,1,Patient Health Questionnaire-9 (PHQ-9) (1),Depression (1)
ace_7,"Adverse Childhood Experiences module, BRFSS (ACE)",Childhood adversity,"Before age 18, how often did a parent or adult in your home ever hit, beat, kick, or physically hurt you in any way? Do not include spanking.",5,0,0,,
ace_8,"Adverse Childhood Experiences module, BRFSS (ACE)",Childhood adversity,"During your first 18 years of life, how often did a parent or adult in your home ever swear at you, insult you, or put you down?",6,1,1,Patient Health Questionnaire-9 (PHQ-9) (1),Depression (1)
ace_9,"Adverse Childhood Experiences module, BRFSS (ACE)",Childhood adversity,"During your first 18 years of life, how often did anyone at least 5 years older than you or an adult, ever touch you sexually?",6,4,4,"UK Biobank Mental Health Questionnaire (MHQ) (2); Daily Spiritual Experiences, BMMRS (DSES) (1); Patient Health Questionnaire-9 (PHQ-9) (1)",Daily spiritual experience (1); Depression (1); Interpersonal & sexual violence (1); Mania (1)
gad7_3,Generalized Anxiety Disorder-7 (GAD-7),Generalized anxiety,Worrying too much about different things,3,3,3,"Big Five Inventory-2 Extra-Short Form (BFI-2-XS) (2); Modified MOS Social Support Survey (mMOS-SS) (2); Short-Form UCLA Loneliness Scale (ULS-8) (2); Adult ADHD Self-Report Scale v1.1, Part A (ASRS) (1); Patient Health Questionnaire-9 (PHQ-9) (1); UK Biobank Mental Health Questionnaire (MHQ) (1)",Loneliness (2); Negative emotionality (2); Perceived social support (2); Adult ADHD (1); Depression (1); Extraversion (1); Interpersonal & sexual violence (1)
gad7_5,Generalized Anxiety Disorder-7 (GAD-7),Generalized anxiety,Being so restless that it's hard to sit still,4,4,4,"Adult ADHD Self-Report Scale v1.1, Part A (ASRS) (4); Patient Health Questionnaire-9 (PHQ-9) (4); Modified MOS Social Support Survey (mMOS-SS) (2); Big Five Inventory-2 Extra-Short Form (BFI-2-XS) (1); Perceived Stress Scale-10 (PSS-10) (1)",Adult ADHD (4); Depression (4); Perceived social support (2); Extraversion (1); Perceived stress (1)
gad7_6,Generalized Anxiety Disorder-7 (GAD-7),Generalized anxiety,Becoming easily annoyed or irritable,5,5,5,"Patient Health Questionnaire-9 (PHQ-9) (3); Perceived Stress Scale-10 (PSS-10) (2); UK Biobank Mental Health Questionnaire (MHQ) (2); WHO World Mental Health CIDI (WMH-CIDI) (2); Adult ADHD Self-Report Scale v1.1, Part A (ASRS) (1)",Depression (3); Life-threatening events (2); Mania (2); Perceived stress (2); Adult ADHD (1); Body-focused repetitive behavior (1); Subjective wellbeing (1)
mhqukb_34,UK Biobank Mental Health Questionnaire (MHQ),Interpersonal & sexual violence,,6,1,1,Generalized Anxiety Disorder-7 (GAD-7) (1); Patient Health Questionnaire-9 (PHQ-9) (1),Depression (1); Generalized anxiety (1)
mhqukb_35,UK Biobank Mental Health Questionnaire (MHQ),Interpersonal & sexual violence,,6,2,2,Patient Health Questionnaire-9 (PHQ-9) (2); Big Five Inventory-2 Extra-Short Form (BFI-2-XS) (1); Generalized Anxiety Disorder-7 (GAD-7) (1),Depression (2); Generalized anxiety (1); Negative emotionality (1)
mhqukb_36,UK Biobank Mental Health Questionnaire (MHQ),Interpersonal & sexual violence,,6,1,1,Generalized Anxiety Disorder-7 (GAD-7) (1); Patient Health Questionnaire-9 (PHQ-9) (1),Depression (1); Generalized anxiety (1)
mhqukb_37,UK Biobank Mental Health Questionnaire (MHQ),Interpersonal & sexual violence,,6,2,2,"Adverse Childhood Experiences module, BRFSS (ACE) (1); Generalized Anxiety Disorder-7 (GAD-7) (1); Patient Health Questionnaire-9 (PHQ-9) (1)",Childhood adversity (1); Depression (1); Generalized anxiety (1)
mhqukb_5,UK Biobank Mental Health Questionnaire (MHQ),Depression,,5,3,4,Big Five Inventory-2 Extra-Short Form (BFI-2-XS) (2); Patient Health Questionnaire-9 (PHQ-9) (2); Everyday Discrimination Scale (EDS) (1),Negative emotionality (2); Everyday discrimination (1); Interpersonal & sexual violence (1); Mania (1)
mhqukb_57,UK Biobank Mental Health Questionnaire (MHQ),Subjective wellbeing,,6,6,6,"PROMIS Global Health (PROMIS) (6); Daily Spiritual Experiences, BMMRS (DSES) (1); Perceived Stress Scale-10 (PSS-10) (1)",Self-rated health (6); Daily spiritual experience (1); Perceived stress (1)
mhqukb_58,UK Biobank Mental Health Questionnaire (MHQ),Subjective wellbeing,,4,4,4,"PROMIS Global Health (PROMIS) (3); Daily Spiritual Experiences, BMMRS (DSES) (1); Generalized Anxiety Disorder-7 (GAD-7) (1); Perceived Stress Scale-10 (PSS-10) (1)",Self-rated health (3); Daily spiritual experience (1); Generalized anxiety (1); Life-threatening events (1); Mania (1); Perceived stress (1)
mhqukb_6,UK Biobank Mental Health Questionnaire (MHQ),Depression,,6,5,5,Patient Health Questionnaire-9 (PHQ-9) (3); Big Five Inventory-2 Extra-Short Form (BFI-2-XS) (2); Everyday Discrimination Scale (EDS) (2); Perceived Stress Scale-10 (PSS-10) (2); single item (1),Everyday discrimination (2); Open-mindedness (2); Perceived stress (2); Mania (1); Neighborhood disorder & safety (1)
phq9_1,Patient Health Questionnaire-9 (PHQ-9),Depression,Little interest or pleasure in doing things,6,6,6,"Big Five Inventory-2 Extra-Short Form (BFI-2-XS) (3); Generalized Anxiety Disorder-7 (GAD-7) (3); UK Biobank Mental Health Questionnaire (MHQ) (3); Adult ADHD Self-Report Scale v1.1, Part A (ASRS) (1); Everyday Discrimination Scale (EDS) (1); Perceived Stress Scale-10 (PSS-10) (1); WHO World Mental Health CIDI (WMH-CIDI) (1); single item (1)",Generalized anxiety (3); Open-mindedness (3); Adult ADHD (1); Conscientiousness (1); Everyday discrimination (1); Life-threatening events (1); Neighborhood disorder & safety (1); Perceived stress (1)
phq9_4,Patient Health Questionnaire-9 (PHQ-9),Depression,Feeling tired or having little energy,6,6,6,"Generalized Anxiety Disorder-7 (GAD-7) (5); Adult ADHD Self-Report Scale v1.1, Part A (ASRS) (3); Modified MOS Social Support Survey (mMOS-SS) (2); Adverse Childhood Experiences module, BRFSS (ACE) (1); Big Five Inventory-2 Extra-Short Form (BFI-2-XS) (1); Perceived Stress Scale-10 (PSS-10) (1); WHO World Mental Health CIDI (WMH-CIDI) (1)",Generalized anxiety (5); Adult ADHD (3); Perceived social support (2); Childhood adversity (1); Extraversion (1); Life-threatening events (1); Perceived stress (1)
phq9_5,Patient Health Questionnaire-9 (PHQ-9),Depression,Poor appetite or overeating,5,5,5,"Generalized Anxiety Disorder-7 (GAD-7) (4); Adult ADHD Self-Report Scale v1.1, Part A (ASRS) (2); Perceived Stress Scale-10 (PSS-10) (1); WHO World Mental Health CIDI (WMH-CIDI) (1)",Generalized anxiety (4); Adult ADHD (2); Life-threatening events (1); Perceived stress (1)
phq9_7,Patient Health Questionnaire-9 (PHQ-9),Depression,"Trouble concentrating on things, such as reading the newspaper or watching television",4,4,4,"Generalized Anxiety Disorder-7 (GAD-7) (4); Adult ADHD Self-Report Scale v1.1, Part A (ASRS) (1); UK Biobank Mental Health Questionnaire (MHQ) (1); WHO World Mental Health CIDI (WMH-CIDI) (1)",Generalized anxiety (4); Adult ADHD (1); Interpersonal & sexual violence (1); Life-threatening events (1)
phq9_8,Patient Health Questionnaire-9 (PHQ-9),Depression,Moving or speaking so slowly that other people could have noticed? or the opposite - being so fidgety or restless that you have been moving around a lot more than usual,4,4,4,"Adult ADHD Self-Report Scale v1.1, Part A (ASRS) (3); Generalized Anxiety Disorder-7 (GAD-7) (3); Modified MOS Social Support Survey (mMOS-SS) (2); Big Five Inventory-2 Extra-Short Form (BFI-2-XS) (1); Perceived Stress Scale-10 (PSS-10) (1); UK Biobank Mental Health Questionnaire (MHQ) (1); WHO World Mental Health CIDI (WMH-CIDI) (1)",Adult ADHD (3); Generalized anxiety (3); Perceived social support (2); Extraversion (1); Perceived stress (1); Psychosis (1)
phq9_9,Patient Health Questionnaire-9 (PHQ-9),Suicidality & self-harm,Thoughts that you would be better off dead or of hurting yourself in some way,6,6,0,single item (6),
ss_1,single item,Suicidality & self-harm,"Did you ever have thoughts of purposely hurting yourself without wanting to die? (for example, cutting or burning)",6,6,0,Patient Health Questionnaire-9 (PHQ-9) (6),
ss_2,single item,Suicidality & self-harm,Did you ever in your life have thoughts of killing yourself?,5,5,0,Patient Health Questionnaire-9 (PHQ-9) (5),
ss_3,single item,Suicidality & self-harm,Did you ever make a suicide attempt where you purposefully hurt yourself with at least some intention to die?,6,6,0,Patient Health Questionnaire-9 (PHQ-9) (6),
alcohol_alcoholparticipant,single item,Substance use,"Have you had at least 1 drink of any kind of alcohol, not counting small tastes or sips? (By a ""drink,"" we mean a can or bottle of beer, a glass of wine or a wine cooler, a shot of liquor, or a mixed drink with liquor in it.)",3,3,3,"Perceived Neighborhood Disorder Scale, adapted (NDS) (2); Adverse Childhood Experiences module, BRFSS (ACE) (1); UK Biobank Mental Health Questionnaire (MHQ) (1)",Neighborhood disorder & safety (2); Childhood adversity (1); Psychosis (1)
nds_10,"Perceived Neighborhood Disorder Scale, adapted (NDS)",Neighborhood disorder & safety,,5,4,4,"Adverse Childhood Experiences module, BRFSS (ACE) (2); Neighborhood Social Cohesion scale, adapted (SCNS) (2); single item (2)",Childhood adversity (2); Neighborhood social cohesion (2); Substance use (2)
sdoh_eds_3,Everyday Discrimination Scale (EDS),Everyday discrimination,,3,3,3,Discrimination in Medical Settings scale (DMS) (3),Healthcare discrimination (3)
sdoh_ucla_ls8_3,Short-Form UCLA Loneliness Scale (ULS-8),Loneliness,,3,1,1,"Adult ADHD Self-Report Scale v1.1, Part A (ASRS) (1); Big Five Inventory-2 Extra-Short Form (BFI-2-XS) (1); Perceived Stress Scale-10 (PSS-10) (1)",Adult ADHD (1); Open-mindedness (1); Perceived stress (1)
sdoh_ucla_ls8_9,Short-Form UCLA Loneliness Scale (ULS-8),Loneliness,,3,2,2,Big Five Inventory-2 Extra-Short Form (BFI-2-XS) (2); Generalized Anxiety Disorder-7 (GAD-7) (2); Modified MOS Social Support Survey (mMOS-SS) (1),Generalized anxiety (2); Negative emotionality (2); Extraversion (1); Perceived social support (1)
asrs_6,"Adult ADHD Self-Report Scale v1.1, Part A (ASRS)",Adult ADHD,,3,3,3,"Generalized Anxiety Disorder-7 (GAD-7) (2); Patient Health Questionnaire-9 (PHQ-9) (2); Perceived Stress Scale-10 (PSS-10) (2); Big Five Inventory-2 Extra-Short Form (BFI-2-XS) (1); Daily Spiritual Experiences, BMMRS (DSES) (1); Modified MOS Social Support Survey (mMOS-SS) (1)",Depression (2); Generalized anxiety (2); Perceived stress (2); Daily spiritual experience (1); Extraversion (1); Perceived social support (1)
bfi2xs_1,Big Five Inventory-2 Extra-Short Form (BFI-2-XS),Extraversion,,5,0,5,,Agreeableness (5); Conscientiousness (5); Negative emotionality (5); Open-mindedness (5)
bfi2xs_12,Big Five Inventory-2 Extra-Short Form (BFI-2-XS),Agreeableness,,5,0,5,,Conscientiousness (5); Extraversion (5); Negative emotionality (5); Open-mindedness (5)
bfi2xs_14,Big Five Inventory-2 Extra-Short Form (BFI-2-XS),Negative emotionality,,5,1,5,"Daily Spiritual Experiences, BMMRS (DSES) (1); Perceived Neighborhood Disorder Scale, adapted (NDS) (1); WHO World Mental Health CIDI (WMH-CIDI) (1)",Agreeableness (5); Conscientiousness (5); Extraversion (5); Open-mindedness (5); Body-focused repetitive behavior (1); Daily spiritual experience (1); Neighborhood disorder & safety (1)
bfi2xs_7,Big Five Inventory-2 Extra-Short Form (BFI-2-XS),Agreeableness,,4,1,4,Discrimination in Medical Settings scale (DMS) (1); Everyday Discrimination Scale (EDS) (1),Conscientiousness (4); Extraversion (4); Negative emotionality (4); Open-mindedness (4); Everyday discrimination (1); Healthcare discrimination (1)
cidi5_26,WHO World Mental Health CIDI (WMH-CIDI),Body-focused repetitive behavior,,4,1,1,Generalized Anxiety Disorder-7 (GAD-7) (1); Perceived Stress Scale-10 (PSS-10) (1),Generalized anxiety (1); Panic & phobia (1); Perceived stress (1)
ace_6,"Adverse Childhood Experiences module, BRFSS (ACE)",Childhood adversity,"During your first 18 years of life, how often did your parents or adults in your home ever slap, hit, kick, punch or beat each other up?",5,1,1,Patient Health Questionnaire-9 (PHQ-9) (1),Depression (1)
gad7_4,Generalized Anxiety Disorder-7 (GAD-7),Generalized anxiety,Trouble relaxing,4,4,4,"Patient Health Questionnaire-9 (PHQ-9) (3); Adult ADHD Self-Report Scale v1.1, Part A (ASRS) (1); Big Five Inventory-2 Extra-Short Form (BFI-2-XS) (1); Modified MOS Social Support Survey (mMOS-SS) (1); Short-Form UCLA Loneliness Scale (ULS-8) (1)",Depression (3); Adult ADHD (1); Extraversion (1); Loneliness (1); Negative emotionality (1); Perceived social support (1)
phq9_2,Patient Health Questionnaire-9 (PHQ-9),Depression,"Feeling down, depressed, or hopeless",5,5,5,Big Five Inventory-2 Extra-Short Form (BFI-2-XS) (2); Generalized Anxiety Disorder-7 (GAD-7) (2); UK Biobank Mental Health Questionnaire (MHQ) (2); WHO World Mental Health CIDI (WMH-CIDI) (1),Generalized anxiety (2); Negative emotionality (2); Interpersonal & sexual violence (1); Panic & phobia (1)
phq9_3,Patient Health Questionnaire-9 (PHQ-9),Depression,"Trouble falling or staying asleep, or sleeping too much",4,4,4,"Generalized Anxiety Disorder-7 (GAD-7) (4); Adult ADHD Self-Report Scale v1.1, Part A (ASRS) (2); WHO World Mental Health CIDI (WMH-CIDI) (1)",Generalized anxiety (4); Adult ADHD (2); Life-threatening events (1)
phq9_6,Patient Health Questionnaire-9 (PHQ-9),Depression,Feeling bad about yourself or that you are a failure or have let yourself or your family down,4,4,4,Generalized Anxiety Disorder-7 (GAD-7) (2); Big Five Inventory-2 Extra-Short Form (BFI-2-XS) (1); UK Biobank Mental Health Questionnaire (MHQ) (1); WHO World Mental Health CIDI (WMH-CIDI) (1),Generalized anxiety (2); Negative emotionality (1); Panic & phobia (1)
scns_1,"Neighborhood Social Cohesion scale, adapted (SCNS)",Neighborhood social cohesion,,4,4,4,"Perceived Neighborhood Disorder Scale, adapted (NDS) (4)",Neighborhood disorder & safety (4)
sdoh_cpss_10,Perceived Stress Scale-10 (PSS-10),Perceived stress,,2,1,1,"Adult ADHD Self-Report Scale v1.1, Part A (ASRS) (1); Big Five Inventory-2 Extra-Short Form (BFI-2-XS) (1); Short-Form UCLA Loneliness Scale (ULS-8) (1)",Adult ADHD (1); Loneliness (1); Open-mindedness (1)
sdoh_mos_ss_8,Modified MOS Social Support Survey (mMOS-SS),Perceived social support,,1,1,1,Short-Form UCLA Loneliness Scale (ULS-8) (1),Loneliness (1)
bfi2xs_9,Big Five Inventory-2 Extra-Short Form (BFI-2-XS),Negative emotionality,,2,2,2,Patient Health Questionnaire-9 (PHQ-9) (2); UK Biobank Mental Health Questionnaire (MHQ) (2),Depression (2); Interpersonal & sexual violence (1)
mhqukb_41,UK Biobank Mental Health Questionnaire (MHQ),Life-threatening events,,2,2,2,Everyday Discrimination Scale (EDS) (1); Generalized Anxiety Disorder-7 (GAD-7) (1); Perceived Stress Scale-10 (PSS-10) (1); WHO World Mental Health CIDI (WMH-CIDI) (1),Everyday discrimination (1); Generalized anxiety (1); Mania (1); Perceived stress (1); Subjective wellbeing (1)
sdoh_cpss_1,Perceived Stress Scale-10 (PSS-10),Perceived stress,,2,0,0,,
sdoh_cpss_6,Perceived Stress Scale-10 (PSS-10),Perceived stress,,1,0,0,,
bfi2xs_4,Big Five Inventory-2 Extra-Short Form (BFI-2-XS),Negative emotionality,,3,3,3,Generalized Anxiety Disorder-7 (GAD-7) (3); Short-Form UCLA Loneliness Scale (ULS-8) (2); Discrimination in Medical Settings scale (DMS) (1); Everyday Discrimination Scale (EDS) (1); Modified MOS Social Support Survey (mMOS-SS) (1); Perceived Stress Scale-10 (PSS-10) (1); WHO World Mental Health CIDI (WMH-CIDI) (1),Generalized anxiety (3); Loneliness (2); Everyday discrimination (1); Extraversion (1); Healthcare discrimination (1); Panic & phobia (1); Perceived social support (1); Perceived stress (1)
cidi5_5,WHO World Mental Health CIDI (WMH-CIDI),Life-threatening events,,2,2,2,Everyday Discrimination Scale (EDS) (1); Generalized Anxiety Disorder-7 (GAD-7) (1); Patient Health Questionnaire-9 (PHQ-9) (1); UK Biobank Mental Health Questionnaire (MHQ) (1),Depression (1); Everyday discrimination (1); Generalized anxiety (1)
gad7_2,Generalized Anxiety Disorder-7 (GAD-7),Generalized anxiety,Not being able to stop or control worrying,2,2,2,Big Five Inventory-2 Extra-Short Form (BFI-2-XS) (2); Short-Form UCLA Loneliness Scale (ULS-8) (2); Modified MOS Social Support Survey (mMOS-SS) (1),Loneliness (2); Negative emotionality (2); Extraversion (1); Perceived social support (1)
gad7_1,Generalized Anxiety Disorder-7 (GAD-7),Generalized anxiety,"Feeling nervous, anxious, or on edge",2,2,2,Patient Health Questionnaire-9 (PHQ-9) (2); WHO World Mental Health CIDI (WMH-CIDI) (1),Depression (2); Life-threatening events (1)
gad7_7,Generalized Anxiety Disorder-7 (GAD-7),Generalized anxiety,Feeling afraid as if something awful might happen,2,2,2,Perceived Stress Scale-10 (PSS-10) (2); WHO World Mental Health CIDI (WMH-CIDI) (2); Big Five Inventory-2 Extra-Short Form (BFI-2-XS) (1); Discrimination in Medical Settings scale (DMS) (1); Everyday Discrimination Scale (EDS) (1),Panic & phobia (2); Perceived stress (2); Body-focused repetitive behavior (1); Everyday discrimination (1); Healthcare discrimination (1); Negative emotionality (1)
cidi5_16,WHO World Mental Health CIDI (WMH-CIDI),Panic & phobia,,1,1,1,Big Five Inventory-2 Extra-Short Form (BFI-2-XS) (1); Discrimination in Medical Settings scale (DMS) (1); Everyday Discrimination Scale (EDS) (1); Generalized Anxiety Disorder-7 (GAD-7) (1); Perceived Stress Scale-10 (PSS-10) (1),Everyday discrimination (1); Generalized anxiety (1); Healthcare discrimination (1); Negative emotionality (1); Perceived stress (1)
