grouping,decile,n_set,n_visit,n_icd_visit,ed_mean,ed_lo,ed_hi,ed_adj,ed_adj_lo,ed_adj_hi
cohort,0,90351,86365,61558,0.01804,0.01762,0.01847,0.01804,0.01762,0.01846
gte-large-en-v1.5,1,9035,8716,6549,0.009695,0.008991,0.0104,0.01427,0.01356,0.01498
gte-large-en-v1.5,2,9035,8685,6340,0.01052,0.009714,0.01132,0.01315,0.01233,0.01396
gte-large-en-v1.5,3,9035,8646,6273,0.01205,0.01119,0.01291,0.01358,0.01271,0.01445
gte-large-en-v1.5,4,9035,8646,6187,0.01351,0.01248,0.01453,0.01417,0.01314,0.01519
gte-large-en-v1.5,5,9035,8616,6110,0.01555,0.0144,0.0167,0.01553,0.01438,0.01668
gte-large-en-v1.5,6,9036,8625,6087,0.01676,0.01554,0.01797,0.0159,0.01469,0.01711
gte-large-en-v1.5,7,9035,8599,6049,0.01809,0.01681,0.01936,0.01669,0.01541,0.01796
gte-large-en-v1.5,8,9035,8642,6087,0.02263,0.02106,0.0242,0.02059,0.01903,0.02215
gte-large-en-v1.5,9,9035,8604,5957,0.02577,0.02407,0.02747,0.02321,0.02153,0.0249
gte-large-en-v1.5,10,9035,8586,5919,0.03778,0.03547,0.04009,0.03459,0.0323,0.03688
bge-m3,1,9035,8709,6529,0.009575,0.008869,0.01028,0.01414,0.01342,0.01485
bge-m3,2,9035,8691,6406,0.0108,0.009991,0.01161,0.01368,0.01287,0.0145
bge-m3,3,9035,8664,6281,0.01234,0.01143,0.01325,0.01392,0.013,0.01483
bge-m3,4,9035,8663,6205,0.01341,0.01237,0.01445,0.01412,0.01308,0.01517
bge-m3,5,9035,8621,6190,0.01475,0.01362,0.01588,0.01456,0.01343,0.01569
bge-m3,6,9036,8610,6047,0.01632,0.01516,0.01748,0.01566,0.0145,0.01682
bge-m3,7,9035,8605,5999,0.01861,0.0173,0.01993,0.01726,0.01594,0.01857
bge-m3,8,9035,8616,5986,0.02188,0.02039,0.02338,0.01976,0.01828,0.02124
bge-m3,9,9035,8604,6030,0.0276,0.0258,0.0294,0.02487,0.02309,0.02666
bge-m3,10,9035,8582,5885,0.03724,0.03496,0.03952,0.03382,0.03156,0.03608
bge-large-en-v1.5,1,9035,8709,6567,0.01001,0.009253,0.01076,0.01456,0.0138,0.01532
bge-large-en-v1.5,2,9035,8702,6326,0.0106,0.009786,0.01141,0.01343,0.01261,0.01424
bge-large-en-v1.5,3,9035,8629,6305,0.01208,0.01119,0.01298,0.01371,0.01281,0.01462
bge-large-en-v1.5,4,9035,8644,6246,0.0136,0.01265,0.01455,0.01414,0.01319,0.0151
bge-large-en-v1.5,5,9035,8663,6142,0.01535,0.01415,0.01655,0.01539,0.0142,0.01658
bge-large-en-v1.5,6,9036,8596,6033,0.01535,0.01417,0.01654,0.01444,0.01325,0.01562
bge-large-en-v1.5,7,9035,8632,6081,0.01942,0.01802,0.02081,0.01798,0.01659,0.01938
bge-large-en-v1.5,8,9035,8594,6007,0.02213,0.02069,0.02357,0.02,0.01857,0.02144
bge-large-en-v1.5,9,9035,8602,5997,0.02645,0.02474,0.02815,0.02389,0.0222,0.02557
bge-large-en-v1.5,10,9035,8594,5854,0.03762,0.03529,0.03995,0.03433,0.03202,0.03664
all-mpnet-base-v2,1,9035,8722,6595,0.01004,0.009276,0.01081,0.01453,0.01375,0.0153
all-mpnet-base-v2,2,9035,8684,6341,0.01068,0.009927,0.01143,0.0135,0.01274,0.01426
all-mpnet-base-v2,3,9035,8659,6267,0.01224,0.01131,0.01317,0.01388,0.01295,0.01481
all-mpnet-base-v2,4,9035,8635,6171,0.01316,0.01216,0.01416,0.01377,0.01277,0.01477
all-mpnet-base-v2,5,9035,8608,6175,0.01556,0.01437,0.01676,0.01544,0.01425,0.01663
all-mpnet-base-v2,6,9036,8655,6056,0.01702,0.01575,0.0183,0.01615,0.01487,0.01742
all-mpnet-base-v2,7,9035,8574,5988,0.01788,0.01664,0.01913,0.01641,0.01517,0.01765
all-mpnet-base-v2,8,9035,8621,6004,0.02267,0.02117,0.02417,0.02059,0.0191,0.02208
all-mpnet-base-v2,9,9035,8602,6046,0.02546,0.02382,0.02711,0.02293,0.0213,0.02457
all-mpnet-base-v2,10,9035,8605,5915,0.0376,0.03526,0.03995,0.03443,0.03211,0.03675
e5-large-v2,1,9035,8714,6545,0.009226,0.008524,0.009928,0.01377,0.01306,0.01448
e5-large-v2,2,9035,8670,6364,0.01093,0.01011,0.01174,0.01369,0.01287,0.01451
e5-large-v2,3,9035,8673,6307,0.01292,0.01197,0.01386,0.01453,0.01358,0.01548
e5-large-v2,4,9035,8673,6224,0.01329,0.01226,0.01431,0.014,0.01297,0.01502
e5-large-v2,5,9035,8610,6067,0.01464,0.01353,0.01575,0.01471,0.01359,0.01582
e5-large-v2,6,9036,8594,6047,0.01725,0.01597,0.01853,0.01643,0.01515,0.01772
e5-large-v2,7,9035,8627,6089,0.01851,0.01719,0.01982,0.01692,0.01561,0.01823
e5-large-v2,8,9035,8608,6072,0.0218,0.02037,0.02323,0.01952,0.0181,0.02094
e5-large-v2,9,9035,8600,5935,0.02592,0.02421,0.02763,0.02351,0.02182,0.02521
e5-large-v2,10,9035,8596,5908,0.03801,0.03569,0.04034,0.03469,0.03238,0.037
qwen3-embedding-0.6b,1,9035,8736,6571,0.00959,0.008873,0.01031,0.01406,0.01334,0.01479
qwen3-embedding-0.6b,2,9035,8669,6342,0.01054,0.009785,0.0113,0.0134,0.01264,0.01417
qwen3-embedding-0.6b,3,9035,8678,6356,0.01247,0.01153,0.01342,0.01404,0.01309,0.01499
qwen3-embedding-0.6b,4,9035,8619,6137,0.01283,0.01193,0.01373,0.01346,0.01255,0.01437
qwen3-embedding-0.6b,5,9035,8629,6110,0.01554,0.01435,0.01674,0.0154,0.0142,0.01659
qwen3-embedding-0.6b,6,9036,8637,6070,0.01748,0.01619,0.01878,0.01665,0.01536,0.01794
qwen3-embedding-0.6b,7,9035,8599,6024,0.01821,0.01691,0.01951,0.01683,0.01554,0.01813
qwen3-embedding-0.6b,8,9035,8581,6039,0.02236,0.02086,0.02385,0.0202,0.01871,0.02168
qwen3-embedding-0.6b,9,9035,8629,6044,0.02573,0.02402,0.02743,0.02316,0.02147,0.02485
qwen3-embedding-0.6b,10,9035,8588,5865,0.03776,0.03544,0.04009,0.03459,0.03229,0.03689
