item,concept_id,survey_code,survey,instrument_code,instrument,construct,text_of_record,text_administered,text_published,text_source,stems_removed,scale_min,scale_max,n_levels,reverse_coded,encoding_rule,construct_source,assignment_kind
livingsituation_stablehouseconcern,1585886,Basics,The Basics,single item,single item,Housing instability,Have you been worried or concerned about NOT having a place to live?,Living Situation: Stable House Concern,"In the past 6 months, have you been worried or concerned about NOT having a place to live?",published question (CDR holds a label),"In the past 6 months,",-1,1,2,False,BIN,The Basics single item on housing concern,single item
alcohol_alcoholparticipant,1586198,Lifestyle,Lifestyle,single item,single item,Substance use,"Have you had at least 1 drink of any kind of alcohol, not counting small tastes or sips? (By a ""drink,"" we mean a can or bottle of beer, a glass of wine or a wine cooler, a shot of liquor, or a mixed drink with liquor in it.)",Alcohol: Alcohol Participant,"In your entire life, have you had at least 1 drink of any kind of alcohol, not counting small tastes or sips? (By a ""drink,"" we mean a can or bottle of beer, a glass of wine or a wine cooler, a shot of liquor, or a mixed drink with liquor in it.)",published question (CDR holds a label),"In your entire life,",-1,1,2,False,BIN,"Lifestyle survey single item on alcohol or tobacco use, grouped as substance use (authors' grouping)",authors' grouping
cigarsmoking_cigarsmokeparticipant,1586174,Lifestyle,Lifestyle,single item,single item,Substance use,"Have you ever smoked a traditional cigar, cigarillo, or filtered cigar, even one or two puffs?",Cigar Smoking: Cigar Smoke Participant,"Have you ever smoked a traditional cigar, cigarillo, or filtered cigar, even one or two puffs?",published question (CDR holds a label),,-1,1,2,False,BIN,"Lifestyle survey single item on alcohol or tobacco use, grouped as substance use (authors' grouping)",authors' grouping
electronicsmoking_electricsmokeparticipant,1586166,Lifestyle,Lifestyle,single item,single item,Substance use,"Have you ever used an electronic nicotine product, even one or two times? (Electronic nicotine products include e-cigarettes, vape pens, hookah pens, personal vaporizers and mods, e-cigars, e-pipes, and e-hookahs.)",Electronic Smoking: Electric Smoke Participant,"Have you ever used an electronic nicotine product, even one or two times? (Electronic nicotine products include e-cigarettes, vape pens, hookah pens, personal vaporizers and mods, e-cigars, e-pipes, and e-hookahs.)",published question (CDR holds a label),,-1,1,2,False,BIN,"Lifestyle survey single item on alcohol or tobacco use, grouped as substance use (authors' grouping)",authors' grouping
hookahsmoking_hookahsmokeparticipant,1586182,Lifestyle,Lifestyle,single item,single item,Substance use,"Have you ever smoked tobacco in a hookah, even one or two puffs?",Hookah Smoking: Hookah Smoke Participant,"Have you ever smoked tobacco in a hookah, even one or two puffs?",published question (CDR holds a label),,-1,1,2,False,BIN,"Lifestyle survey single item on alcohol or tobacco use, grouped as substance use (authors' grouping)",authors' grouping
smokelesstobacco_smokelesstobaccoparticipant,1586190,Lifestyle,Lifestyle,single item,single item,Substance use,"Have you ever used smokeless tobacco products, even one or two times? (Smokeless tobacco products include snus pouches, Skoal Bandits, loose snus, moist snuff, dip, spit, and chewing tobacco.)",Smokeless Tobacco: Smokeless Tobacco Participant,"Have you ever used smokeless tobacco products, even one or two times? (Smokeless tobacco products include snus pouches, Skoal Bandits, loose snus, moist snuff, dip, spit, and chewing tobacco.)",published question (CDR holds a label),,-1,1,2,False,BIN,"Lifestyle survey single item on alcohol or tobacco use, grouped as substance use (authors' grouping)",authors' grouping
smoking_100cigslifetime,1585857,Lifestyle,Lifestyle,single item,single item,Substance use,Have you smoked at least 100 cigarettes in your entire life? (There are 20 cigarettes in a pack.),Smoking: 100 Cigs Lifetime,Have you smoked at least 100 cigarettes in your entire life? (There are 20 cigarettes in a pack.),published question (CDR holds a label),,-1,1,2,False,BIN,"Lifestyle survey single item on alcohol or tobacco use, grouped as substance use (authors' grouping)",authors' grouping
overallhealth_emotionalproblem7days,1585760,OverallHealth,Overall Health,PROMIS-Global,PROMIS Global Health (PROMIS),Self-rated health,,,,published question (CDR holds a label),,1,5,5,True,L-instr,"PROMIS Global Health, Global Mental Health items",published scale
overallhealth_generalmentalhealth,1585729,OverallHealth,Overall Health,PROMIS-Global,PROMIS Global Health (PROMIS),Self-rated health,,,,published question (CDR holds a label),,1,5,5,False,L-instr,"PROMIS Global Health, Global Mental Health items",published scale
overallhealth_socialsatisfaction,1585735,OverallHealth,Overall Health,PROMIS-Global,PROMIS Global Health (PROMIS),Self-rated health,,,,published question (CDR holds a label),,1,5,5,False,L-instr,"PROMIS Global Health, Global Mental Health items",published scale
bmmrs_1,40192498,SDOH,Social Determinants of Health,BMMRS-DSE,"Daily Spiritual Experiences, BMMRS (DSES)",Daily spiritual experience,,,,"administered, CDR v9",,1,7,8,False,FLOOR-7,BMMRS Daily Spiritual Experiences subscale,published scale
bmmrs_2,40192475,SDOH,Social Determinants of Health,BMMRS-DSE,"Daily Spiritual Experiences, BMMRS (DSES)",Daily spiritual experience,,,,"administered, CDR v9",,1,7,8,False,FLOOR-7,BMMRS Daily Spiritual Experiences subscale,published scale
bmmrs_3,40192401,SDOH,Social Determinants of Health,BMMRS-DSE,"Daily Spiritual Experiences, BMMRS (DSES)",Daily spiritual experience,,,,"administered, CDR v9",,1,6,6,False,L-instr-6,BMMRS Daily Spiritual Experiences subscale,published scale
bmmrs_4,40192443,SDOH,Social Determinants of Health,BMMRS-DSE,"Daily Spiritual Experiences, BMMRS (DSES)",Daily spiritual experience,,,,"administered, CDR v9",,1,7,8,False,FLOOR-7,BMMRS Daily Spiritual Experiences subscale,published scale
bmmrs_5,40192471,SDOH,Social Determinants of Health,BMMRS-DSE,"Daily Spiritual Experiences, BMMRS (DSES)",Daily spiritual experience,,,,"administered, CDR v9",,1,7,8,False,FLOOR-7,BMMRS Daily Spiritual Experiences subscale,published scale
bmmrs_6,40192415,SDOH,Social Determinants of Health,BMMRS-DSE,"Daily Spiritual Experiences, BMMRS (DSES)",Daily spiritual experience,,,,"administered, CDR v9",,1,6,6,False,L-instr-6,BMMRS Daily Spiritual Experiences subscale,published scale
hvs_1,40192517,SDOH,Social Determinants of Health,HVS,Hunger Vital Sign (HVS),Food insecurity,,,,"administered, CDR v9",,1,3,3,False,L-instr,HVS 2-item screen,published scale
hvs_2,40192426,SDOH,Social Determinants of Health,HVS,Hunger Vital Sign (HVS),Food insecurity,,,,"administered, CDR v9",,1,3,3,False,L-instr,HVS 2-item screen,published scale
ips_16,40192414,SDOH,Social Determinants of Health,single item,single item,Neighborhood disorder & safety,The crime rate in my neighborhood makes it unsafe to go on walks during the day.,The crime rate in my neighborhood makes it unsafe to go on walks during the day. Would you say that you...,The crime rate in my neighborhood makes it unsafe to go on walks during the day. Would you say that you...,"administered, CDR v9",Would you say that you...,1,4,4,False,ADAPT,"SDOH survey single item on neighborhood safety, joined to the NDS items (authors' grouping)",authors' grouping
nds_1,40192420,SDOH,Social Determinants of Health,nds (adapted),"Perceived Neighborhood Disorder Scale, adapted (NDS)",Neighborhood disorder & safety,,,,"administered, CDR v9",,1,4,4,False,ADAPT,"NDS total scale, as adapted by the program",published scale
nds_10,40192476,SDOH,Social Determinants of Health,nds (adapted),"Perceived Neighborhood Disorder Scale, adapted (NDS)",Neighborhood disorder & safety,,,,"administered, CDR v9",,1,4,4,False,ADAPT,"NDS total scale, as adapted by the program",published scale
nds_11,40192404,SDOH,Social Determinants of Health,nds (adapted),"Perceived Neighborhood Disorder Scale, adapted (NDS)",Neighborhood disorder & safety,,,,"administered, CDR v9",,1,4,4,False,ADAPT,"NDS total scale, as adapted by the program",published scale
nds_12,40192400,SDOH,Social Determinants of Health,nds (adapted),"Perceived Neighborhood Disorder Scale, adapted (NDS)",Neighborhood disorder & safety,,,,"administered, CDR v9",,1,4,4,False,ADAPT,"NDS total scale, as adapted by the program",published scale
nds_13,40192384,SDOH,Social Determinants of Health,nds (adapted),"Perceived Neighborhood Disorder Scale, adapted (NDS)",Neighborhood disorder & safety,,,,"administered, CDR v9",,1,4,4,False,ADAPT,"NDS total scale, as adapted by the program",published scale
nds_2,40192522,SDOH,Social Determinants of Health,nds (adapted),"Perceived Neighborhood Disorder Scale, adapted (NDS)",Neighborhood disorder & safety,,,,"administered, CDR v9",,1,4,4,False,ADAPT,"NDS total scale, as adapted by the program",published scale
nds_3,40192412,SDOH,Social Determinants of Health,nds (adapted),"Perceived Neighborhood Disorder Scale, adapted (NDS)",Neighborhood disorder & safety,,,,"administered, CDR v9",,1,4,4,False,ADAPT,"NDS total scale, as adapted by the program",published scale
nds_4,40192469,SDOH,Social Determinants of Health,nds (adapted),"Perceived Neighborhood Disorder Scale, adapted (NDS)",Neighborhood disorder & safety,,,,"administered, CDR v9",,1,4,4,False,ADAPT,"NDS total scale, as adapted by the program",published scale
nds_5,40192456,SDOH,Social Determinants of Health,nds (adapted),"Perceived Neighborhood Disorder Scale, adapted (NDS)",Neighborhood disorder & safety,,,,"administered, CDR v9",,1,4,4,False,ADAPT,"NDS total scale, as adapted by the program",published scale
nds_6,40192386,SDOH,Social Determinants of Health,nds (adapted),"Perceived Neighborhood Disorder Scale, adapted (NDS)",Neighborhood disorder & safety,,,,"administered, CDR v9",,1,4,4,False,ADAPT,"NDS total scale, as adapted by the program",published scale
nds_7,40192500,SDOH,Social Determinants of Health,nds (adapted),"Perceived Neighborhood Disorder Scale, adapted (NDS)",Neighborhood disorder & safety,,,,"administered, CDR v9",,1,4,4,False,ADAPT,"NDS total scale, as adapted by the program",published scale
nds_8,40192493,SDOH,Social Determinants of Health,nds (adapted),"Perceived Neighborhood Disorder Scale, adapted (NDS)",Neighborhood disorder & safety,,,,"administered, CDR v9",,1,4,4,False,ADAPT,"NDS total scale, as adapted by the program",published scale
nds_9,40192457,SDOH,Social Determinants of Health,nds (adapted),"Perceived Neighborhood Disorder Scale, adapted (NDS)",Neighborhood disorder & safety,,,,"administered, CDR v9",,1,4,4,False,ADAPT,"NDS total scale, as adapted by the program",published scale
nhs_xx,40192470,SDOH,Social Determinants of Health,single item,single item,Religious participation,Go to religious meetings or services?,How often do you go to religious meetings or services?,How often do you go to religious meetings or services?,"administered, CDR v9",How often do you,1,6,6,False,FLOOR-6,SDOH survey single item on religious attendance,single item
scns_1,40192463,SDOH,Social Determinants of Health,scns (adapted),"Neighborhood Social Cohesion scale, adapted (SCNS)",Neighborhood social cohesion,,,,"administered, CDR v9",,1,5,5,False,ADAPT,"SCNS total scale, as adapted by the program",published scale
scns_2,40192411,SDOH,Social Determinants of Health,scns (adapted),"Neighborhood Social Cohesion scale, adapted (SCNS)",Neighborhood social cohesion,,,,"administered, CDR v9",,1,5,5,False,ADAPT,"SCNS total scale, as adapted by the program",published scale
scns_3,40192499,SDOH,Social Determinants of Health,scns (adapted),"Neighborhood Social Cohesion scale, adapted (SCNS)",Neighborhood social cohesion,,,,"administered, CDR v9",,1,5,5,False,ADAPT,"SCNS total scale, as adapted by the program",published scale
scns_4,40192417,SDOH,Social Determinants of Health,scns (adapted),"Neighborhood Social Cohesion scale, adapted (SCNS)",Neighborhood social cohesion,,,,"administered, CDR v9",,1,5,5,False,ADAPT,"SCNS total scale, as adapted by the program",published scale
sdoh_cpss_1,40192452,SDOH,Social Determinants of Health,PSS-10,Perceived Stress Scale-10 (PSS-10),Perceived stress,,,,"administered, CDR v9",,0,4,5,False,L-instr,PSS-10 total scale,published scale
sdoh_cpss_10,40192462,SDOH,Social Determinants of Health,PSS-10,Perceived Stress Scale-10 (PSS-10),Perceived stress,,,,"administered, CDR v9",,0,4,5,False,L-instr,PSS-10 total scale,published scale
sdoh_cpss_2,40192381,SDOH,Social Determinants of Health,PSS-10,Perceived Stress Scale-10 (PSS-10),Perceived stress,,,,"administered, CDR v9",,0,4,5,False,L-instr,PSS-10 total scale,published scale
sdoh_cpss_3,40192491,SDOH,Social Determinants of Health,PSS-10,Perceived Stress Scale-10 (PSS-10),Perceived stress,,,,"administered, CDR v9",,0,4,5,False,L-instr,PSS-10 total scale,published scale
sdoh_cpss_4,40192419,SDOH,Social Determinants of Health,PSS-10,Perceived Stress Scale-10 (PSS-10),Perceived stress,,,,"administered, CDR v9",,0,4,5,True,L-instr,PSS-10 total scale,published scale
sdoh_cpss_5,40192525,SDOH,Social Determinants of Health,PSS-10,Perceived Stress Scale-10 (PSS-10),Perceived stress,,,,"administered, CDR v9",,0,4,5,True,L-instr,PSS-10 total scale,published scale
sdoh_cpss_6,40192506,SDOH,Social Determinants of Health,PSS-10,Perceived Stress Scale-10 (PSS-10),Perceived stress,,,,"administered, CDR v9",,0,4,5,False,L-instr,PSS-10 total scale,published scale
sdoh_cpss_7,40192449,SDOH,Social Determinants of Health,PSS-10,Perceived Stress Scale-10 (PSS-10),Perceived stress,,,,"administered, CDR v9",,0,4,5,True,L-instr,PSS-10 total scale,published scale
sdoh_cpss_8,40192445,SDOH,Social Determinants of Health,PSS-10,Perceived Stress Scale-10 (PSS-10),Perceived stress,,,,"administered, CDR v9",,0,4,5,True,L-instr,PSS-10 total scale,published scale
sdoh_cpss_9,40192396,SDOH,Social Determinants of Health,PSS-10,Perceived Stress Scale-10 (PSS-10),Perceived stress,,,,"administered, CDR v9",,0,4,5,False,L-instr,PSS-10 total scale,published scale
sdoh_dms_1,40192497,SDOH,Social Determinants of Health,DMS,Discrimination in Medical Settings scale (DMS),Healthcare discrimination,,,,"administered, CDR v9",,1,5,5,False,L-instr,DMS total scale,published scale
sdoh_dms_2,40192425,SDOH,Social Determinants of Health,DMS,Discrimination in Medical Settings scale (DMS),Healthcare discrimination,,,,"administered, CDR v9",,1,5,5,False,L-instr,DMS total scale,published scale
sdoh_dms_3,40192503,SDOH,Social Determinants of Health,DMS,Discrimination in Medical Settings scale (DMS),Healthcare discrimination,,,,"administered, CDR v9",,1,5,5,False,L-instr,DMS total scale,published scale
sdoh_dms_4,40192505,SDOH,Social Determinants of Health,DMS,Discrimination in Medical Settings scale (DMS),Healthcare discrimination,,,,"administered, CDR v9",,1,5,5,False,L-instr,DMS total scale,published scale
sdoh_dms_5,40192423,SDOH,Social Determinants of Health,DMS,Discrimination in Medical Settings scale (DMS),Healthcare discrimination,,,,"administered, CDR v9",,1,5,5,False,L-instr,DMS total scale,published scale
sdoh_dms_6,40192394,SDOH,Social Determinants of Health,DMS,Discrimination in Medical Settings scale (DMS),Healthcare discrimination,,,,"administered, CDR v9",,1,5,5,False,L-instr,DMS total scale,published scale
sdoh_dms_7,40192383,SDOH,Social Determinants of Health,DMS,Discrimination in Medical Settings scale (DMS),Healthcare discrimination,,,,"administered, CDR v9",,1,5,5,False,L-instr,DMS total scale,published scale
sdoh_eds_1,40192466,SDOH,Social Determinants of Health,EDS,Everyday Discrimination Scale (EDS),Everyday discrimination,,,,"administered, CDR v9",,1,6,6,False,L-instr,EDS total scale,published scale
sdoh_eds_2,40192489,SDOH,Social Determinants of Health,EDS,Everyday Discrimination Scale (EDS),Everyday discrimination,,,,"administered, CDR v9",,1,6,6,False,L-instr,EDS total scale,published scale
sdoh_eds_3,40192416,SDOH,Social Determinants of Health,EDS,Everyday Discrimination Scale (EDS),Everyday discrimination,,,,"administered, CDR v9",,1,6,6,False,L-instr,EDS total scale,published scale
sdoh_eds_4,40192490,SDOH,Social Determinants of Health,EDS,Everyday Discrimination Scale (EDS),Everyday discrimination,,,,"administered, CDR v9",,1,6,6,False,L-instr,EDS total scale,published scale
sdoh_eds_5,40192380,SDOH,Social Determinants of Health,EDS,Everyday Discrimination Scale (EDS),Everyday discrimination,,,,"administered, CDR v9",,1,6,6,False,L-instr,EDS total scale,published scale
sdoh_eds_6,40192395,SDOH,Social Determinants of Health,EDS,Everyday Discrimination Scale (EDS),Everyday discrimination,,,,"administered, CDR v9",,1,6,6,False,L-instr,EDS total scale,published scale
sdoh_eds_7,40192496,SDOH,Social Determinants of Health,EDS,Everyday Discrimination Scale (EDS),Everyday discrimination,,,,"administered, CDR v9",,1,6,6,False,L-instr,EDS total scale,published scale
sdoh_eds_8,40192519,SDOH,Social Determinants of Health,EDS,Everyday Discrimination Scale (EDS),Everyday discrimination,,,,"administered, CDR v9",,1,6,6,False,L-instr,EDS total scale,published scale
sdoh_eds_9,40192451,SDOH,Social Determinants of Health,EDS,Everyday Discrimination Scale (EDS),Everyday discrimination,,,,"administered, CDR v9",,1,6,6,False,L-instr,EDS total scale,published scale
sdoh_mos_ss_1,40192442,SDOH,Social Determinants of Health,MOS-SS,Modified MOS Social Support Survey (mMOS-SS),Perceived social support,,,,"administered, CDR v9",,1,5,5,False,L-instr,mMOS-SS total scale,published scale
sdoh_mos_ss_2,40192480,SDOH,Social Determinants of Health,MOS-SS,Modified MOS Social Support Survey (mMOS-SS),Perceived social support,,,,"administered, CDR v9",,1,5,5,False,L-instr,mMOS-SS total scale,published scale
sdoh_mos_ss_3,40192388,SDOH,Social Determinants of Health,MOS-SS,Modified MOS Social Support Survey (mMOS-SS),Perceived social support,,,,"administered, CDR v9",,1,5,5,False,L-instr,mMOS-SS total scale,published scale
sdoh_mos_ss_4,40192511,SDOH,Social Determinants of Health,MOS-SS,Modified MOS Social Support Survey (mMOS-SS),Perceived social support,,,,"administered, CDR v9",,1,5,5,False,L-instr,mMOS-SS total scale,published scale
sdoh_mos_ss_5,40192439,SDOH,Social Determinants of Health,MOS-SS,Modified MOS Social Support Survey (mMOS-SS),Perceived social support,,,,"administered, CDR v9",,1,5,5,False,L-instr,mMOS-SS total scale,published scale
sdoh_mos_ss_6,40192528,SDOH,Social Determinants of Health,MOS-SS,Modified MOS Social Support Survey (mMOS-SS),Perceived social support,,,,"administered, CDR v9",,1,5,5,False,L-instr,mMOS-SS total scale,published scale
sdoh_mos_ss_7,40192399,SDOH,Social Determinants of Health,MOS-SS,Modified MOS Social Support Survey (mMOS-SS),Perceived social support,,,,"administered, CDR v9",,1,5,5,False,L-instr,mMOS-SS total scale,published scale
sdoh_mos_ss_8,40192446,SDOH,Social Determinants of Health,MOS-SS,Modified MOS Social Support Survey (mMOS-SS),Perceived social support,,,,"administered, CDR v9",,1,5,5,False,L-instr,mMOS-SS total scale,published scale
sdoh_ucla_ls8_11,40192398,SDOH,Social Determinants of Health,UCLA-V3,Short-Form UCLA Loneliness Scale (ULS-8),Loneliness,,,,"administered, CDR v9",,1,4,4,False,L-instr,ULS-8 total scale,published scale
sdoh_ucla_ls8_14,40192501,SDOH,Social Determinants of Health,UCLA-V3,Short-Form UCLA Loneliness Scale (ULS-8),Loneliness,,,,"administered, CDR v9",,1,4,4,False,L-instr,ULS-8 total scale,published scale
sdoh_ucla_ls8_15,40192516,SDOH,Social Determinants of Health,UCLA-V3,Short-Form UCLA Loneliness Scale (ULS-8),Loneliness,,,,"administered, CDR v9",,1,4,4,True,L-instr,ULS-8 total scale,published scale
sdoh_ucla_ls8_17,40192390,SDOH,Social Determinants of Health,UCLA-V3,Short-Form UCLA Loneliness Scale (ULS-8),Loneliness,,,,"administered, CDR v9",,1,4,4,False,L-instr,ULS-8 total scale,published scale
sdoh_ucla_ls8_18,40192494,SDOH,Social Determinants of Health,UCLA-V3,Short-Form UCLA Loneliness Scale (ULS-8),Loneliness,,,,"administered, CDR v9",,1,4,4,False,L-instr,ULS-8 total scale,published scale
sdoh_ucla_ls8_2,40192507,SDOH,Social Determinants of Health,UCLA-V3,Short-Form UCLA Loneliness Scale (ULS-8),Loneliness,,,,"administered, CDR v9",,1,4,4,False,L-instr,ULS-8 total scale,published scale
sdoh_ucla_ls8_3,40192397,SDOH,Social Determinants of Health,UCLA-V3,Short-Form UCLA Loneliness Scale (ULS-8),Loneliness,,,,"administered, CDR v9",,1,4,4,False,L-instr,ULS-8 total scale,published scale
sdoh_ucla_ls8_9,40192504,SDOH,Social Determinants of Health,UCLA-V3,Short-Form UCLA Loneliness Scale (ULS-8),Loneliness,,,,"administered, CDR v9",,1,4,4,True,L-instr,ULS-8 total scale,published scale
asrs_1,1703874,bhp,Behavioral Health and Personality,ASRS-v1.1,"Adult ADHD Self-Report Scale v1.1, Part A (ASRS)",Adult ADHD,,,,"administered, CDR v9",,0,4,5,False,L-instr,ASRS v1.1 Part A screener (6 items),published scale
asrs_2,1703914,bhp,Behavioral Health and Personality,ASRS-v1.1,"Adult ADHD Self-Report Scale v1.1, Part A (ASRS)",Adult ADHD,,,,"administered, CDR v9",,0,4,5,False,L-instr,ASRS v1.1 Part A screener (6 items),published scale
asrs_3,1703878,bhp,Behavioral Health and Personality,ASRS-v1.1,"Adult ADHD Self-Report Scale v1.1, Part A (ASRS)",Adult ADHD,,,,"administered, CDR v9",,0,4,5,False,L-instr,ASRS v1.1 Part A screener (6 items),published scale
asrs_4,1703916,bhp,Behavioral Health and Personality,ASRS-v1.1,"Adult ADHD Self-Report Scale v1.1, Part A (ASRS)",Adult ADHD,,,,"administered, CDR v9",,0,4,5,False,L-instr,ASRS v1.1 Part A screener (6 items),published scale
asrs_5,1703913,bhp,Behavioral Health and Personality,ASRS-v1.1,"Adult ADHD Self-Report Scale v1.1, Part A (ASRS)",Adult ADHD,,,,"administered, CDR v9",,0,4,5,False,L-instr,ASRS v1.1 Part A screener (6 items),published scale
asrs_6,1703925,bhp,Behavioral Health and Personality,ASRS-v1.1,"Adult ADHD Self-Report Scale v1.1, Part A (ASRS)",Adult ADHD,,,,"administered, CDR v9",,0,4,5,False,L-instr,ASRS v1.1 Part A screener (6 items),published scale
bfi2xs_1,1703926,bhp,Behavioral Health and Personality,BFI-2-XS,Big Five Inventory-2 Extra-Short Form (BFI-2-XS),Extraversion,,,,"administered, CDR v9",,1,5,5,True,L-instr,BFI-2-XS extraversion domain scale (3 items),published scale
bfi2xs_10,1703919,bhp,Behavioral Health and Personality,BFI-2-XS,Big Five Inventory-2 Extra-Short Form (BFI-2-XS),Open-mindedness,,,,"administered, CDR v9",,1,5,5,True,L-instr,BFI-2-XS open-mindedness domain scale (3 items),published scale
bfi2xs_11,1703903,bhp,Behavioral Health and Personality,BFI-2-XS,Big Five Inventory-2 Extra-Short Form (BFI-2-XS),Extraversion,,,,"administered, CDR v9",,1,5,5,False,L-instr,BFI-2-XS extraversion domain scale (3 items),published scale
bfi2xs_12,1703932,bhp,Behavioral Health and Personality,BFI-2-XS,Big Five Inventory-2 Extra-Short Form (BFI-2-XS),Agreeableness,,,,"administered, CDR v9",,1,5,5,False,L-instr,BFI-2-XS agreeableness domain scale (3 items),published scale
bfi2xs_13,1703912,bhp,Behavioral Health and Personality,BFI-2-XS,Big Five Inventory-2 Extra-Short Form (BFI-2-XS),Conscientiousness,,,,"administered, CDR v9",,1,5,5,False,L-instr,BFI-2-XS conscientiousness domain scale (3 items),published scale
bfi2xs_14,1703896,bhp,Behavioral Health and Personality,BFI-2-XS,Big Five Inventory-2 Extra-Short Form (BFI-2-XS),Negative emotionality,,,,"administered, CDR v9",,1,5,5,True,L-instr,BFI-2-XS negative emotionality domain scale (3 items),published scale
bfi2xs_15,1703881,bhp,Behavioral Health and Personality,BFI-2-XS,Big Five Inventory-2 Extra-Short Form (BFI-2-XS),Open-mindedness,,,,"administered, CDR v9",,1,5,5,False,L-instr,BFI-2-XS open-mindedness domain scale (3 items),published scale
bfi2xs_2,1703904,bhp,Behavioral Health and Personality,BFI-2-XS,Big Five Inventory-2 Extra-Short Form (BFI-2-XS),Agreeableness,,,,"administered, CDR v9",,1,5,5,False,L-instr,BFI-2-XS agreeableness domain scale (3 items),published scale
bfi2xs_3,1703892,bhp,Behavioral Health and Personality,BFI-2-XS,Big Five Inventory-2 Extra-Short Form (BFI-2-XS),Conscientiousness,,,,"administered, CDR v9",,1,5,5,True,L-instr,BFI-2-XS conscientiousness domain scale (3 items),published scale
bfi2xs_4,1703893,bhp,Behavioral Health and Personality,BFI-2-XS,Big Five Inventory-2 Extra-Short Form (BFI-2-XS),Negative emotionality,,,,"administered, CDR v9",,1,5,5,False,L-instr,BFI-2-XS negative emotionality domain scale (3 items),published scale
bfi2xs_5,1703930,bhp,Behavioral Health and Personality,BFI-2-XS,Big Five Inventory-2 Extra-Short Form (BFI-2-XS),Open-mindedness,,,,"administered, CDR v9",,1,5,5,False,L-instr,BFI-2-XS open-mindedness domain scale (3 items),published scale
bfi2xs_6,1703918,bhp,Behavioral Health and Personality,BFI-2-XS,Big Five Inventory-2 Extra-Short Form (BFI-2-XS),Extraversion,,,,"administered, CDR v9",,1,5,5,False,L-instr,BFI-2-XS extraversion domain scale (3 items),published scale
bfi2xs_7,1703911,bhp,Behavioral Health and Personality,BFI-2-XS,Big Five Inventory-2 Extra-Short Form (BFI-2-XS),Agreeableness,,,,"administered, CDR v9",,1,5,5,True,L-instr,BFI-2-XS agreeableness domain scale (3 items),published scale
bfi2xs_8,1703875,bhp,Behavioral Health and Personality,BFI-2-XS,Big Five Inventory-2 Extra-Short Form (BFI-2-XS),Conscientiousness,,,,"administered, CDR v9",,1,5,5,True,L-instr,BFI-2-XS conscientiousness domain scale (3 items),published scale
bfi2xs_9,1703929,bhp,Behavioral Health and Personality,BFI-2-XS,Big Five Inventory-2 Extra-Short Form (BFI-2-XS),Negative emotionality,,,,"administered, CDR v9",,1,5,5,False,L-instr,BFI-2-XS negative emotionality domain scale (3 items),published scale
cidi5_16,1703900,bhp,Behavioral Health and Personality,CIDI-5,WHO World Mental Health CIDI (WMH-CIDI),Panic & phobia,,,,"administered, CDR v9",,-1,1,2,False,BIN,"WMH-CIDI screener items on panic attack, social phobia and agoraphobia, grouped as panic and phobic anxiety (authors' grouping)",authors' grouping
cidi5_21,1703901,bhp,Behavioral Health and Personality,CIDI-5,WHO World Mental Health CIDI (WMH-CIDI),Psychosis,,,,"administered, CDR v9",,-1,1,2,False,BIN,WMH-CIDI psychosis screen (3 items),published scale
cidi5_22,1703915,bhp,Behavioral Health and Personality,CIDI-5,WHO World Mental Health CIDI (WMH-CIDI),Psychosis,,,,"administered, CDR v9",,-1,1,2,False,BIN,WMH-CIDI psychosis screen (3 items),published scale
cidi5_23,1703871,bhp,Behavioral Health and Personality,CIDI-5,WHO World Mental Health CIDI (WMH-CIDI),Psychosis,,,,"administered, CDR v9",,-1,1,2,False,BIN,WMH-CIDI psychosis screen (3 items),published scale
cidi5_25,1703889,bhp,Behavioral Health and Personality,CIDI-5,WHO World Mental Health CIDI (WMH-CIDI),Body-focused repetitive behavior,,,,"administered, CDR v9",,-1,1,2,False,BIN,"WMH-CIDI screener items on skin picking and hair pulling, grouped as body-focused repetitive behavior (authors' grouping)",authors' grouping
cidi5_26,1703902,bhp,Behavioral Health and Personality,CIDI-5,WHO World Mental Health CIDI (WMH-CIDI),Body-focused repetitive behavior,,,,"administered, CDR v9",,-1,1,2,False,BIN,"WMH-CIDI screener items on skin picking and hair pulling, grouped as body-focused repetitive behavior (authors' grouping)",authors' grouping
cidi5_27,1703917,bhp,Behavioral Health and Personality,CIDI-5,WHO World Mental Health CIDI (WMH-CIDI),Panic & phobia,,,,"administered, CDR v9",,-1,1,2,False,BIN,"WMH-CIDI screener items on panic attack, social phobia and agoraphobia, grouped as panic and phobic anxiety (authors' grouping)",authors' grouping
cidi5_30,1703886,bhp,Behavioral Health and Personality,CIDI-5,WHO World Mental Health CIDI (WMH-CIDI),Panic & phobia,,,,"administered, CDR v9",,-1,1,2,False,BIN,"WMH-CIDI screener items on panic attack, social phobia and agoraphobia, grouped as panic and phobic anxiety (authors' grouping)",authors' grouping
mhqukb_43,1703923,bhp,Behavioral Health and Personality,MHQ,UK Biobank Mental Health Questionnaire (MHQ),Mania,,,,"administered, CDR v9",,-1,1,2,False,BIN,MHQ mania section (lifetime screen),published section
mhqukb_44,1703928,bhp,Behavioral Health and Personality,MHQ,UK Biobank Mental Health Questionnaire (MHQ),Mania,,,,"administered, CDR v9",,-1,1,2,False,BIN,MHQ mania section (lifetime screen),published section
mhqukb_49,1703885,bhp,Behavioral Health and Personality,MHQ,UK Biobank Mental Health Questionnaire (MHQ),Psychosis,,,,"administered, CDR v9",,-1,1,2,False,BIN,"MHQ psychotic experiences section, joined to the WMH-CIDI psychosis screen (authors' grouping)",authors' grouping
ace_1,1332946,ehhwb,Emotional Health History and Well-Being,ACE-BRFSS,"Adverse Childhood Experiences module, BRFSS (ACE)",Childhood adversity,"During your first 18 years of life, did you live with anyone who was depressed, mentally ill, or suicidal?","During your first 18 years of life, did you live with anyone who was depressed, mentally ill, or suicidal?","During your first 18 years of life, did you live with anyone who was depressed, mentally ill, or suicidal?","administered, CDR v9",,-1,1,2,False,BIN,"BRFSS ACE module, scored as a count of exposure categories",published scale
ace_10,1333202,ehhwb,Emotional Health History and Well-Being,ACE-BRFSS,"Adverse Childhood Experiences module, BRFSS (ACE)",Childhood adversity,"During your first 18 years of life, how often did anyone at least 5 years older than you or an adult, try to make you touch them sexually?","During your first 18 years of life, how often did anyone at least 5 years older than you or an adult, try to make you touch them sexually?","During your first 18 years of life, how often did anyone at least 5 years older than you or an adult, try to make you touch them sexually?","administered, CDR v9",,-1,1,3,False,FREQ3,"BRFSS ACE module, scored as a count of exposure categories",published scale
ace_11,1333203,ehhwb,Emotional Health History and Well-Being,ACE-BRFSS,"Adverse Childhood Experiences module, BRFSS (ACE)",Childhood adversity,"During your first 18 years of life, how often did anyone at least 5 years older than you or an adult, force you to have sex?","During your first 18 years of life, how often did anyone at least 5 years older than you or an adult, force you to have sex?","During your first 18 years of life, how often did anyone at least 5 years older than you or an adult, force you to have sex?","administered, CDR v9",,-1,1,3,False,FREQ3,"BRFSS ACE module, scored as a count of exposure categories",published scale
ace_2,1332947,ehhwb,Emotional Health History and Well-Being,ACE-BRFSS,"Adverse Childhood Experiences module, BRFSS (ACE)",Childhood adversity,"During your first 18 years of life, did you live with anyone who was a problem drinker or alcoholic?","During your first 18 years of life, did you live with anyone who was a problem drinker or alcoholic?","During your first 18 years of life, did you live with anyone who was a problem drinker or alcoholic?","administered, CDR v9",,-1,1,2,False,BIN,"BRFSS ACE module, scored as a count of exposure categories",published scale
ace_3,1332948,ehhwb,Emotional Health History and Well-Being,ACE-BRFSS,"Adverse Childhood Experiences module, BRFSS (ACE)",Childhood adversity,"During your first 18 years of life, did you live with anyone who used illegal street drugs or who abused prescription medications?","During your first 18 years of life, did you live with anyone who used illegal street drugs or who abused prescription medications?","During your first 18 years of life, did you live with anyone who used illegal street drugs or who abused prescription medications?","administered, CDR v9",,-1,1,2,False,BIN,"BRFSS ACE module, scored as a count of exposure categories",published scale
ace_5,1333208,ehhwb,Emotional Health History and Well-Being,ACE-BRFSS,"Adverse Childhood Experiences module, BRFSS (ACE)",Childhood adversity,"During your first 18 years of life, were your parents separated or divorced?","During your first 18 years of life, were your parents separated or divorced?","During your first 18 years of life, were your parents separated or divorced?","administered, CDR v9",,-1,1,3,False,ACE5,"BRFSS ACE module, scored as a count of exposure categories",published scale
ace_6,1332857,ehhwb,Emotional Health History and Well-Being,ACE-BRFSS,"Adverse Childhood Experiences module, BRFSS (ACE)",Childhood adversity,"During your first 18 years of life, how often did your parents or adults in your home ever slap, hit, kick, punch or beat each other up?","During your first 18 years of life, how often did your parents or adults in your home ever slap, hit, kick, punch or beat each other up?","During your first 18 years of life, how often did your parents or adults in your home ever slap, hit, kick, punch or beat each other up?","administered, CDR v9",,-1,1,3,False,FREQ3,"BRFSS ACE module, scored as a count of exposure categories",published scale
ace_7,1333210,ehhwb,Emotional Health History and Well-Being,ACE-BRFSS,"Adverse Childhood Experiences module, BRFSS (ACE)",Childhood adversity,"Before age 18, how often did a parent or adult in your home ever hit, beat, kick, or physically hurt you in any way? Do not include spanking.","Before age 18, how often did a parent or adult in your home ever hit, beat, kick, or physically hurt you in any way? Do not include spanking. Would you say","Before age 18, how often did a parent or adult in your home ever hit, beat, kick, or physically hurt you in any way? Do not include spanking. Would you say","administered, CDR v9",Would you say,-1,1,3,False,FREQ3,"BRFSS ACE module, scored as a count of exposure categories",published scale
ace_8,1333212,ehhwb,Emotional Health History and Well-Being,ACE-BRFSS,"Adverse Childhood Experiences module, BRFSS (ACE)",Childhood adversity,"During your first 18 years of life, how often did a parent or adult in your home ever swear at you, insult you, or put you down?","During your first 18 years of life, how often did a parent or adult in your home ever swear at you, insult you, or put you down?","During your first 18 years of life, how often did a parent or adult in your home ever swear at you, insult you, or put you down?","administered, CDR v9",,-1,1,3,False,FREQ3,"BRFSS ACE module, scored as a count of exposure categories",published scale
ace_9,1332951,ehhwb,Emotional Health History and Well-Being,ACE-BRFSS,"Adverse Childhood Experiences module, BRFSS (ACE)",Childhood adversity,"During your first 18 years of life, how often did anyone at least 5 years older than you or an adult, ever touch you sexually?","During your first 18 years of life, how often did anyone at least 5 years older than you or an adult, ever touch you sexually?","During your first 18 years of life, how often did anyone at least 5 years older than you or an adult, ever touch you sexually?","administered, CDR v9",,-1,1,3,False,FREQ3,"BRFSS ACE module, scored as a count of exposure categories",published scale
cidi5_5,1703989,ehhwb,Emotional Health History and Well-Being,CIDI-5,WHO World Mental Health CIDI (WMH-CIDI),Life-threatening events,,,,"administered, CDR v9",,-1,1,3,False,REC3,"WMH-CIDI trauma screener item on a life-threatening event, joined to the MHQ life-threatening illness item (authors' grouping)",authors' grouping
gad7_1,1703984,ehhwb,Emotional Health History and Well-Being,GAD-7,Generalized Anxiety Disorder-7 (GAD-7),Generalized anxiety,"Feeling nervous, anxious, or on edge","Over the last 2 weeks, how often have you been bothered by feeling nervous, anxious, or on edge","Feeling nervous, anxious, or on edge","administered, CDR v9","Over the last 2 weeks, how often have you been bothered by",0,3,5,False,L-instr,GAD-7 total scale,published scale
gad7_2,1703995,ehhwb,Emotional Health History and Well-Being,GAD-7,Generalized Anxiety Disorder-7 (GAD-7),Generalized anxiety,Not being able to stop or control worrying,"Over the last 2 weeks, how often have you been bothered by not being able to stop or control worrying",Not being able to stop or control worrying,"administered, CDR v9","Over the last 2 weeks, how often have you been bothered by",0,3,5,False,L-instr,GAD-7 total scale,published scale
gad7_3,1704000,ehhwb,Emotional Health History and Well-Being,GAD-7,Generalized Anxiety Disorder-7 (GAD-7),Generalized anxiety,Worrying too much about different things,"Over the last 2 weeks, how often have you been bothered by worrying too much about different things",Worrying too much about different things,"administered, CDR v9","Over the last 2 weeks, how often have you been bothered by",0,3,5,False,L-instr,GAD-7 total scale,published scale
gad7_4,1703987,ehhwb,Emotional Health History and Well-Being,GAD-7,Generalized Anxiety Disorder-7 (GAD-7),Generalized anxiety,Trouble relaxing,"Over the last 2 weeks, how often have you been bothered by trouble relaxing",Trouble relaxing,"administered, CDR v9","Over the last 2 weeks, how often have you been bothered by",0,3,5,False,L-instr,GAD-7 total scale,published scale
gad7_5,1704028,ehhwb,Emotional Health History and Well-Being,GAD-7,Generalized Anxiety Disorder-7 (GAD-7),Generalized anxiety,Being so restless that it's hard to sit still,"Over the last 2 weeks, how often have you been bothered by being so restless that it's hard to sit still",Being so restless that it's hard to sit still,"administered, CDR v9","Over the last 2 weeks, how often have you been bothered by",0,3,5,False,L-instr,GAD-7 total scale,published scale
gad7_6,1703920,ehhwb,Emotional Health History and Well-Being,GAD-7,Generalized Anxiety Disorder-7 (GAD-7),Generalized anxiety,Becoming easily annoyed or irritable,"Over the last 2 weeks, how often have you been bothered by becoming easily annoyed or irritable",Becoming easily annoyed or irritable,"administered, CDR v9","Over the last 2 weeks, how often have you been bothered by",0,3,5,False,L-instr,GAD-7 total scale,published scale
gad7_7,1704042,ehhwb,Emotional Health History and Well-Being,GAD-7,Generalized Anxiety Disorder-7 (GAD-7),Generalized anxiety,Feeling afraid as if something awful might happen,"Over the last 2 weeks, how often have you been bothered by feeling afraid as if something awful might happen",Feeling afraid as if something awful might happen,"administered, CDR v9","Over the last 2 weeks, how often have you been bothered by",0,3,5,False,L-instr,GAD-7 total scale,published scale
mhqukb_34,1703988,ehhwb,Emotional Health History and Well-Being,MHQ,UK Biobank Mental Health Questionnaire (MHQ),Interpersonal & sexual violence,,,,"administered, CDR v9",,-1,1,3,False,REC3,"MHQ traumatic events section, partner and sexual violence items",published section
mhqukb_35,1704021,ehhwb,Emotional Health History and Well-Being,MHQ,UK Biobank Mental Health Questionnaire (MHQ),Interpersonal & sexual violence,,,,"administered, CDR v9",,-1,1,3,False,REC3,"MHQ traumatic events section, partner and sexual violence items",published section
mhqukb_36,1703976,ehhwb,Emotional Health History and Well-Being,MHQ,UK Biobank Mental Health Questionnaire (MHQ),Interpersonal & sexual violence,,,,"administered, CDR v9",,-1,1,3,False,REC3,"MHQ traumatic events section, partner and sexual violence items",published section
mhqukb_37,1704055,ehhwb,Emotional Health History and Well-Being,MHQ,UK Biobank Mental Health Questionnaire (MHQ),Interpersonal & sexual violence,,,,"administered, CDR v9",,-1,1,3,False,REC3,"MHQ traumatic events section, partner and sexual violence items",published section
mhqukb_41,1704029,ehhwb,Emotional Health History and Well-Being,MHQ,UK Biobank Mental Health Questionnaire (MHQ),Life-threatening events,,,,"administered, CDR v9",,-1,1,3,False,REC3,"MHQ traumatic events section, life-threatening illness item, joined to the WMH-CIDI life-threatening event item (authors' grouping)",authors' grouping
mhqukb_5,1704045,ehhwb,Emotional Health History and Well-Being,MHQ,UK Biobank Mental Health Questionnaire (MHQ),Depression,,,,"administered, CDR v9",,-1,1,2,False,BIN,"MHQ depression section (lifetime screen), joined to the PHQ-9 depression items (authors' grouping)",authors' grouping
mhqukb_57,1703980,ehhwb,Emotional Health History and Well-Being,MHQ,UK Biobank Mental Health Questionnaire (MHQ),Subjective wellbeing,,,,"administered, CDR v9",,1,6,6,False,L-instr,MHQ happiness and subjective well-being section,published section
mhqukb_58,1704001,ehhwb,Emotional Health History and Well-Being,MHQ,UK Biobank Mental Health Questionnaire (MHQ),Subjective wellbeing,,,,"administered, CDR v9",,1,5,5,False,L-instr,MHQ happiness and subjective well-being section,published section
mhqukb_6,1703998,ehhwb,Emotional Health History and Well-Being,MHQ,UK Biobank Mental Health Questionnaire (MHQ),Depression,,,,"administered, CDR v9",,-1,1,2,False,BIN,"MHQ depression section (lifetime screen), joined to the PHQ-9 depression items (authors' grouping)",authors' grouping
phq9_1,1704026,ehhwb,Emotional Health History and Well-Being,PHQ-9,Patient Health Questionnaire-9 (PHQ-9),Depression,Little interest or pleasure in doing things,"Over the last 2 weeks, how often have you been bothered by little interest or pleasure in doing things",Little interest or pleasure in doing things,"administered, CDR v9","Over the last 2 weeks, how often have you been bothered by",0,3,5,False,L-instr,PHQ-9 total scale (items 1 to 8),published scale
phq9_2,1704024,ehhwb,Emotional Health History and Well-Being,PHQ-9,Patient Health Questionnaire-9 (PHQ-9),Depression,"Feeling down, depressed, or hopeless","Over the last 2 weeks, how often have you been bothered by feeling down, depressed, or hopeless","Feeling down, depressed, or hopeless","administered, CDR v9","Over the last 2 weeks, how often have you been bothered by",0,3,5,False,L-instr,PHQ-9 total scale (items 1 to 8),published scale
phq9_3,1703983,ehhwb,Emotional Health History and Well-Being,PHQ-9,Patient Health Questionnaire-9 (PHQ-9),Depression,"Trouble falling or staying asleep, or sleeping too much","Over the last 2 weeks, how often have you been bothered by trouble falling or staying asleep, or sleeping too much","Trouble falling or staying asleep, or sleeping too much","administered, CDR v9","Over the last 2 weeks, how often have you been bothered by",0,3,5,False,L-instr,PHQ-9 total scale (items 1 to 8),published scale
phq9_4,1704039,ehhwb,Emotional Health History and Well-Being,PHQ-9,Patient Health Questionnaire-9 (PHQ-9),Depression,Feeling tired or having little energy,"Over the last 2 weeks, how often have you been bothered by feeling tired or having little energy",Feeling tired or having little energy,"administered, CDR v9","Over the last 2 weeks, how often have you been bothered by",0,3,5,False,L-instr,PHQ-9 total scale (items 1 to 8),published scale
phq9_5,1704004,ehhwb,Emotional Health History and Well-Being,PHQ-9,Patient Health Questionnaire-9 (PHQ-9),Depression,Poor appetite or overeating,"Over the last 2 weeks, how often have you been bothered by poor appetite or overeating",Poor appetite or overeating,"administered, CDR v9","Over the last 2 weeks, how often have you been bothered by",0,3,5,False,L-instr,PHQ-9 total scale (items 1 to 8),published scale
phq9_6,1704041,ehhwb,Emotional Health History and Well-Being,PHQ-9,Patient Health Questionnaire-9 (PHQ-9),Depression,Feeling bad about yourself or that you are a failure or have let yourself or your family down,"Over the last 2 weeks, how often have you been bothered by feeling bad about yourself or that you are a failure or have let yourself or your family down",Feeling bad about yourself or that you are a failure or have let yourself or your family down,"administered, CDR v9","Over the last 2 weeks, how often have you been bothered by",0,3,5,False,L-instr,PHQ-9 total scale (items 1 to 8),published scale
phq9_7,1704038,ehhwb,Emotional Health History and Well-Being,PHQ-9,Patient Health Questionnaire-9 (PHQ-9),Depression,"Trouble concentrating on things, such as reading the newspaper or watching television","Over the last 2 weeks, how often have you been bothered by trouble concentrating on things, such as reading the newspaper or watching television","Trouble concentrating on things, such as reading the newspaper or watching television","administered, CDR v9","Over the last 2 weeks, how often have you been bothered by",0,3,5,False,L-instr,PHQ-9 total scale (items 1 to 8),published scale
phq9_8,1703996,ehhwb,Emotional Health History and Well-Being,PHQ-9,Patient Health Questionnaire-9 (PHQ-9),Depression,Moving or speaking so slowly that other people could have noticed? or the opposite - being so fidgety or restless that you have been moving around a lot more than usual,"Over the last 2 weeks, how often have you been bothered by moving or speaking so slowly that other people could have noticed? or the opposite - being so fidgety or restless that you have been moving around a lot more than usual",Moving or speaking so slowly that other people could have noticed? Or the opposite - being so fidgety or restless that you have been moving around a lot more than usual,"administered, CDR v9","Over the last 2 weeks, how often have you been bothered by",0,3,5,False,L-instr,PHQ-9 total scale (items 1 to 8),published scale
phq9_9,1703977,ehhwb,Emotional Health History and Well-Being,PHQ-9,Patient Health Questionnaire-9 (PHQ-9),Suicidality & self-harm,Thoughts that you would be better off dead or of hurting yourself in some way,"Over the last 2 weeks, how often have you been bothered by thoughts that you would be better off dead or of hurting yourself in some way",Thoughts that you would be better off dead or of hurting yourself in some way,"administered, CDR v9","Over the last 2 weeks, how often have you been bothered by",0,3,5,False,L-instr,"PHQ-9 item 9 (suicidal ideation), grouped with the suicide screen items rather than the PHQ-9 total (authors' grouping)",authors' grouping
ss_1,1704033,ehhwb,Emotional Health History and Well-Being,single item,single item,Suicidality & self-harm,"Did you ever have thoughts of purposely hurting yourself without wanting to die? (for example, cutting or burning)","Did you ever have thoughts of purposely hurting yourself without wanting to die? (for example, cutting or burning)","Did you ever have thoughts of purposely hurting yourself without wanting to die? (for example, cutting or burning)","administered, CDR v9",,-1,1,2,False,BIN,Emotional Health survey suicide screen (3 items),single item
ss_2,1704023,ehhwb,Emotional Health History and Well-Being,single item,single item,Suicidality & self-harm,Did you ever in your life have thoughts of killing yourself?,Did you ever in your life have thoughts of killing yourself?,Did you ever in your life have thoughts of killing yourself?,"administered, CDR v9",,-1,1,2,False,BIN,Emotional Health survey suicide screen (3 items),single item
ss_3,1703975,ehhwb,Emotional Health History and Well-Being,single item,single item,Suicidality & self-harm,Did you ever make a suicide attempt where you purposefully hurt yourself with at least some intention to die?,Did you ever make a suicide attempt where you purposefully hurt yourself with at least some intention to die?,Did you ever make a suicide attempt where you purposefully hurt yourself with at least some intention to die?,"administered, CDR v9",,-1,1,2,False,BIN,Emotional Health survey suicide screen (3 items),single item
worryanxiety,1704057,ehhwb,Emotional Health History and Well-Being,single item,single item,Generalized anxiety,Was there a period of 6 months or longer when you had problems with worry and anxiety?,"In your life, was there a period of 6 months or longer when you had problems with worry and anxiety?","In your life, was there a period of 6 months or longer when you had problems with worry and anxiety?","administered, CDR v9","In your life,",-1,1,2,False,BIN,"Emotional Health survey single item on worry and anxiety, joined to the GAD-7 items (authors' grouping)",authors' grouping
