axis,eigenvalue,null_95th,pct_inertia,cum_pct_inertia,benzecri_pct,cum_benzecri_pct
1,0.2156833890822621,0.007609443595750503,6.856461421351911,6.856461421351911,72.4818693112321,72.4818693112321
2,0.08567429811594172,0.007594856894972306,2.723540845369937,9.580002266721849,10.363517661802575,82.84538697303468
3,0.05201429235903205,0.007576754935631272,1.6535069781502822,11.233509244872131,3.4169467823388393,86.26233375537352
4,0.041317161291946854,0.007569982168126303,1.3134508115966264,12.546960056468757,1.9962216326164965,88.25855538799001
5,0.035980850358702035,0.007555458835227528,1.1438122956134753,13.690772352082233,1.4293766267334453,89.68793201472346
6,0.03449671509581892,0.007545098511100814,1.0966324167302435,14.787404768812475,1.2885125301139715,90.97644454483743
7,0.03284893399095353,0.007532606589548179,1.044250322659786,15.83165509147226,1.1406746942595258,92.11711923909697
8,0.029201523434530186,0.007522765490908209,0.9283010607608544,16.759956152233116,0.8454609237695435,92.9625801628665
9,0.029071274131741674,0.0075163164893004685,0.9241605039774722,17.684116656210588,0.8357348029336362,93.79831496580013
10,0.026665169457165367,0.0075041668844544225,0.8476717027435727,18.53178835895416,0.6661841243053818,94.46449909010552
11,0.02514746250545721,0.007499212105771871,0.7994245975419029,19.331212956496064,0.5691120315129482,95.03361112161846
12,0.02445637560843137,0.007497442270355224,0.7774553088153973,20.10866826531146,0.5274417794210448,95.5610529010395
13,0.02319244119111699,0.00748582231928844,0.7372754989176138,20.845943764229077,0.4553286045338448,96.01638150557335
14,0.020015200625369194,0.007480585053922345,0.6362726935643681,21.482216457793445,0.29745352238837947,96.31383502796173
15,0.019644214085443833,0.0074734149869101684,0.6244792267162145,22.10669568450966,0.2812024333942621,96.59503746135599
16,0.019441222126161922,0.007468460168406819,0.6180262191685159,22.724721903678176,0.27250358047851925,96.8675410418345
17,0.019097236854428396,0.007461393620043881,0.6070911084249869,23.331813012103165,0.2580747419805405,97.12561578381504
18,0.01835588763167747,0.0074553057452328335,0.5835240068175364,23.915337018920702,0.22831238958500388,97.35392817340004
19,0.017892764660750748,0.0074509326233259095,0.5688015713207081,24.48413859024141,0.21064483832829026,97.56457301172833
20,0.017611155123416045,0.007444808867961334,0.5598493523443837,25.043987942585794,0.20024959485984822,97.76482260658818
21,0.016986561258567602,0.007438880349725308,0.5399938421144649,25.58398178470026,0.17813219649984705,97.94295480308803
22,0.016127152785608438,0.007431483963546566,0.512673699079342,26.096655483779603,0.1498148513228696,98.0927696544109
23,0.015843109647638267,0.007425920181222338,0.5036441172196586,26.60029960099926,0.14099430845496058,98.23376396286586
24,0.015619961246224223,0.0074220056484110165,0.4965503469852332,27.096849947984495,0.13425245595841495,98.36801641882428
25,0.015293316835657711,0.007412981296708934,0.4861664930914346,27.58301644107593,0.12468156185027084,98.49269798067455
26,0.01466263918107246,0.0074085042117064855,0.46611758238777723,28.049134023463708,0.10720356134663196,98.59990154202119
27,0.014274199545731994,0.007405295147590628,0.45376929082221706,28.502903314285923,0.09709521007830302,98.6969967520995
28,0.013932614150661347,0.007396070041840748,0.4429104708947081,28.945813785180633,0.0886196883200864,98.78561644041957
29,0.013741711822021727,0.007387932594352374,0.4368417863421644,29.382655571522797,0.08405154057005224,98.86966798098963
30,0.01360546828226014,0.007385581326696159,0.43251067592026976,29.815166247443067,0.08086525260050115,98.95053323359014
31,0.013392105792413136,0.0073803976026890405,0.4257279946640808,30.240894242107146,0.07599910939094384,99.02653234298108
32,0.01315914150479776,0.007375492206744041,0.4183221825735709,30.659216424680718,0.07085834466066171,99.09739068764175
33,0.012748341011017806,0.0073687455990292154,0.4052630510870924,31.06447947576781,0.06223188594893721,99.15962257359068
34,0.012645413284807049,0.007361592601637799,0.4019910328433399,31.466470508611152,0.06015818172694415,99.21978075531763
35,0.012380040018697157,0.007359562320509315,0.39355495638384647,31.860025464994997,0.054973742128667624,99.2747544974463
36,0.012115560298684621,0.0073543586800644024,0.38514728528450065,32.2451727502795,0.050039156804572216,99.32479365425087
37,0.011962972265282344,0.007347059104883391,0.38029659201213345,32.62546934229164,0.047297752379382836,99.37209140663025
38,0.011830214138548647,0.007341647805069912,0.3760762810359675,33.00154562332761,0.044975435833876976,99.41706684246412
39,0.011677898106167777,0.007339005870665941,0.3712342345329125,33.37277985786052,0.04238300508505826,99.45944984754918
40,0.011590519131892048,0.007334357411517117,0.3684565029296209,33.74123636079014,0.04093054172891617,99.50038038927809
41,0.011372943260441932,0.0073270265829721605,0.36153988048983826,34.102776241279976,0.03742390579879591,99.53780429507688
42,0.011198703743706698,0.007320744005009087,0.35600089795783396,34.45877713923781,0.03472893214473954,99.57253322722163
43,0.011137439159815068,0.0073180730595353485,0.3540533290804369,34.812830468318246,0.03380527613807973,99.60633850335971
44,0.010894757752964236,0.00731370471107096,0.34633861488370515,35.15916908320195,0.0302688133381943,99.6366073166979
45,0.010803690261633518,0.007309261326069143,0.3434436272645603,35.502612710466515,0.028992141065657413,99.66559945776356
46,0.01066086390619923,0.007304754935454558,0.33890325259707027,35.841515963063586,0.027045263078901944,99.69264472084247
47,0.01038450662804076,0.007300054871287364,0.33011800017561155,36.171633963239195,0.023470327960028774,99.7161150488025
48,0.010297038994674674,0.007296196108768267,0.3273374501465002,36.498971413385696,0.022391628262874864,99.73850667706537
49,0.010089128535123558,0.007289857200893836,0.32072808606392783,36.81969949944963,0.019929405090149472,99.75843608215553
50,0.010060227668845182,0.007285842876918965,0.31980934273592054,37.13950884218555,0.019598490561684768,99.77803457271722
51,0.009880983936646279,0.007280177077740653,0.31411127882812384,37.45362012101367,0.017608024083670473,99.79564259680089
52,0.009690759805933074,0.007274170823239539,0.30806415383071456,37.761684274844384,0.015612176155996976,99.81125477295689
53,0.009565763259316235,0.0072710569601594655,0.30409057940142137,38.0657748542458,0.014366044271925215,99.82562081722881
54,0.009541568445203588,0.007267716559589713,0.303321438994893,38.369096293240695,0.014130824354593686,99.8397516415834
55,0.0094746708526829,0.007264764866083086,0.30119479973791957,38.670291092978616,0.01349055760680146,99.8532421991902
56,0.009372530234406557,0.007259769825917616,0.2979478032411348,38.96823889621975,0.012541618211120114,99.86578381740132
57,0.009310267768811142,0.007255589315270632,0.29596851222957526,39.26420740844933,0.011980142971505226,99.87776396037283
58,0.009229762945201177,0.007249312062766354,0.29340930625797423,39.55761671470731,0.011273220904630824,99.88903718127746
59,0.009178294419282093,0.007242961070591462,0.29177314890770445,39.84938986361501,0.010832534387771027,99.89986971566523
60,0.009122145843065484,0.007239893863387896,0.28998821522166063,40.13937807883667,0.010361796933318984,99.91023151259856
61,0.008817568747275885,0.007236996485680619,0.2803058696502439,40.41968394848691,0.007990492893649045,99.91822200549221
62,0.008708134696052526,0.007232121651806572,0.2768270187587224,40.696510967245636,0.007213623292865378,99.92543562878508
63,0.008579277562382035,0.0072283768773872695,0.27273071829888157,40.96924168554452,0.006349791111317108,99.9317854198964
64,0.008507570189826622,0.007225791320588873,0.2704511786660674,41.23969286421058,0.005892930112488458,99.9376783500089
65,0.008453518369106822,0.007218938026114309,0.2687328997337116,41.508425763944295,0.005559828771507022,99.9432381787804
66,0.008399110725352765,0.00721450824015207,0.2670033093743721,41.77542907331867,0.00523432076091261,99.94847249954131
67,0.008284469606488048,0.007211696792444494,0.2633589285430938,42.03878800186176,0.004580589464511036,99.95305308900582
68,0.008270836694108604,0.007207754277355366,0.2629255454337683,42.30171354729553,0.004505749021787196,99.95755883802761
69,0.008141811109125143,0.0072022673301889535,0.25882388999534667,42.560537437290876,0.0038279638656929034,99.9613868018933
70,0.008079924280404435,0.007198066924808578,0.25685654028233046,42.817393977573204,0.0035224594468127725,99.96490926134011
71,0.008065689147924455,0.007194940981785855,0.2564040129129669,43.07379799048617,0.0034539847249712213,99.96836324606508
72,0.007995710011645089,0.007190747037099514,0.2541794130017702,43.32797740348794,0.0031271399505050793,99.97149038601559
73,0.007961855949290794,0.007185758529687576,0.25310321017745474,43.5810806136654,0.002974850554589311,99.97446523657018
74,0.007922606341915767,0.007182623052939283,0.2518554858166907,43.83293609948209,0.0028030481657313005,99.97726828473591
75,0.007890409617695876,0.007177083594224085,0.2508319688993847,44.083768068381474,0.0026659323113136114,99.97993421704723
76,0.007769435639980013,0.007172284178585726,0.246986269818312,44.33075433819979,0.002181470910820361,99.98211568795806
77,0.007698804931923053,0.007168345624722115,0.2447409567832381,44.57549529498303,0.0019210610538829,99.98403674901193
78,0.007674357320271785,0.007164647449194745,0.24396378007600833,44.81945907505904,0.0018347794350844389,99.98587152844702
79,0.007596073404817412,0.007160928138223352,0.2414751756057746,45.06093425066481,0.0015718333549203643,99.98744336180194
80,0.007568480808934161,0.007158311240594413,0.2405980215050649,45.30153227216987,0.0014839980083756687,99.98892735981032
81,0.007495383137938987,0.007153561999183419,0.23827428501658676,45.53980655718646,0.0012635126696990732,99.99019087248001
82,0.00748009857407221,0.007148650688350829,0.2377883967757692,45.77759495396223,0.0012196499433104126,99.99141052242332
83,0.007455518888222326,0.0071445733563876256,0.23700702149927816,46.01460197546151,0.0011507375964733414,99.9925612600198
84,0.007392459692835677,0.007142793673329159,0.23500240286698681,46.2496043783285,0.0009831078681493861,99.99354436788795
85,0.007329247172638993,0.007136386424571426,0.23299291011968168,46.48259728844818,0.0008283076640134838,99.99437267555196
86,0.00730197472757046,0.007133358053749141,0.23212593344487145,46.71472322189305,0.000765613036649425,99.9951382885886
87,0.007287736089348952,0.007128740004940692,0.23167329462982986,46.94639651652288,0.000733861077466448,99.99587214966607
88,0.007237923003329735,0.007125022129818132,0.23008976284269264,47.17648627936558,0.0006280698577962786,99.99650021952387
89,0.007229702463840828,0.00712266523375606,0.22982843621894003,47.406314715584514,0.0006114025343437908,99.99711162205821
90,0.007158417125724747,0.007118693951044869,0.2275623128388288,47.63387702842334,0.0004762689896572741,99.99758789104787
91,0.007112532551598454,0.007113688301197124,0.2261036663771298,47.85998069480047,0.0003982028659652561,99.99798609391384
92,0.007091758978755142,0.007109210734351581,0.2254432854299003,48.08542398023037,0.00036515596916617313,99.998351249883
93,0.007068026565079149,0.0071052019144792295,0.22468884448988455,48.31011282472025,0.00032915374345291587,99.99868040362645
94,0.0070219584738477865,0.007102419981002634,0.22322436411600335,48.533337188836256,0.00026460079451516653,99.99894500442096
95,0.006995298890397213,0.007097152375686106,0.22237686998946932,48.755714058825724,0.0002304594465451713,99.9991754638675
96,0.0069806775332767025,0.007093897354067717,0.22191206474205938,48.97762612356778,0.00021273571150447548,99.999388199579
97,0.006960973510512797,0.007090563632004514,0.22128568422893313,49.19891180779671,0.00018997250607252975,99.99957817208508
98,0.006933048585661243,0.007085928541241684,0.2203979655652311,49.419309773361945,0.0001599177501092022,99.99973808983519
99,0.006909126846570104,0.00708388690039154,0.21963750606991278,49.63894727943186,0.0001362283279037478,99.9998743181631
100,0.006897809022101351,0.007080109315451563,0.21927771838680085,49.85822499781866,0.00012568183695173453,100.00000000000004
