component,eigenvalue,null_95th,share_pct,cum_pct
1,31.411879432982424,1.0836250329169261,20.80233891920085,20.80233891920085
2,7.481725452307259,1.079702525939094,4.9547302284589785,25.757069147659827
3,6.0173009950007295,1.0773822908383919,3.9849234409519996,29.741992588611826
4,5.183819513054001,1.0751359884525737,3.432955058820481,33.174947647432305
5,4.4368782177266155,1.0731691446260028,2.9382974242367905,36.1132450716691
6,3.7130651031903774,1.0712819571316192,2.4589562961495823,38.57220136781868
7,2.732136902710746,1.0694061302137625,1.809342161302457,40.38154352912114
8,2.4909526504024875,1.0680999600020427,1.649619258723683,42.03116278784483
9,2.295829150187841,1.0663398255673595,1.520399827863909,43.55156261570874
10,2.187596409363744,1.0650985409916531,1.448723309380496,45.00028592508924
11,2.025600474147889,1.0636578460246258,1.3414424204708457,46.34172834556008
12,1.9614422038935753,1.0624211533813996,1.2989539700377097,47.640682315597786
13,1.9221483949918017,1.0611127353790573,1.2729318680509458,48.91361418364873
14,1.8179876743164898,1.0598104844309437,1.203952021805868,50.11756620545461
15,1.7439736298097663,1.0587097539322647,1.154936640797082,51.27250284625169
16,1.6531324799802793,1.0574030304600797,1.0947776047675888,52.36728045101928
17,1.563099328610845,1.0560584017193568,1.0351536611335717,53.402434112152854
18,1.473962712416078,1.0546838427494727,0.976123442831915,54.37855755498477
19,1.4442557556178572,1.0537516789150372,0.9564501792536214,55.33500773423839
20,1.3213854806732328,1.0527769554012005,0.8750800368542562,56.210087771092645
21,1.2476979152223886,1.0513990895287326,0.8262808647477397,57.0363686358404
22,1.227890047620792,1.0503024564500152,0.8131632168211268,57.849531852661514
23,1.1225225011646025,1.04919978857487,0.7433841570503571,58.592916009711864
24,1.1036966598214228,1.048284640254985,0.73091685044123,59.323832860153104
25,1.0833751114574681,1.0471782238011924,0.7174590203444404,60.04129188049754
26,1.02941736394465,1.0461311120819488,0.6817258082177015,60.72301768871524
27,0.9996403286685759,1.0448472665995172,0.6620061355650843,61.385023824280324
28,0.9799837570458813,1.043871176798334,0.6489886825420254,62.03401250682235
29,0.9769062143081898,1.042705067041794,0.6469505973263867,62.68096310414873
30,0.935340685753763,1.0417611384987462,0.6194240618897005,63.30038716603843
31,0.924762481290948,1.0407677741805856,0.6124187060063774,63.91280587204482
32,0.8926356241736697,1.0395040198199494,0.5911428771726325,64.50394874921744
33,0.8765351612406923,1.03871562997992,0.5804804369514927,65.08442918616893
34,0.8665599545124316,1.0376801150441368,0.5738744128963866,65.65830359906532
35,0.8434403035735688,1.0368390339713445,0.5585635552461802,66.2168671543115
36,0.8344180367635683,1.035901477067619,0.5525886102448307,66.76945576455633
37,0.81321150530089,1.0348170488077055,0.5385447051124264,67.30800046966876
38,0.8096566189683237,1.0338881313347688,0.5361905018095947,67.84419097147835
39,0.7995148357174255,1.0330585189043722,0.5294741633975499,68.37366513487589
40,0.7901515456563539,1.0319001759604927,0.5232733776831913,68.8969385125591
41,0.7796570695766123,1.0310421726023538,0.5163234704464721,69.41326198300557
42,0.7752362212042704,1.0301414325785971,0.5133957886963858,69.92665777170195
43,0.7574240939808182,1.0291418885604542,0.5015998085110959,70.42825758021306
44,0.742497022491908,1.0282104189669983,0.4917144401158063,70.91997202032886
45,0.7179617892043033,1.027490993705063,0.47546612108735303,71.39543814141621
46,0.7048376564359488,1.0266246249873576,0.46677473862963104,71.86221288004585
47,0.6989053137044491,1.0256711706583161,0.4628460783166178,72.32505895836245
48,0.6916804128986563,1.0247110896927414,0.45806142875305494,72.78312038711552
49,0.6811662866202879,1.0237825360178483,0.45109850828379316,73.23421889539931
50,0.6742034283898604,1.0226735843386625,0.4464873949289006,73.6807062903282
51,0.6677906348946184,1.021893910911112,0.44224055882374236,74.12294684915196
52,0.6638838344148117,1.0209898374491857,0.43965330237370953,74.56260015152566
53,0.6589837433615595,1.0201196873123017,0.4364082448774788,74.99900839640314
54,0.6535358984411574,1.019168791478384,0.4328004404907583,75.4318088368939
55,0.6511085305982098,1.0183079674045423,0.4311929299099827,75.86300176680388
56,0.6456151290733264,1.0173450866421914,0.42755495592043874,76.29055672272432
57,0.6415220365570122,1.016644103543386,0.4248443286262754,76.71540105135058
58,0.6257691845872095,1.015803068018227,0.41441209179310595,77.1298131431437
59,0.6221956895726466,1.015005535197991,0.4120455649962101,77.5418587081399
60,0.6116649816515028,1.0140572266738477,0.4050716634281069,77.94693037156802
61,0.6070114784824661,1.013245278026852,0.4019899073590245,78.34892027892704
62,0.6026484505914478,1.0122682089198052,0.39910051689461346,78.74802079582165
63,0.5879948875082808,1.011413685326989,0.3893962778891033,79.13741707371075
64,0.5845250724355276,1.010575512683692,0.38709841254537697,79.52451548625613
65,0.5718614028132656,1.0097173821225895,0.378711969193424,79.90322745544957
66,0.5669889140265135,1.0089579546351968,0.3754851911415639,80.27871264659113
67,0.5604032992572957,1.0080524798422992,0.3711239051283266,80.64983655171945
68,0.5572293304587296,1.00716995322531,0.36902196230100837,81.01885851402047
69,0.5491424024138799,1.0065814906568846,0.36366644008964033,81.3825249541101
70,0.5431938947096454,1.0054820969952918,0.35972707461515574,81.74225202872525
71,0.5354807163109853,1.004778791697389,0.35461906598627013,82.09687109471152
72,0.5334946379143869,1.003727830762099,0.3533037968374028,82.45017489154893
73,0.5260820720769969,1.002939009779674,0.3483948671715017,82.79856975872042
74,0.5221299751659166,1.0018720604031084,0.3457776134168762,83.1443473721373
75,0.5212022484536476,1.001135579776032,0.345163231665724,83.48951060380303
76,0.516654564767532,1.0003276438280764,0.34215155394877195,83.83166215775181
77,0.5060718964705404,0.9994456256675408,0.3351432419165938,84.16680539966839
78,0.503298577127588,0.9986483979188977,0.333306626917916,84.50011202658632
79,0.5003449806744917,0.9978488867921925,0.3313506244259625,84.83146265101227
80,0.4977999929320671,0.9968790790941704,0.32966522073414967,85.16112787174643
81,0.4914707165374789,0.9961161319995391,0.32547369335501186,85.48660156510144
82,0.48818057131312703,0.9952908817672271,0.32329481334891796,85.80989637845038
83,0.4841806332219238,0.9944053673459825,0.3206458770442134,86.13054225549459
84,0.47591256487643063,0.9934574333052457,0.3151703956965589,86.44571265119114
85,0.4677938049220725,0.99276994397314,0.3097937929837375,86.75550644417488
86,0.4606616056876703,0.9918956998462671,0.3050705345098267,87.06057697868471
87,0.45617873439643836,0.9910566856255815,0.30210177843363195,87.36267875711836
88,0.45089683283632837,0.9900730293630449,0.29860386909567954,87.66128262621403
89,0.4489140890418681,0.9893453826680617,0.2972908082681572,87.95857343448218
90,0.44529967923699465,0.9885085515514064,0.29489718588353436,88.25347062036572
91,0.4317153648702299,0.9876436014191176,0.28590105077339845,88.53937167113912
92,0.4294255322619765,0.9868412638040612,0.2843846221214054,88.82375629326052
93,0.4235185417219422,0.9861442142232092,0.28047275115333836,89.10422904441386
94,0.42169452439144345,0.9851916424582975,0.2792648060259389,89.38349385043979
95,0.4180927278726705,0.9845182446913356,0.2768795367184666,89.66037338715826
96,0.41638756310949027,0.9834861303492526,0.27575030102938813,89.93612368818764
97,0.4108361762099688,0.9827461776116216,0.27207392655450713,90.20819761474215
98,0.4077042774394881,0.9819339459465444,0.2699998443645774,90.47819745910671
99,0.40733210256027225,0.9809411611472034,0.2697533736625878,90.7479508327693
100,0.4039049786773372,0.9799515118507308,0.26748378031708275,91.01543461308638
101,0.4008119541107391,0.9790388657735315,0.2654354423480968,91.28087005543449
102,0.39562110926771005,0.9783522734486806,0.261997834804363,91.54286789023885
103,0.39386918784703645,0.9773891707896207,0.26083763478416316,91.80370552502302
104,0.3880999891790924,0.976342901096804,0.257017015701538,92.06072254072454
105,0.38339385782649316,0.9756182082238088,0.25390040691651083,92.31462294764107
106,0.37532259750071534,0.974714761245315,0.24855526056319732,92.56317820820426
107,0.3684742925064173,0.9738325100990245,0.24402000943894078,92.8071982176432
108,0.36694072632066094,0.972975310466057,0.24300441393408756,93.05020263157728
109,0.35902666532109706,0.9722089891408138,0.23776337194258879,93.28796600351987
110,0.3543994188304224,0.9713802436934754,0.23469900420976775,93.52266500772963
111,0.3475617626734986,0.9705357140810943,0.23017080521763933,93.75283581294728
112,0.3438264332486988,0.9695314541193826,0.22769710450083472,93.9805329174481
113,0.33794057287189416,0.9685684878879249,0.22379922686347106,94.20433214431158
114,0.3372023325096449,0.967742405902961,0.22331033137244807,94.42764247568401
115,0.3256584538905566,0.9669757000022529,0.21566546325849992,94.64330793894251
116,0.31406512432840944,0.9657580486455607,0.20798784653810246,94.85129578548062
117,0.3086976406166606,0.9648105064753495,0.20443326090583205,95.05572904638645
118,0.30640033240415027,0.9640147465272059,0.20291188157733747,95.25864092796378
119,0.3035601032411907,0.963271885893118,0.20103095593001546,95.45967188389379
120,0.3003054928819523,0.9620735176923099,0.19887560868671328,95.65854749258051
121,0.29585060240324745,0.9613612719400807,0.19592538274484766,95.85447287532536
122,0.2902385983913243,0.9603811580260316,0.1922088649312284,96.04668174025657
123,0.289444197731223,0.959206515449236,0.1916827776016141,96.23836451785819
124,0.2875016494383441,0.9584450877011703,0.19039633601693923,96.42876085387515
125,0.28336749475262213,0.9575451176257611,0.18765851553407786,96.6164193694092
126,0.28060877173296267,0.9563916472842408,0.18583156686767938,96.80225093627689
127,0.27495220794906183,0.955478769662917,0.1820855395979061,96.98433647587481
128,0.2698374843760956,0.9545493485621586,0.178698342933349,97.16303481880816
129,0.26282082793899786,0.9536725319386297,0.17405160202134742,97.33708642082952
130,0.25782971117419207,0.9524280875844675,0.17074626326413261,97.50783268409366
131,0.2530859121436977,0.9515825475958085,0.16760470927315096,97.67543739336679
132,0.25039910322277326,0.9503925391901554,0.16582538531058932,97.84126277867739
133,0.24882106694442566,0.9493637474128256,0.16478033973924688,98.00604311841663
134,0.23513875780298688,0.9482544263219458,0.1557193081456188,98.16176242656225
135,0.23060319511312796,0.9470092460416775,0.15271565748966157,98.31447808405191
136,0.22766127693664145,0.9461041547113318,0.1507673888701287,98.46524547292204
137,0.21664557704914497,0.9450942396477473,0.14347230412421902,98.60871777704625
138,0.2048620061077742,0.9441807938055125,0.13566870112988624,98.74438647817615
139,0.20163375290786206,0.9428868685596478,0.13353080876579376,98.87791728694195
140,0.18471531947887507,0.9416220673877301,0.12232667222494784,99.0002439591669
141,0.18413832419732556,0.9404626095697005,0.12194456037369168,99.1221885195406
142,0.18160050778465667,0.9393223700490428,0.12026390585431844,99.2424524253949
143,0.16276538134253282,0.9381595323980325,0.10779045024110044,99.350242875636
144,0.1603067021911509,0.9370050423505706,0.10616220392397889,99.45640507955999
145,0.15621071076809248,0.9355778262788849,0.1034496568452729,99.55985473640524
146,0.13584614811044216,0.9339612916856377,0.08996334077655234,99.64981807718179
147,0.12758695081997706,0.9323856431418914,0.08449373423475467,99.73431181141655
148,0.11857361594428409,0.9306125588861567,0.07852470435621946,99.81283651577277
149,0.09578118156632194,0.9290650615207919,0.06343054401679794,99.87626705978955
150,0.09462701056380912,0.9274279349946689,0.06266620081930764,99.93893326060888
151,0.09221179707578223,0.9244771106239439,0.06106673939111286,99.99999999999999
