k,common_cum_pct,converged,secs
1,20.237744655702183,True,1.7
2,24.179961006086483,True,4.8
3,28.026148832668447,True,4.5
4,31.235682161442067,True,4.1
5,33.983762784762845,True,5.8
6,36.090363192232324,True,3.0
7,37.33376100427993,True,4.6
8,38.76542296206686,True,4.6
9,40.11296322441723,True,4.2
10,41.14675794522664,True,4.5
11,42.352581163573916,True,4.1
12,43.309698528578515,True,4.2
13,44.1009003625176,True,3.3
14,45.01676583197491,True,3.2
15,45.73080902583464,True,4.1
16,46.57821160485425,True,4.8
17,47.180670176532566,True,6.6
18,47.96302049896568,True,6.7
19,48.5466421270103,True,5.1
20,49.277929692857995,True,4.7
21,50.003155703666266,True,4.4
22,50.42337262351359,True,4.4
23,50.95586927004379,True,4.8
24,51.417677097796854,True,4.7
25,52.00147715415322,True,4.4
26,52.31741566201578,True,4.9
27,52.913487860424596,True,4.6
28,53.30427632577725,True,5.4
29,53.71399725892712,True,6.6
30,53.97436410986867,True,5.6
35,55.25581852588382,True,5.4
40,56.35983089451524,True,6.2
45,56.98346635908545,True,5.2
50,57.65481898768918,True,7.5
55,58.33907415473678,True,9.1
60,58.909121521330405,True,13.0
65,59.284383024802494,True,9.2
70,59.66591296553318,True,9.9
75,60.02531186743528,True,13.1
80,60.2669777687301,True,11.6
85,60.55664555674237,True,11.6
90,60.96259506818433,True,17.0
95,61.272176535280074,True,18.8
100,61.527821193700134,True,17.9
