condition,phecode,term,coef,se,age_mean,age_sd,n_people
gad,MB_288.3,intercept,0.0939864831556597,0.0017885610546819854,55.820874235368564,15.798939937364777,61631
gad,MB_288.3,age_z,-0.029860248878982268,0.0012555062283631736,55.820874235368564,15.798939937364777,61631
gad,MB_288.3,age_z_squared,0.0003334364981835528,0.0011601457981633876,55.820874235368564,15.798939937364777,61631
gad,MB_288.3,sex_male,-0.018139591453218664,0.002438303489238797,55.820874235368564,15.798939937364777,61631
adhd,MB_304,intercept,0.03254617457134807,0.0012029862136204612,55.820874235368564,15.798939937364777,61631
adhd,MB_304,age_z,-0.023852519395171183,0.0008444535230607875,55.820874235368564,15.798939937364777,61631
adhd,MB_304,age_z_squared,0.004715934926356551,0.0007803140951363345,55.820874235368564,15.798939937364777,61631
adhd,MB_304,sex_male,0.00204932297875082,0.0016400029926283307,55.820874235368564,15.798939937364777,61631
ptsd,MB_290.1,intercept,0.046870090747685424,0.0012955025810668446,55.820874235368564,15.798939937364777,61631
ptsd,MB_290.1,age_z,-0.016061801502707706,0.0009093967215333291,55.820874235368564,15.798939937364777,61631
ptsd,MB_290.1,age_z_squared,-0.006203464130891206,0.0008403246129060765,55.820874235368564,15.798939937364777,61631
ptsd,MB_290.1,sex_male,0.008794645009910156,0.0017661283943671744,55.820874235368564,15.798939937364777,61631
panic,MB_288.2,intercept,0.028288033518521286,0.0009666695746883451,55.820874235368564,15.798939937364777,61631
panic,MB_288.2,age_z,-0.009110153303939479,0.0006785676500186301,55.820874235368564,15.798939937364777,61631
panic,MB_288.2,age_z_squared,-0.0024679555736965846,0.0006270278793957507,55.820874235368564,15.798939937364777,61631
panic,MB_288.2,sex_male,-0.005856837077993608,0.0013178380412194916,55.820874235368564,15.798939937364777,61631
hyperchol,EM_239.1,intercept,0.2536671195368957,0.003100509136384397,56.780410216212694,15.180148076303956,45927
hyperchol,EM_239.1,age_z,0.14497060521760996,0.0022072804722239876,56.780410216212694,15.180148076303956,45927
hyperchol,EM_239.1,age_z_squared,0.012219426546592865,0.0019550103889561248,56.780410216212694,15.180148076303956,45927
hyperchol,EM_239.1,sex_male,0.02987767979049833,0.0041952187413050865,56.780410216212694,15.180148076303956,45927
asthma,RE_475,intercept,0.15761902807231512,0.002130225333269005,55.820874235368564,15.798939937364777,61631
asthma,RE_475,age_z,0.0006799137152987386,0.0014953423964673067,55.820874235368564,15.798939937364777,61631
asthma,RE_475,age_z_squared,-0.008023370151359335,0.001381765505328338,55.820874235368564,15.798939937364777,61631
asthma,RE_475,sex_male,-0.056521718332537135,0.002904086415936322,55.820874235368564,15.798939937364777,61631
breast,CA_105,intercept,0.0801492077407834,0.0024884327983366256,59.46273584905661,11.81136925458559,22896
breast,CA_105,age_z,0.039777182759744,0.0019392648588282334,59.46273584905661,11.81136925458559,22896
breast,CA_105,age_z_squared,0.008512567241746339,0.0016512257462930847,59.46273584905661,11.81136925458559,22896
prostate,CA_107.2,intercept,0.10422846723095554,0.0034260768744247324,65.87821055152048,9.807123700240279,12529
prostate,CA_107.2,age_z,0.0738760215001188,0.003152877714102216,65.87821055152048,9.807123700240279,12529
prostate,CA_107.2,age_z_squared,0.010545257727141748,0.0019980981611884114,65.87821055152048,9.807123700240279,12529
