grouping,condition,phecode,label,list,decile_from,decile_to,n,k,rate,lo,hi,adj,adj_lo,adj_hi
population,gad,MB_288.3,Generalized anxiety disorder,A,0,0,61631,5428,0.08807256088656683,0.08586072979804567,0.09033573963112075,0.08807256088656683,,
population,adhd,MB_304,Attention-deficit hyperactivity disorder,A,0,0,61631,2340,0.03796790576171083,0.03648760547990121,0.039505799354376606,0.03796790576171083,,
population,ptsd,MB_290.1,Posttraumatic stress disorder,B,0,0,61631,2693,0.043695542827473184,0.04210992486430875,0.0453380401390091,0.043695542827473184,,
population,panic,MB_288.2,Panic disorder,B,0,0,61631,1467,0.02380295630445717,0.022628844550837954,0.02503642706085639,0.02380295630445717,,
population,hyperchol,EM_239.1,Hypercholesterolemia,C,0,0,45927,12710,0.27674352777233435,0.2726706739733172,0.28085372600183894,0.27674352777233435,,
population,asthma,RE_475,Asthma,C,0,0,61631,8020,0.13012931803800035,0.12749613723685194,0.13280860402843853,0.13012931803800035,,
population,breast,CA_105,Breast cancer,C,0,0,22896,2030,0.0886617749825297,0.08504850295449741,0.0924130513614259,0.0886617749825297,,
population,prostate,CA_107.2,Prostate cancer,C,0,0,12529,1438,0.11477372495809722,0.10931007021798796,0.12047353219409872,0.11477372495809722,,
gte-large-en-v1.5,gad,MB_288.3,Generalized anxiety disorder,A,1,1,6554,170,0.025938358254501068,0.02235895720515353,0.030073151902277075,0.04763188208251178,0.04378091506535692,0.05148284909966665
gte-large-en-v1.5,gad,MB_288.3,Generalized anxiety disorder,A,2,2,6350,258,0.04062992125984252,0.036045196518518334,0.04577010564875091,0.05281309095189885,0.04796618402243699,0.05765999788136071
gte-large-en-v1.5,gad,MB_288.3,Generalized anxiety disorder,A,3,3,6279,361,0.05749323140627489,0.05200143586118325,0.0635261424855951,0.06427189934473279,0.05853361151370568,0.07001018717575991
gte-large-en-v1.5,gad,MB_288.3,Generalized anxiety disorder,A,4,4,6197,432,0.06971115055672099,0.06363366801174616,0.07632176620409084,0.07241002121048368,0.06610565118075819,0.07871439124020917
gte-large-en-v1.5,gad,MB_288.3,Generalized anxiety disorder,A,5,5,6114,514,0.08406934903500164,0.07737218287297971,0.09128884991389767,0.08375644464450548,0.07682258676108875,0.0906903025279222
gte-large-en-v1.5,gad,MB_288.3,Generalized anxiety disorder,A,6,6,6097,595,0.09758897818599312,0.09039148893933269,0.10529323208277519,0.09333132428648765,0.08590608434924987,0.10075656422372542
gte-large-en-v1.5,gad,MB_288.3,Generalized anxiety disorder,A,7,7,6053,661,0.10920204857095656,0.10159128955197527,0.11730852281428403,0.10266413235083316,0.09482891800032137,0.11049934670134495
gte-large-en-v1.5,gad,MB_288.3,Generalized anxiety disorder,A,8,8,6095,751,0.12321575061525841,0.11520061196659467,0.13170553718218328,0.11372385059230555,0.10548827704074026,0.12195942414387084
gte-large-en-v1.5,gad,MB_288.3,Generalized anxiety disorder,A,9,9,5965,807,0.13528918692372172,0.1268437260283896,0.14420409288696132,0.1234617198922377,0.11480861267218317,0.13211482711229222
gte-large-en-v1.5,gad,MB_288.3,Generalized anxiety disorder,A,10,10,5927,879,0.14830436983296777,0.1394842867445731,0.15758004571081227,0.13430392297816882,0.12524103841100326,0.14336680754533437
gte-large-en-v1.5,adhd,MB_304,Attention-deficit hyperactivity disorder,A,1,1,6554,43,0.006560878852609094,0.004874686523809681,0.008825165698086224,0.022262637068562532,0.020295115161512004,0.02423015897561306
gte-large-en-v1.5,adhd,MB_304,Attention-deficit hyperactivity disorder,A,2,2,6350,69,0.010866141732283464,0.008595621899101548,0.013728110885107652,0.019982645420052247,0.017418207708670034,0.02254708313143446
gte-large-en-v1.5,adhd,MB_304,Attention-deficit hyperactivity disorder,A,3,3,6279,87,0.01385570950788342,0.011247326622814786,0.017058569689418743,0.019324213288347113,0.01640590033261964,0.022242526244074586
gte-large-en-v1.5,adhd,MB_304,Attention-deficit hyperactivity disorder,A,4,4,6197,141,0.02275294497337421,0.019325393510087614,0.026771811325216312,0.025143980921152657,0.021429807201260576,0.02885815464104474
gte-large-en-v1.5,adhd,MB_304,Attention-deficit hyperactivity disorder,A,5,5,6114,206,0.033693163231926726,0.029455045158985185,0.03851687952657809,0.03372875838066517,0.029241447438056845,0.0382160693232735
gte-large-en-v1.5,adhd,MB_304,Attention-deficit hyperactivity disorder,A,6,6,6097,242,0.03969165163195014,0.035073915167609965,0.044889064065545006,0.0367939991455579,0.03190720038116558,0.04168079790995022
gte-large-en-v1.5,adhd,MB_304,Attention-deficit hyperactivity disorder,A,7,7,6053,320,0.052866347265818604,0.04750746194777861,0.05879240791875311,0.04800436597805198,0.04241358153756593,0.05359515041853803
gte-large-en-v1.5,adhd,MB_304,Attention-deficit hyperactivity disorder,A,8,8,6095,374,0.06136177194421657,0.05560858890824903,0.06766752245654865,0.054261901759120025,0.048292170363169844,0.060231633155070206
gte-large-en-v1.5,adhd,MB_304,Attention-deficit hyperactivity disorder,A,9,9,5965,419,0.07024308466051969,0.0640305705478682,0.07700876927723033,0.061338816048761874,0.054897647496100835,0.06777998460142291
gte-large-en-v1.5,adhd,MB_304,Attention-deficit hyperactivity disorder,A,10,10,5927,439,0.07406782520668129,0.06767308748549072,0.08101432306074116,0.0628165168688533,0.05618722857649054,0.06944580516121605
gte-large-en-v1.5,ptsd,MB_290.1,Posttraumatic stress disorder,B,1,1,6554,28,0.0042722001830942935,0.0029575313108548412,0.006167644900938539,0.013064611722932901,0.011455669911436787,0.014673553534429016
gte-large-en-v1.5,ptsd,MB_290.1,Posttraumatic stress disorder,B,2,2,6350,44,0.006929133858267717,0.005165901235070036,0.009288576339739691,0.011841813934150798,0.009772777205883062,0.013910850662418534
gte-large-en-v1.5,ptsd,MB_290.1,Posttraumatic stress disorder,B,3,3,6279,73,0.011626055104315974,0.009257274347307918,0.014592039671189747,0.014485075942010931,0.01180979163390446,0.017160360250117402
gte-large-en-v1.5,ptsd,MB_290.1,Posttraumatic stress disorder,B,4,4,6197,90,0.014523156365983541,0.01183109247266238,0.01781673195574401,0.015885016535974062,0.012888231067353203,0.01888180200459492
gte-large-en-v1.5,ptsd,MB_290.1,Posttraumatic stress disorder,B,5,5,6114,148,0.024206738632646385,0.020642724159745485,0.028368264584661237,0.02422134913905867,0.02035291373081412,0.02808978454730322
gte-large-en-v1.5,ptsd,MB_290.1,Posttraumatic stress disorder,B,6,6,6097,213,0.03493521403969165,0.0306112738262708,0.039844820104109016,0.03341261980998789,0.028788497384936065,0.03803674223503971
gte-large-en-v1.5,ptsd,MB_290.1,Posttraumatic stress disorder,B,7,7,6053,256,0.04229307781265488,0.037506605858243926,0.047660136970215754,0.03981446859836724,0.034743300261102984,0.0448856369356315
gte-large-en-v1.5,ptsd,MB_290.1,Posttraumatic stress disorder,B,8,8,6095,439,0.07202625102543068,0.06580181942265802,0.07878981569799835,0.0683869309427749,0.061897231250976174,0.07487663063457362
gte-large-en-v1.5,ptsd,MB_290.1,Posttraumatic stress disorder,B,9,9,5965,561,0.09404861693210394,0.08690016020904372,0.10171960237588944,0.08931221376867687,0.08191144569978649,0.09671298183756726
gte-large-en-v1.5,ptsd,MB_290.1,Posttraumatic stress disorder,B,10,10,5927,841,0.1418930318879703,0.1332413753475166,0.15100858657935098,0.13504623379496142,0.12616226087787968,0.14393020671204315
gte-large-en-v1.5,panic,MB_288.2,Panic disorder,B,1,1,6554,46,0.007018614586512054,0.005266338035062368,0.009348449388854041,0.013439377299114035,0.011417034906933576,0.015461719691294493
gte-large-en-v1.5,panic,MB_288.2,Panic disorder,B,2,2,6350,50,0.007874015748031496,0.005978017931706782,0.010365080893358818,0.01139557705184017,0.009216923900749569,0.01357423020293077
gte-large-en-v1.5,panic,MB_288.2,Panic disorder,B,3,3,6279,66,0.01051122790253225,0.008271062903000191,0.01334995996862954,0.012393314639140023,0.009864814364467313,0.014921814913812732
gte-large-en-v1.5,panic,MB_288.2,Panic disorder,B,4,4,6197,109,0.01758915604324673,0.014602553280823717,0.02117347169132881,0.018330776724174856,0.01506084308051962,0.02160071036783009
gte-large-en-v1.5,panic,MB_288.2,Panic disorder,B,5,5,6114,111,0.01815505397448479,0.015098393698555089,0.021816825566148317,0.018024032180259216,0.01467839938714362,0.021369664973374815
gte-large-en-v1.5,panic,MB_288.2,Panic disorder,B,6,6,6097,146,0.023946203050680664,0.020397998815950658,0.028093911828707224,0.022681710083681264,0.01884434635749851,0.026519073809864017
gte-large-en-v1.5,panic,MB_288.2,Panic disorder,B,7,7,6053,172,0.028415661655377497,0.024519575846919665,0.032909937744070486,0.026552297441874095,0.022367217288939464,0.030737377594808726
gte-large-en-v1.5,panic,MB_288.2,Panic disorder,B,8,8,6095,199,0.032649712879409355,0.02847416098641503,0.03741400180491704,0.0299464005552757,0.025490410747966655,0.034402390362584745
gte-large-en-v1.5,panic,MB_288.2,Panic disorder,B,9,9,5965,257,0.04308466051969824,0.03821922359466304,0.048538225476257996,0.03968734355099027,0.034538508483764864,0.04483617861821567
gte-large-en-v1.5,panic,MB_288.2,Panic disorder,B,10,10,5927,311,0.05247173949721613,0.04707943272266505,0.05844378235908582,0.04836751640147041,0.04269280114901869,0.054042231653922135
gte-large-en-v1.5,hyperchol,EM_239.1,Hypercholesterolemia,C,1,1,5085,1828,0.35948869223205504,0.34641041176134196,0.3727791107367426,0.2685229977792214,0.2557034236725042,0.2813425718859386
gte-large-en-v1.5,hyperchol,EM_239.1,Hypercholesterolemia,C,2,2,4906,1585,0.32307378719934776,0.31013063416204967,0.33629379429687944,0.27391018060134636,0.2614005399673085,0.28641982123538423
gte-large-en-v1.5,hyperchol,EM_239.1,Hypercholesterolemia,C,3,3,4767,1413,0.29641283826305853,0.28361712959460983,0.30953640176269903,0.26900496891716447,0.25657985648937914,0.2814300813449498
gte-large-en-v1.5,hyperchol,EM_239.1,Hypercholesterolemia,C,4,4,4689,1339,0.28556195350821073,0.27281331755031274,0.2986616581929778,0.27369780983771214,0.2614709366156523,0.285924683059772
gte-large-en-v1.5,hyperchol,EM_239.1,Hypercholesterolemia,C,5,5,4565,1239,0.2714129244249726,0.258709289803687,0.28450094876935106,0.2721504321889069,0.25989995215558587,0.2844009122222279
gte-large-en-v1.5,hyperchol,EM_239.1,Hypercholesterolemia,C,6,6,4511,1140,0.25271558412768785,0.2402481356762337,0.2656038371297381,0.27127355537763365,0.2593326406209981,0.2832144701342692
gte-large-en-v1.5,hyperchol,EM_239.1,Hypercholesterolemia,C,7,7,4453,1134,0.25465977992364697,0.24207886592589123,0.2676636231981323,0.2830167026749462,0.2709254991205916,0.29510790622930083
gte-large-en-v1.5,hyperchol,EM_239.1,Hypercholesterolemia,C,8,8,4444,1082,0.24347434743474347,0.23108114398261007,0.25631065694424743,0.2843345231121368,0.2724796171359123,0.2961894290883613
gte-large-en-v1.5,hyperchol,EM_239.1,Hypercholesterolemia,C,9,9,4301,994,0.23110904440827715,0.21875425184381317,0.24394373085934493,0.28322293713805435,0.27132362594237913,0.2951222483337296
gte-large-en-v1.5,hyperchol,EM_239.1,Hypercholesterolemia,C,10,10,4206,956,0.2272943414170233,0.2148812376284409,0.2402051302535464,0.2917170498102206,0.2797218349824503,0.30371226463799095
gte-large-en-v1.5,asthma,RE_475,Asthma,C,1,1,6554,608,0.09276777540433323,0.08598084525283452,0.10003180334958979,0.09854999045434812,0.09153813638651248,0.10556184452218376
gte-large-en-v1.5,asthma,RE_475,Asthma,C,2,2,6350,647,0.10188976377952756,0.09468849760246945,0.10957241562305561,0.10434107820933597,0.09691692125827389,0.11176523516039805
gte-large-en-v1.5,asthma,RE_475,Asthma,C,3,3,6279,689,0.10973084886128365,0.10223728706463564,0.11770164787824017,0.10993574755453014,0.10222747174160904,0.11764402336745125
gte-large-en-v1.5,asthma,RE_475,Asthma,C,4,4,6197,693,0.11182830401807325,0.10422092143115617,0.11991663604350945,0.11118434299737558,0.10335629444155134,0.11901239155319981
gte-large-en-v1.5,asthma,RE_475,Asthma,C,5,5,6114,804,0.13150147203140333,0.12326134502001336,0.14020436747264672,0.13061382528725393,0.12216143614629228,0.13906621442821557
gte-large-en-v1.5,asthma,RE_475,Asthma,C,6,6,6097,811,0.13301623749384944,0.12472277855426271,0.14177184679196367,0.1312500562186576,0.12273906226788446,0.13976105016943074
gte-large-en-v1.5,asthma,RE_475,Asthma,C,7,7,6053,855,0.14125227160085907,0.13270572190064084,0.15025388179977428,0.1397532082900201,0.13101109058010132,0.1484953259999389
gte-large-en-v1.5,asthma,RE_475,Asthma,C,8,8,6095,955,0.15668580803937654,0.14777656594068064,0.16602753468802298,0.15464760929330656,0.14557132282801324,0.16372389575859989
gte-large-en-v1.5,asthma,RE_475,Asthma,C,9,9,5965,969,0.16244761106454317,0.15330470648444733,0.17202500318508107,0.1601936026564009,0.15085967770165593,0.16952752761114587
gte-large-en-v1.5,asthma,RE_475,Asthma,C,10,10,5927,989,0.1668635059895394,0.15758764821600516,0.1765709147166686,0.16692742949961906,0.15747923155771237,0.17637562744152574
gte-large-en-v1.5,breast,CA_105,Breast cancer,C,1,1,2451,256,0.10444716442268462,0.09295185566760895,0.11718043495957146,0.0836193900277417,0.07156515583197613,0.09567362422350727
gte-large-en-v1.5,breast,CA_105,Breast cancer,C,2,2,2545,286,0.11237721021611002,0.1006863852079045,0.12523643822813488,0.10006971768341286,0.08786903697664648,0.11227039839017923
gte-large-en-v1.5,breast,CA_105,Breast cancer,C,3,3,2601,273,0.104959630911188,0.093757438874502,0.11732698509556067,0.0988259213689843,0.08712809279994173,0.11052374993802687
gte-large-en-v1.5,breast,CA_105,Breast cancer,C,4,4,2431,247,0.10160427807486631,0.09021578951806673,0.11424986760526508,0.09853345212079069,0.08663145899931553,0.11043544524226585
gte-large-en-v1.5,breast,CA_105,Breast cancer,C,5,5,2339,213,0.0910645575032065,0.08006600822013064,0.10340413537488015,0.0920891382677001,0.08054073592636346,0.10363754060903674
gte-large-en-v1.5,breast,CA_105,Breast cancer,C,6,6,2288,189,0.0826048951048951,0.07201247899309413,0.09459654075458168,0.08632191757039666,0.07515222483256431,0.097491610308229
gte-large-en-v1.5,breast,CA_105,Breast cancer,C,7,7,2198,167,0.07597816196542312,0.06562596597845076,0.08780990358363176,0.08245662456534857,0.07152414918068091,0.09338909995001622
gte-large-en-v1.5,breast,CA_105,Breast cancer,C,8,8,2142,169,0.07889822595704948,0.06822110481804071,0.09108304948770667,0.08871567622770317,0.07736705878641582,0.10006429366899051
gte-large-en-v1.5,breast,CA_105,Breast cancer,C,9,9,2093,136,0.06497849976110846,0.05519520372368235,0.07635573338362885,0.07742075923907232,0.06689360892719431,0.08794790955095033
gte-large-en-v1.5,breast,CA_105,Breast cancer,C,10,10,1808,94,0.051991150442477874,0.04267443949719646,0.06320759446384705,0.0705636447900306,0.06040030644010885,0.08072698313995236
gte-large-en-v1.5,prostate,CA_107.2,Prostate cancer,C,1,1,2178,292,0.13406795224977044,0.12040085329618413,0.14902360762807673,0.11046913031998103,0.09635774359771566,0.12458051704224639
gte-large-en-v1.5,prostate,CA_107.2,Prostate cancer,C,2,2,1706,203,0.11899179366940212,0.10447711230909748,0.13521847861980915,0.10946507493208606,0.09422613554682545,0.12470401431734666
gte-large-en-v1.5,prostate,CA_107.2,Prostate cancer,C,3,3,1389,166,0.11951043916486681,0.10349174972425919,0.13762791019097448,0.11197218553040782,0.09532602029337338,0.12861835076744227
gte-large-en-v1.5,prostate,CA_107.2,Prostate cancer,C,4,4,1290,164,0.12713178294573643,0.11005376091111979,0.14642392157728845,0.12336422264985762,0.10553117491021463,0.1411972703895006
gte-large-en-v1.5,prostate,CA_107.2,Prostate cancer,C,5,5,1169,144,0.12318220701454234,0.1055673368289619,0.14326549276734712,0.12513102341138205,0.10670336783417117,0.14355867898859292
gte-large-en-v1.5,prostate,CA_107.2,Prostate cancer,C,6,6,1085,109,0.10046082949308756,0.08395927157414154,0.11978155503731178,0.10879356839834076,0.09140870466704046,0.12617843212964105
gte-large-en-v1.5,prostate,CA_107.2,Prostate cancer,C,7,7,1022,114,0.11154598825831702,0.09368152247225228,0.13231973422693058,0.11951386993257668,0.10085915667430106,0.1381685831908523
gte-large-en-v1.5,prostate,CA_107.2,Prostate cancer,C,8,8,922,94,0.1019522776572668,0.08404326768107977,0.12316441030851906,0.11770900297650969,0.09887030272625241,0.13654770322676696
gte-large-en-v1.5,prostate,CA_107.2,Prostate cancer,C,9,9,873,76,0.08705612829324169,0.07011785141542601,0.10761263486897457,0.10985589659453221,0.09166062957788126,0.12805116361118316
gte-large-en-v1.5,prostate,CA_107.2,Prostate cancer,C,10,10,895,76,0.08491620111731843,0.06838052108632914,0.10499984242656143,0.11741602434225983,0.0997511387809334,0.13508090990358626
bge-m3,gad,MB_288.3,Generalized anxiety disorder,A,1,1,6535,168,0.025707727620504973,0.02214029883715354,0.029832433797266095,0.04721059436643568,0.043364951342847464,0.0510562373900239
bge-m3,gad,MB_288.3,Generalized anxiety disorder,A,2,2,6412,298,0.04647535870243294,0.041588668410942005,0.05190514104891456,0.059646040295015086,0.05449748775859749,0.06479459283143268
bge-m3,gad,MB_288.3,Generalized anxiety disorder,A,3,3,6288,343,0.05454834605597964,0.049202348048014204,0.06043828154978741,0.06157455907187451,0.05596856711083168,0.06718055103291734
bge-m3,gad,MB_288.3,Generalized anxiety disorder,A,4,4,6213,433,0.06969258007403831,0.06362338518372355,0.0762935589163471,0.07271847736576217,0.06642513646892016,0.07901181826260419
bge-m3,gad,MB_288.3,Generalized anxiety disorder,A,5,5,6198,492,0.07938044530493708,0.07290795806931236,0.08637400123757474,0.07826285699160161,0.0715411983469893,0.08498451563621393
bge-m3,gad,MB_288.3,Generalized anxiety disorder,A,6,6,6050,603,0.0996694214876033,0.09237321544826277,0.1074736862419684,0.09646335952576625,0.08895245367722261,0.10397426537430988
bge-m3,gad,MB_288.3,Generalized anxiety disorder,A,7,7,6009,648,0.10783824263604593,0.10024477656430465,0.11593279401862815,0.10142255306855281,0.09361554182797915,0.10922956430912648
bge-m3,gad,MB_288.3,Generalized anxiety disorder,A,8,8,5994,743,0.12395729062395729,0.11585498105103008,0.13254129102368695,0.11426296091094887,0.10595747837143848,0.12256844345045925
bge-m3,gad,MB_288.3,Generalized anxiety disorder,A,9,9,6038,816,0.13514408744617423,0.12675241811099333,0.1439997143331088,0.12255142282632646,0.11392749283720018,0.13117535281545276
bge-m3,gad,MB_288.3,Generalized anxiety disorder,A,10,10,5894,884,0.1499830335934849,0.14109568356319527,0.1593263388384342,0.13489401344535656,0.1257659958046899,0.14402203108602324
bge-m3,adhd,MB_304,Attention-deficit hyperactivity disorder,A,1,1,6535,44,0.006732976281560827,0.005019551549768943,0.00902597309841679,0.022419338606924556,0.02042581691708807,0.02441286029676104
bge-m3,adhd,MB_304,Attention-deficit hyperactivity disorder,A,2,2,6412,66,0.010293200249532126,0.008099334285415047,0.01307348610796514,0.02040612200196407,0.017920853735471975,0.022891390268456165
bge-m3,adhd,MB_304,Attention-deficit hyperactivity disorder,A,3,3,6288,83,0.013199745547073791,0.0106612918569808,0.016332627171534296,0.01880515755365126,0.01596819768610442,0.0216421174211981
bge-m3,adhd,MB_304,Attention-deficit hyperactivity disorder,A,4,4,6213,147,0.023660067600193145,0.020164870738436542,0.027743936467158788,0.026209623641304025,0.02242222078876651,0.02999702649384154
bge-m3,adhd,MB_304,Attention-deficit hyperactivity disorder,A,5,5,6198,196,0.03162310422717005,0.027548326415403068,0.03627811311965381,0.031047334544103043,0.02669901012440872,0.035395658963797365
bge-m3,adhd,MB_304,Attention-deficit hyperactivity disorder,A,6,6,6050,238,0.03933884297520661,0.034725456726002496,0.04453685335272346,0.03710431304944388,0.0322371603549426,0.04197146574394516
bge-m3,adhd,MB_304,Attention-deficit hyperactivity disorder,A,7,7,6009,304,0.050590780495922784,0.04533096060937748,0.05642483372934946,0.04591714219992985,0.04041881043544396,0.051415473964415745
bge-m3,adhd,MB_304,Attention-deficit hyperactivity disorder,A,8,8,5994,387,0.06456456456456457,0.05861771204653785,0.07106918685098276,0.05709163709253979,0.050930854931028266,0.06325241925405131
bge-m3,adhd,MB_304,Attention-deficit hyperactivity disorder,A,9,9,6038,435,0.07204372308711494,0.0657904813757866,0.07884116194493966,0.06253320112233898,0.056049379595530864,0.0690170226491471
bge-m3,adhd,MB_304,Attention-deficit hyperactivity disorder,A,10,10,5894,440,0.07465218866644045,0.06821578684307023,0.08164267663772723,0.06259705183307504,0.055923763939639465,0.06927033972651062
bge-m3,ptsd,MB_290.1,Posttraumatic stress disorder,B,1,1,6535,25,0.0038255547054322878,0.0025926407830138922,0.005641456835023099,0.012636768642060911,0.011103514731421883,0.014170022552699939
bge-m3,ptsd,MB_290.1,Posttraumatic stress disorder,B,2,2,6412,52,0.008109794135995009,0.0061900241971861525,0.010618598580113568,0.013467220696722768,0.011245335360310825,0.01568910603313471
bge-m3,ptsd,MB_290.1,Posttraumatic stress disorder,B,3,3,6288,66,0.01049618320610687,0.008259212778997549,0.01333088286614112,0.013362155917842334,0.01082178922212643,0.015902522613558238
bge-m3,ptsd,MB_290.1,Posttraumatic stress disorder,B,4,4,6213,108,0.017382906808305166,0.014418711171086458,0.02094353191253496,0.01888031657817756,0.015611730243429272,0.022148902912925848
bge-m3,ptsd,MB_290.1,Posttraumatic stress disorder,B,5,5,6198,131,0.021135850274282025,0.017840393930947777,0.025024529437997736,0.02081410583923093,0.01721724125570176,0.024410970422760102
bge-m3,ptsd,MB_290.1,Posttraumatic stress disorder,B,6,6,6050,209,0.034545454545454546,0.0302309543344667,0.03945066216416706,0.03337734597063145,0.02876235822088371,0.0379923337203792
bge-m3,ptsd,MB_290.1,Posttraumatic stress disorder,B,7,7,6009,284,0.0472624396738226,0.042180331972389754,0.05292303351492987,0.04477901402296029,0.03941458644446915,0.050143441601451434
bge-m3,ptsd,MB_290.1,Posttraumatic stress disorder,B,8,8,5994,408,0.06806806806806807,0.06196467406058626,0.07472474404120719,0.0643294266244346,0.05794938727616957,0.07070946597269961
bge-m3,ptsd,MB_290.1,Posttraumatic stress disorder,B,9,9,6038,568,0.09407088439880755,0.0869634319739364,0.10169452382292894,0.0889506506139747,0.08159291784062318,0.09630838338732621
bge-m3,ptsd,MB_290.1,Posttraumatic stress disorder,B,10,10,5894,842,0.14285714285714285,0.13415616368834318,0.1520233598964508,0.13574003673791246,0.12680406860612423,0.1446760048697007
bge-m3,panic,MB_288.2,Panic disorder,B,1,1,6535,41,0.006273909716908952,0.004628294041961319,0.00849963686462198,0.012626804058284157,0.010708610276120443,0.014544997840447872
bge-m3,panic,MB_288.2,Panic disorder,B,2,2,6412,60,0.009357454772301934,0.00727707010770689,0.01202537987878167,0.013106550869649585,0.01074561111871149,0.015467490620587679
bge-m3,panic,MB_288.2,Panic disorder,B,3,3,6288,73,0.01160941475826972,0.009244010394016901,0.01457118899721794,0.013555557844094145,0.010905038098443235,0.016206077589745054
bge-m3,panic,MB_288.2,Panic disorder,B,4,4,6213,95,0.01529051987767584,0.012525157583295704,0.018654897459667745,0.016150257239373737,0.013102526480318101,0.019197987998429374
bge-m3,panic,MB_288.2,Panic disorder,B,5,5,6198,112,0.0180703452726686,0.015040232265156193,0.021697478686002917,0.017706575768246555,0.01438935357475714,0.021023797961735972
bge-m3,panic,MB_288.2,Panic disorder,B,6,6,6050,133,0.021983471074380166,0.01858072870278282,0.02599286324112657,0.021040479341452114,0.017344826686884623,0.024736131996019605
bge-m3,panic,MB_288.2,Panic disorder,B,7,7,6009,177,0.02945581627558662,0.02547220137505956,0.034040669757230906,0.027590358849239553,0.023318970118487117,0.03186174757999199
bge-m3,panic,MB_288.2,Panic disorder,B,8,8,5994,208,0.03470136803470137,0.03035794966275215,0.03964080935072867,0.03199425922328263,0.02736410938198279,0.036624409064582475
bge-m3,panic,MB_288.2,Panic disorder,B,9,9,6038,254,0.042066909572706195,0.037287943354349866,0.047428192010126956,0.038440878710747604,0.03338040473772654,0.04350135268376867
bge-m3,panic,MB_288.2,Panic disorder,B,10,10,5894,314,0.05327451645741432,0.047826536142442214,0.059304430887848855,0.04888961604321683,0.04315808531201281,0.05462114677442085
bge-m3,hyperchol,EM_239.1,Hypercholesterolemia,C,1,1,5086,1811,0.35607550137632715,0.3430288698912652,0.3693393812955262,0.26533761952830537,0.2525198935850997,0.27815534547151105
bge-m3,hyperchol,EM_239.1,Hypercholesterolemia,C,2,2,4973,1631,0.3279710436356324,0.31505998779864364,0.341147666365891,0.2743395072539767,0.2617964932575032,0.2868825212504502
bge-m3,hyperchol,EM_239.1,Hypercholesterolemia,C,3,3,4747,1411,0.2972403623341057,0.2844069648745929,0.3104016565746926,0.26962128292963555,0.2572021042135414,0.2820404616457297
bge-m3,hyperchol,EM_239.1,Hypercholesterolemia,C,4,4,4725,1357,0.28719576719576717,0.2744717809043121,0.30026549513121326,0.27416195102533975,0.26199736691751546,0.28632653513316403
bge-m3,hyperchol,EM_239.1,Hypercholesterolemia,C,5,5,4619,1235,0.2673738904524789,0.25480738881839976,0.2803270043649549,0.2717711136948823,0.2596484707770343,0.28389375661273036
bge-m3,hyperchol,EM_239.1,Hypercholesterolemia,C,6,6,4508,1156,0.25643300798580304,0.24389726695823152,0.2693835032077275,0.2698581180104435,0.257715961320533,0.28200027470035405
bge-m3,hyperchol,EM_239.1,Hypercholesterolemia,C,7,7,4445,1158,0.2605174353205849,0.2478250213303839,0.27362342324166483,0.28984000289173856,0.2778342408509131,0.30184576493256404
bge-m3,hyperchol,EM_239.1,Hypercholesterolemia,C,8,8,4320,1018,0.23564814814814813,0.22323078823645084,0.2485352277656859,0.2779510160522741,0.26598418081847813,0.2899178512860701
bge-m3,hyperchol,EM_239.1,Hypercholesterolemia,C,9,9,4341,999,0.23013130615065652,0.21785187199452324,0.24288794505664427,0.2858588456508232,0.2741180635067375,0.2975996277949089
bge-m3,hyperchol,EM_239.1,Hypercholesterolemia,C,10,10,4163,934,0.22435743454239732,0.21194282367818332,0.23728028148498828,0.2928329155718794,0.2808080845282148,0.304857746615544
bge-m3,asthma,RE_475,Asthma,C,1,1,6535,599,0.09166029074215762,0.08490228249424701,0.09889808435038884,0.09699625085740479,0.09001074294447045,0.10398175877033913
bge-m3,asthma,RE_475,Asthma,C,2,2,6412,655,0.10215221459762945,0.09497611338813965,0.10980473528176891,0.10407140712907419,0.09667742841104206,0.11146538584710632
bge-m3,asthma,RE_475,Asthma,C,3,3,6288,691,0.10989185750636132,0.10239843386870194,0.1178616391064524,0.11033773951287185,0.10262337705175568,0.11805210197398801
bge-m3,asthma,RE_475,Asthma,C,4,4,6213,731,0.11765652663769516,0.10988008060740305,0.1259054816554426,0.11731063800867213,0.10929072402696208,0.12533055199038218
bge-m3,asthma,RE_475,Asthma,C,5,5,6198,758,0.122297515327525,0.1143741197195861,0.13068881343631056,0.12128071597085363,0.11316106913287033,0.12940036280883693
bge-m3,asthma,RE_475,Asthma,C,6,6,6050,794,0.1312396694214876,0.12296464863677295,0.13998268318441023,0.1300666642997972,0.12158825495354111,0.1385450736460533
bge-m3,asthma,RE_475,Asthma,C,7,7,6009,874,0.145448493925778,0.1367610167779866,0.15458899982584887,0.14374500880794958,0.1348754327429332,0.15261458487296595
bge-m3,asthma,RE_475,Asthma,C,8,8,5994,911,0.1519853186519853,0.14311988972037143,0.1612965359885281,0.15052096676172988,0.1414759279885428,0.15956600553491695
bge-m3,asthma,RE_475,Asthma,C,9,9,6038,973,0.1611460748592249,0.15208823413475173,0.17063480852554466,0.1588780785229652,0.14962768296958548,0.16812847407634493
bge-m3,asthma,RE_475,Asthma,C,10,10,5894,1034,0.17543264336613507,0.16593508296705806,0.18535300663755522,0.1751400527164674,0.16547060345373302,0.1848095019792018
bge-m3,breast,CA_105,Breast cancer,C,1,1,2548,278,0.10910518053375197,0.0975828885035124,0.12180435318144925,0.08821408694627478,0.07617652118130167,0.10025165271124789
bge-m3,breast,CA_105,Breast cancer,C,2,2,2579,293,0.11360992632803413,0.10193285528888708,0.1264363529151556,0.10119240489957954,0.08900057859819802,0.11338423120096106
bge-m3,breast,CA_105,Breast cancer,C,3,3,2554,237,0.0927956147220047,0.0821463759262121,0.1046679620860766,0.08668674694960868,0.07550151095940418,0.09787198293981318
bge-m3,breast,CA_105,Breast cancer,C,4,4,2447,244,0.09971393543114017,0.08846274373323437,0.11221994714380035,0.09680254715261,0.08506246379589444,0.10854263050932556
bge-m3,breast,CA_105,Breast cancer,C,5,5,2347,203,0.08649339582445675,0.07578626727372281,0.09855192866584037,0.08851414286290461,0.07730499352046212,0.0997232922053471
bge-m3,breast,CA_105,Breast cancer,C,6,6,2270,201,0.08854625550660793,0.07754399121454615,0.1009387509731899,0.09163822204910037,0.08005256519187934,0.1032238789063214
bge-m3,breast,CA_105,Breast cancer,C,7,7,2203,188,0.08533817521561507,0.0743812510306642,0.0977387068179831,0.09092388546527114,0.07934955341797618,0.10249821751256609
bge-m3,breast,CA_105,Breast cancer,C,8,8,2095,155,0.07398568019093078,0.06354027753776482,0.08599053030542343,0.08460182374690348,0.07344960187079103,0.09575404562301593
bge-m3,breast,CA_105,Breast cancer,C,9,9,2047,125,0.06106497313141182,0.051491337177111754,0.07228295935957071,0.0743034357128489,0.0639639050460575,0.0846429663796403
bge-m3,breast,CA_105,Breast cancer,C,10,10,1806,106,0.058693244739756366,0.048760521692930985,0.07049934928754291,0.07783764061377982,0.06707290532190976,0.08860237590564987
bge-m3,prostate,CA_107.2,Prostate cancer,C,1,1,2140,296,0.1383177570093458,0.12433763838854528,0.1535940418730256,0.11609418584666738,0.10165542399798218,0.13053294769535256
bge-m3,prostate,CA_107.2,Prostate cancer,C,2,2,1732,207,0.1195150115473441,0.10507344412084776,0.1356406238278368,0.10711483496538349,0.09197951753741612,0.12225015239335085
bge-m3,prostate,CA_107.2,Prostate cancer,C,3,3,1457,176,0.12079615648592999,0.10505200053438639,0.1385346369600049,0.11302622113535034,0.09657615354508925,0.12947628872561143
bge-m3,prostate,CA_107.2,Prostate cancer,C,4,4,1291,154,0.1192873741285825,0.10272630838747808,0.1381073911688503,0.11704122293970114,0.09972129575633183,0.13436115012307043
bge-m3,prostate,CA_107.2,Prostate cancer,C,5,5,1155,137,0.11861471861471862,0.10122001634060973,0.13853793911734755,0.12018729368804966,0.10196503039568944,0.13840955698040988
bge-m3,prostate,CA_107.2,Prostate cancer,C,6,6,1117,119,0.10653536257833482,0.08977178940147572,0.12599597772116108,0.1118487135159046,0.09432315329157118,0.12937427374023802
bge-m3,prostate,CA_107.2,Prostate cancer,C,7,7,1005,100,0.09950248756218906,0.082493462767566,0.11956153515781245,0.11304837738732144,0.09510427050283969,0.1309924842718032
bge-m3,prostate,CA_107.2,Prostate cancer,C,8,8,905,102,0.112707182320442,0.09371957426474158,0.13496878149879346,0.12282383960449271,0.10301727730978844,0.14263040189919698
bge-m3,prostate,CA_107.2,Prostate cancer,C,9,9,864,75,0.08680555555555555,0.06981349909888193,0.10745558306689479,0.11329869972967756,0.09509350887104383,0.1315038905883113
bge-m3,prostate,CA_107.2,Prostate cancer,C,10,10,863,72,0.08342989571263036,0.0667749687384755,0.10377693249625905,0.11801334557242164,0.10021895492146075,0.13580773622338255
bge-large-en-v1.5,gad,MB_288.3,Generalized anxiety disorder,A,1,1,6573,171,0.02601551802829758,0.022435334420440236,0.030149399610859152,0.04750536608986074,0.04364937258960688,0.05136135959011459
bge-large-en-v1.5,gad,MB_288.3,Generalized anxiety disorder,A,2,2,6331,257,0.04059390301690096,0.036004782398663324,0.04574019294800373,0.05360772317313991,0.048745995903307554,0.05846945044297226
bge-large-en-v1.5,gad,MB_288.3,Generalized anxiety disorder,A,3,3,6313,375,0.05940123554569935,0.053833968251858294,0.0655043852256406,0.06663134453959957,0.06081100915477049,0.07245167992442865
bge-large-en-v1.5,gad,MB_288.3,Generalized anxiety disorder,A,4,4,6255,445,0.07114308553157474,0.06503229654070637,0.07778030939500315,0.07322350516683351,0.06687952408799196,0.07956748624567507
bge-large-en-v1.5,gad,MB_288.3,Generalized anxiety disorder,A,5,5,6147,546,0.08882381649585164,0.08196635164697653,0.09619487494406061,0.0887967246422686,0.0817190614723796,0.09587438781215761
bge-large-en-v1.5,gad,MB_288.3,Generalized anxiety disorder,A,6,6,6039,572,0.0947176684881603,0.08758777765423331,0.10236283857354944,0.09035858490653738,0.08301049235388633,0.09770667745918843
bge-large-en-v1.5,gad,MB_288.3,Generalized anxiety disorder,A,7,7,6091,682,0.11196847808241668,0.10429284726387497,0.12013324619719473,0.10520795857642154,0.09732055287211379,0.11309536428072929
bge-large-en-v1.5,gad,MB_288.3,Generalized anxiety disorder,A,8,8,6016,702,0.11668882978723404,0.10881962934235086,0.12504723716860264,0.10685259778507733,0.0987568844269677,0.11494831114318696
bge-large-en-v1.5,gad,MB_288.3,Generalized anxiety disorder,A,9,9,6001,817,0.13614397600399933,0.12769966576249256,0.1450538232507588,0.12439825722853219,0.11573146852984406,0.13306504592722032
bge-large-en-v1.5,gad,MB_288.3,Generalized anxiety disorder,A,10,10,5865,861,0.14680306905370843,0.1379768111709395,0.1560916980864688,0.13231546874102845,0.12325193970932125,0.14137899777273566
bge-large-en-v1.5,adhd,MB_304,Attention-deficit hyperactivity disorder,A,1,1,6573,47,0.007150464019473604,0.005381754789719027,0.009494908954268893,0.022796500043202036,0.02075043207473627,0.024842568011667805
bge-large-en-v1.5,adhd,MB_304,Attention-deficit hyperactivity disorder,A,2,2,6331,62,0.009793081661664824,0.007647241449160411,0.012533446530341478,0.01965918661307305,0.017228308053427156,0.022090065172718942
bge-large-en-v1.5,adhd,MB_304,Attention-deficit hyperactivity disorder,A,3,3,6313,102,0.016157136068430222,0.01332832279113377,0.019574427774036247,0.021968622481540613,0.01884017520075701,0.025097069762324217
bge-large-en-v1.5,adhd,MB_304,Attention-deficit hyperactivity disorder,A,4,4,6255,159,0.02541966426858513,0.021800707434516182,0.02962118286190648,0.027448021000290167,0.02355023282060563,0.031345809179974704
bge-large-en-v1.5,adhd,MB_304,Attention-deficit hyperactivity disorder,A,5,5,6147,163,0.026517000162680982,0.02278663549199587,0.030838784881184574,0.02670439895566875,0.022689687773626205,0.030719110137711295
bge-large-en-v1.5,adhd,MB_304,Attention-deficit hyperactivity disorder,A,6,6,6039,271,0.04487497930120881,0.039936421399539394,0.05039218685462237,0.041739293120324095,0.03654400055005571,0.04693458569059248
bge-large-en-v1.5,adhd,MB_304,Attention-deficit hyperactivity disorder,A,7,7,6091,295,0.048432112953538005,0.04331965538126609,0.05411379926847884,0.043471410779735875,0.03812581520663338,0.04881700635283837
bge-large-en-v1.5,adhd,MB_304,Attention-deficit hyperactivity disorder,A,8,8,6016,382,0.06349734042553191,0.057609491561749104,0.06994228270441047,0.05601872687682184,0.04989517212863575,0.062142281625007935
bge-large-en-v1.5,adhd,MB_304,Attention-deficit hyperactivity disorder,A,9,9,6001,436,0.0726545575737377,0.06635702876518812,0.07949885517091593,0.06371387058247825,0.05720200343464048,0.07022573773031603
bge-large-en-v1.5,adhd,MB_304,Attention-deficit hyperactivity disorder,A,10,10,5865,423,0.0721227621483376,0.0657785017054046,0.07902715795255637,0.06052267976742916,0.053946611271365005,0.06709874826349331
bge-large-en-v1.5,ptsd,MB_290.1,Posttraumatic stress disorder,B,1,1,6573,29,0.004411988437547543,0.0030737536328179216,0.0063291579726893026,0.013120747285747001,0.01148706034967206,0.014754434221821941
bge-large-en-v1.5,ptsd,MB_290.1,Posttraumatic stress disorder,B,2,2,6331,50,0.0078976465013426,0.005995973419946345,0.010396143029268457,0.013182558741987132,0.010979511457564557,0.015385606026409707
bge-large-en-v1.5,ptsd,MB_290.1,Posttraumatic stress disorder,B,3,3,6313,63,0.009979407571677491,0.007808190615251043,0.01274661667672914,0.012981190471053259,0.01050518623880612,0.015457194703300398
bge-large-en-v1.5,ptsd,MB_290.1,Posttraumatic stress disorder,B,4,4,6255,104,0.01662669864108713,0.013741673563220229,0.020105079110262655,0.017857044703905423,0.014669712821426121,0.021044376586384722
bge-large-en-v1.5,ptsd,MB_290.1,Posttraumatic stress disorder,B,5,5,6147,141,0.022938018545632016,0.01948284201422326,0.026989085573597277,0.022995357419174,0.01923567903973446,0.026755035798613536
bge-large-en-v1.5,ptsd,MB_290.1,Posttraumatic stress disorder,B,6,6,6039,199,0.032952475575426396,0.028738738226350716,0.03776002094441999,0.03127899697317166,0.026766075815829935,0.035791918130513384
bge-large-en-v1.5,ptsd,MB_290.1,Posttraumatic stress disorder,B,7,7,6091,299,0.04908881956985717,0.04394147378877704,0.054804566275038435,0.046562260481123295,0.04112495736688669,0.0519995635953599
bge-large-en-v1.5,ptsd,MB_290.1,Posttraumatic stress disorder,B,8,8,6016,410,0.06815159574468085,0.06205521665358732,0.07479912818399173,0.06442537701797478,0.05805867214697769,0.07079208188897186
bge-large-en-v1.5,ptsd,MB_290.1,Posttraumatic stress disorder,B,9,9,6001,582,0.09698383602732878,0.0897521663902975,0.10473114626303363,0.09212980655266739,0.08464917007707602,0.09961044302825876
bge-large-en-v1.5,ptsd,MB_290.1,Posttraumatic stress disorder,B,10,10,5865,816,0.1391304347826087,0.1305092449296826,0.14822404005380987,0.13219802011913345,0.12334292927657153,0.14105311096169537
bge-large-en-v1.5,panic,MB_288.2,Panic disorder,B,1,1,6573,41,0.006237638825498251,0.004601518142963828,0.008450561554863862,0.012573635762258215,0.010666182235918456,0.014481089288597973
bge-large-en-v1.5,panic,MB_288.2,Panic disorder,B,2,2,6331,60,0.00947717580161112,0.007370260836263527,0.012178998554857181,0.013213128395000455,0.010822953485625026,0.015603303304375885
bge-large-en-v1.5,panic,MB_288.2,Panic disorder,B,3,3,6313,68,0.010771424045620148,0.008506053321483988,0.013631823620905148,0.012774058594001781,0.010225400405405066,0.015322716782598497
bge-large-en-v1.5,panic,MB_288.2,Panic disorder,B,4,4,6255,95,0.015187849720223821,0.012440950335045923,0.018529870727410448,0.0157499736399347,0.012717381005776515,0.018782566274092884
bge-large-en-v1.5,panic,MB_288.2,Panic disorder,B,5,5,6147,125,0.02033512282414186,0.017094690542041782,0.024174696838244275,0.020287292383495758,0.016758203866203546,0.02381638090078797
bge-large-en-v1.5,panic,MB_288.2,Panic disorder,B,6,6,6039,140,0.023182646133465806,0.019679511888078857,0.0272920098393575,0.02190768839800154,0.018114748605601822,0.025700628190401257
bge-large-en-v1.5,panic,MB_288.2,Panic disorder,B,7,7,6091,164,0.026924971269085538,0.02314855387621744,0.03129772846271731,0.024988453394629816,0.020929035057924237,0.029047871731335394
bge-large-en-v1.5,panic,MB_288.2,Panic disorder,B,8,8,6016,229,0.038065159574468085,0.033517116309333836,0.04320275447728365,0.03530566848498031,0.030471267768382226,0.04014006920157839
bge-large-en-v1.5,panic,MB_288.2,Panic disorder,B,9,9,6001,243,0.04049325112481253,0.03579300601295172,0.0457814139339412,0.03711248930774828,0.03212963121536508,0.042095347400131475
bge-large-en-v1.5,panic,MB_288.2,Panic disorder,B,10,10,5865,302,0.05149190110826939,0.046123777212682814,0.05744716828652672,0.04726689226925769,0.04161384936385637,0.05291993517465901
bge-large-en-v1.5,hyperchol,EM_239.1,Hypercholesterolemia,C,1,1,5128,1810,0.3529641185647426,0.3399987423534996,0.36614962328039635,0.26241069798747046,0.24965996765369824,0.2751614283212427
bge-large-en-v1.5,hyperchol,EM_239.1,Hypercholesterolemia,C,2,2,4909,1607,0.3273579140354451,0.31437066167856415,0.3406151516869727,0.27400513106856567,0.2614479420174764,0.28656232011965493
bge-large-en-v1.5,hyperchol,EM_239.1,Hypercholesterolemia,C,3,3,4791,1471,0.30703402212481734,0.2941317033932228,0.3202455360095169,0.2785173980546219,0.26612104365124384,0.29091375245799994
bge-large-en-v1.5,hyperchol,EM_239.1,Hypercholesterolemia,C,4,4,4716,1370,0.29050042408821036,0.2777179017771185,0.3036239680262044,0.28214074445790827,0.2699059848051468,0.2943755041106697
bge-large-en-v1.5,hyperchol,EM_239.1,Hypercholesterolemia,C,5,5,4602,1233,0.26792698826597133,0.2553288321367889,0.28091226103388034,0.267100180431821,0.25482980082340184,0.27937056004024013
bge-large-en-v1.5,hyperchol,EM_239.1,Hypercholesterolemia,C,6,6,4500,1108,0.24622222222222223,0.2338550422578362,0.2590223112520007,0.2663661525810829,0.2544299658077237,0.27830233935444215
bge-large-en-v1.5,hyperchol,EM_239.1,Hypercholesterolemia,C,7,7,4450,1142,0.25662921348314605,0.24401006741302073,0.26966817641381496,0.28611868171205507,0.27411774270412453,0.2981196207199856
bge-large-en-v1.5,hyperchol,EM_239.1,Hypercholesterolemia,C,8,8,4375,1069,0.24434285714285714,0.23183802680316043,0.25729625197670947,0.285876851445463,0.2739420365474451,0.2978116663434809
bge-large-en-v1.5,hyperchol,EM_239.1,Hypercholesterolemia,C,9,9,4322,956,0.2211938917167978,0.2090705863321183,0.23381237114380152,0.2745836270355891,0.262836281737594,0.2863309723335842
bge-large-en-v1.5,hyperchol,EM_239.1,Hypercholesterolemia,C,10,10,4134,944,0.22835026608611514,0.2158099282003906,0.24139498834389214,0.2940932839039663,0.2819713604088911,0.30621520739904146
bge-large-en-v1.5,asthma,RE_475,Asthma,C,1,1,6573,605,0.0920432070591815,0.08529079578765626,0.09927218424923324,0.09752220975805279,0.09055022273039096,0.10449419678571462
bge-large-en-v1.5,asthma,RE_475,Asthma,C,2,2,6331,646,0.1020375927973464,0.09482101225052764,0.1097368235362792,0.1042835462023803,0.09683731124036178,0.11172978116439881
bge-large-en-v1.5,asthma,RE_475,Asthma,C,3,3,6313,738,0.11690163155393632,0.10920775604275777,0.12506145405443117,0.11720848591753223,0.10929670468293588,0.12512026715212857
bge-large-en-v1.5,asthma,RE_475,Asthma,C,4,4,6255,740,0.11830535571542766,0.11053486328418044,0.1265443899018425,0.11718879168896847,0.10920002391727694,0.12517755946065998
bge-large-en-v1.5,asthma,RE_475,Asthma,C,5,5,6147,715,0.11631690255409143,0.10854076956837849,0.12457228796474162,0.11570228153156514,0.10771095679474071,0.12369360626838957
bge-large-en-v1.5,asthma,RE_475,Asthma,C,6,6,6039,836,0.1384335154826958,0.12995285103899637,0.14737387849455366,0.13715891490839321,0.12846912768479218,0.14584870213199425
bge-large-en-v1.5,asthma,RE_475,Asthma,C,7,7,6091,824,0.13528156296174684,0.12692171547170486,0.144101160188869,0.13352615970574574,0.12497674851118193,0.14207557090030956
bge-large-en-v1.5,asthma,RE_475,Asthma,C,8,8,6016,973,0.16173537234042554,0.15264731884190505,0.17125514141385836,0.15992417520550617,0.15066435771221187,0.16918399269880047
bge-large-en-v1.5,asthma,RE_475,Asthma,C,9,9,6001,961,0.1601399766705549,0.1510790619380547,0.16963572663191379,0.1582647576433364,0.14902051872594274,0.16750899656073004
bge-large-en-v1.5,asthma,RE_475,Asthma,C,10,10,5865,982,0.16743393009377663,0.1580969407501873,0.1772062826659724,0.1672858007695099,0.15776744385547614,0.17680415768354368
bge-large-en-v1.5,breast,CA_105,Breast cancer,C,1,1,2491,263,0.1055800883179446,0.09411375370184451,0.11826104750852205,0.08509701869209892,0.07307910478366991,0.09711493260052792
bge-large-en-v1.5,breast,CA_105,Breast cancer,C,2,2,2580,301,0.11666666666666667,0.10484545337584167,0.12962770162322781,0.10458261440462319,0.09226482096919097,0.1169004078400554
bge-large-en-v1.5,breast,CA_105,Breast cancer,C,3,3,2532,264,0.10426540284360189,0.0929552725108617,0.1167745025973667,0.09716278983553721,0.08535887068473356,0.10896670898634085
bge-large-en-v1.5,breast,CA_105,Breast cancer,C,4,4,2516,265,0.10532591414944356,0.0939268478161108,0.11792832942122985,0.10281815997173556,0.09093153185059395,0.11470478809287717
bge-large-en-v1.5,breast,CA_105,Breast cancer,C,5,5,2369,197,0.08315745040101309,0.07270187223690554,0.09496270450597681,0.08409250383708111,0.07309994920644329,0.09508505846771893
bge-large-en-v1.5,breast,CA_105,Breast cancer,C,6,6,2253,185,0.0821127385707945,0.07147518179464109,0.09417290013425401,0.08707646799055115,0.07581879527456044,0.09833414070654185
bge-large-en-v1.5,breast,CA_105,Breast cancer,C,7,7,2229,193,0.08658591296545536,0.07561071923032975,0.09898361093613686,0.09261690725942726,0.08106346508490121,0.1041703494339533
bge-large-en-v1.5,breast,CA_105,Breast cancer,C,8,8,2100,134,0.06380952380952382,0.054131660862739524,0.07508028984472774,0.0735881020448886,0.06312707031954301,0.08404913377023418
bge-large-en-v1.5,breast,CA_105,Breast cancer,C,9,9,2024,131,0.06472332015810277,0.054807619319869806,0.07628816122894758,0.07734655807433626,0.0667158273073892,0.08797728884128331
bge-large-en-v1.5,breast,CA_105,Breast cancer,C,10,10,1802,97,0.05382907880133185,0.044326188058114877,0.06523019514944375,0.07245701932899175,0.062118910058621385,0.08279512859936211
bge-large-en-v1.5,prostate,CA_107.2,Prostate cancer,C,1,1,2196,297,0.13524590163934427,0.12157772439657127,0.15018797783968046,0.11308502808572644,0.0989412530456673,0.12722880312578558
bge-large-en-v1.5,prostate,CA_107.2,Prostate cancer,C,2,2,1658,206,0.12424607961399277,0.10923153167967839,0.14099778872807492,0.11089899827455069,0.0952491442993955,0.12654885224970588
bge-large-en-v1.5,prostate,CA_107.2,Prostate cancer,C,3,3,1496,201,0.13435828877005349,0.11800995620912272,0.15257961609407641,0.12701786769559428,0.11007796674076332,0.14395776865042526
bge-large-en-v1.5,prostate,CA_107.2,Prostate cancer,C,4,4,1245,144,0.11566265060240964,0.09906771516270138,0.13462204329769256,0.11392191692719861,0.09651089419842364,0.1313329396559736
bge-large-en-v1.5,prostate,CA_107.2,Prostate cancer,C,5,5,1185,123,0.10379746835443038,0.08769315427330199,0.1224622512392192,0.10388740162958673,0.08693430089190075,0.12084050236727271
bge-large-en-v1.5,prostate,CA_107.2,Prostate cancer,C,6,6,1048,107,0.10209923664122138,0.085197027971529,0.12190781377238269,0.11105254040894835,0.09318643907910812,0.1289186417387886
bge-large-en-v1.5,prostate,CA_107.2,Prostate cancer,C,7,7,1009,115,0.11397423191278494,0.09581305568003373,0.13506360999237926,0.12572088555286975,0.1066456948723376,0.1447960762334019
bge-large-en-v1.5,prostate,CA_107.2,Prostate cancer,C,8,8,921,85,0.09229098805646037,0.07525394720834441,0.11271498218154,0.10396655017790353,0.08600097861398504,0.12193212174182202
bge-large-en-v1.5,prostate,CA_107.2,Prostate cancer,C,9,9,901,92,0.10210876803551609,0.08399680296564974,0.12359918751154883,0.12742320335269136,0.10831632939591024,0.14653007730947248
bge-large-en-v1.5,prostate,CA_107.2,Prostate cancer,C,10,10,870,68,0.07816091954022988,0.06212169518894231,0.09790900312597053,0.11153990436834553,0.0942865412666239,0.12879326747006714
all-mpnet-base-v2,gad,MB_288.3,Generalized anxiety disorder,A,1,1,6599,179,0.02712532201848765,0.023472480995202792,0.031328389377747505,0.04819178385848927,0.04427156789472155,0.052111999822256984
all-mpnet-base-v2,gad,MB_288.3,Generalized anxiety disorder,A,2,2,6349,268,0.04221137186958576,0.037536045569359903,0.04744033269781623,0.055291526040080564,0.050334820762865,0.060248231317296126
all-mpnet-base-v2,gad,MB_288.3,Generalized anxiety disorder,A,3,3,6275,349,0.055617529880478085,0.050214130663385356,0.06156468450140197,0.06286332096361731,0.05722132784544461,0.06850531408179002
all-mpnet-base-v2,gad,MB_288.3,Generalized anxiety disorder,A,4,4,6175,459,0.07433198380566802,0.06805078822946653,0.08114246507148468,0.07687493206827056,0.07037806764022358,0.08337179649631754
all-mpnet-base-v2,gad,MB_288.3,Generalized anxiety disorder,A,5,5,6180,536,0.08673139158576051,0.07996876605179051,0.09400746959962025,0.08589659406712,0.07891305912289306,0.09288012901134693
all-mpnet-base-v2,gad,MB_288.3,Generalized anxiety disorder,A,6,6,6069,566,0.09326083374526281,0.08619980012310327,0.10083644420699886,0.0890895919639853,0.0817937519107667,0.09638543201720391
all-mpnet-base-v2,gad,MB_288.3,Generalized anxiety disorder,A,7,7,5994,672,0.11211211211211211,0.10437202920085531,0.12034905889751074,0.10528555315985529,0.09732350696037673,0.11324759935933384
all-mpnet-base-v2,gad,MB_288.3,Generalized anxiety disorder,A,8,8,6010,714,0.11880199667221297,0.11086436657818594,0.12722662213032737,0.10917518637695035,0.10102149240677101,0.1173288803471297
all-mpnet-base-v2,gad,MB_288.3,Generalized anxiety disorder,A,9,9,6055,807,0.13327828241123038,0.12494962446744334,0.1420719620620735,0.12164504648339707,0.1130960786761164,0.13019401429067773
all-mpnet-base-v2,gad,MB_288.3,Generalized anxiety disorder,A,10,10,5925,878,0.1481856540084388,0.13936718621080882,0.15746002212094465,0.13408532619987384,0.12502281310949082,0.14314783929025687
all-mpnet-base-v2,adhd,MB_304,Attention-deficit hyperactivity disorder,A,1,1,6599,59,0.008940748598272466,0.006938048709323902,0.011514833983688586,0.024408116366242242,0.022130088594028614,0.02668614413845587
all-mpnet-base-v2,adhd,MB_304,Attention-deficit hyperactivity disorder,A,2,2,6349,75,0.011812883918727358,0.009434916163183727,0.014781249134979831,0.02161818155787108,0.0189478659855283,0.02428849713021386
all-mpnet-base-v2,adhd,MB_304,Attention-deficit hyperactivity disorder,A,3,3,6275,108,0.017211155378486057,0.014276054813378732,0.020737006166260227,0.023036099788177472,0.019814672942164185,0.02625752663419076
all-mpnet-base-v2,adhd,MB_304,Attention-deficit hyperactivity disorder,A,4,4,6175,146,0.023643724696356276,0.020139915346363876,0.02773984671745501,0.025881035431852932,0.02210907183232453,0.029652999031381334
all-mpnet-base-v2,adhd,MB_304,Attention-deficit hyperactivity disorder,A,5,5,6180,176,0.0284789644012945,0.024615754535902618,0.03292800062784481,0.0281010290326079,0.02397241790491763,0.03222964016029817
all-mpnet-base-v2,adhd,MB_304,Attention-deficit hyperactivity disorder,A,6,6,6069,242,0.03987477343878728,0.035236098338146095,0.04509556554348656,0.036870895663825114,0.031970968008598485,0.04177082331905174
all-mpnet-base-v2,adhd,MB_304,Attention-deficit hyperactivity disorder,A,7,7,5994,306,0.05105105105105105,0.04576092846014867,0.05691625350660532,0.045891099008007565,0.040353544350481205,0.051428653665533924
all-mpnet-base-v2,adhd,MB_304,Attention-deficit hyperactivity disorder,A,8,8,6010,369,0.061397670549084855,0.05560416341799098,0.06775150931690256,0.05410012064991533,0.048084120279100154,0.06011612102073051
all-mpnet-base-v2,adhd,MB_304,Attention-deficit hyperactivity disorder,A,9,9,6055,456,0.07530966143682907,0.0689287505150687,0.08222910121231368,0.06652061610314751,0.05991901932250365,0.07312221288379137
all-mpnet-base-v2,adhd,MB_304,Attention-deficit hyperactivity disorder,A,10,10,5925,403,0.0680168776371308,0.06188187960530858,0.07471166307884741,0.05685754551154805,0.05048632770865032,0.06322876331444577
all-mpnet-base-v2,ptsd,MB_290.1,Posttraumatic stress disorder,B,1,1,6599,36,0.005455372026064555,0.003943275176221557,0.007542909878136183,0.014066624617044804,0.0122643036753651,0.01586894555872451
all-mpnet-base-v2,ptsd,MB_290.1,Posttraumatic stress disorder,B,2,2,6349,48,0.00756024570798551,0.005707280850714471,0.010008751026913653,0.012826016669010069,0.010668328201046103,0.014983705136974034
all-mpnet-base-v2,ptsd,MB_290.1,Posttraumatic stress disorder,B,3,3,6275,63,0.0100398406374502,0.007855521016950423,0.012823685446789452,0.013076761489245584,0.010578468761875345,0.015575054216615824
all-mpnet-base-v2,ptsd,MB_290.1,Posttraumatic stress disorder,B,4,4,6175,90,0.014574898785425101,0.01187329553242675,0.01788009110238444,0.015823204163867132,0.012817211767262478,0.018829196560471786
all-mpnet-base-v2,ptsd,MB_290.1,Posttraumatic stress disorder,B,5,5,6180,148,0.02394822006472492,0.020421901985026514,0.028065993585235986,0.024024844314231013,0.020201194136898897,0.02784849449156313
all-mpnet-base-v2,ptsd,MB_290.1,Posttraumatic stress disorder,B,6,6,6069,207,0.034107760751359364,0.029827940390975853,0.03897699412122337,0.03246746811273263,0.02789114513604912,0.03704379108941614
all-mpnet-base-v2,ptsd,MB_290.1,Posttraumatic stress disorder,B,7,7,5994,264,0.044044044044044044,0.03913492906793202,0.04953721449027633,0.04143527404841605,0.03622900854349673,0.04664153955333537
all-mpnet-base-v2,ptsd,MB_290.1,Posttraumatic stress disorder,B,8,8,6010,414,0.06888519134775374,0.06275381781623177,0.07556733091522086,0.0652323918926997,0.05882610737705859,0.07163867640834082
all-mpnet-base-v2,ptsd,MB_290.1,Posttraumatic stress disorder,B,9,9,6055,585,0.09661436829066887,0.0894267949866729,0.10431345500132301,0.09172465500245341,0.08429345061296897,0.09915585939193786
all-mpnet-base-v2,ptsd,MB_290.1,Posttraumatic stress disorder,B,10,10,5925,838,0.14143459915611814,0.1327937982011122,0.15054004881294886,0.13462546910791137,0.12575380385001136,0.14349713436581138
all-mpnet-base-v2,panic,MB_288.2,Panic disorder,B,1,1,6599,38,0.0057584482497348086,0.004198402072709198,0.007893582776314172,0.011951527066623733,0.010123787756093154,0.013779266377154311
all-mpnet-base-v2,panic,MB_288.2,Panic disorder,B,2,2,6349,53,0.008347771302567333,0.006388074771179961,0.010902055888028797,0.01212207793105562,0.009882440009165327,0.014361715852945912
all-mpnet-base-v2,panic,MB_288.2,Panic disorder,B,3,3,6275,78,0.01243027888446215,0.009971874117082878,0.015485283851956686,0.014443280934907229,0.011699702469895249,0.017186859399919208
all-mpnet-base-v2,panic,MB_288.2,Panic disorder,B,4,4,6175,105,0.01700404858299595,0.014066736761457886,0.02054192900612322,0.01769933090352977,0.014475827083597253,0.02092283472346229
all-mpnet-base-v2,panic,MB_288.2,Panic disorder,B,5,5,6180,111,0.017961165048543688,0.014936923627325441,0.021584300337260554,0.017744848694539725,0.014431651268576325,0.021058046120503125
all-mpnet-base-v2,panic,MB_288.2,Panic disorder,B,6,6,6069,133,0.02191464821222607,0.018522466445263487,0.02591166882870506,0.020687009431655225,0.017006124734035476,0.024367894129274974
all-mpnet-base-v2,panic,MB_288.2,Panic disorder,B,7,7,5994,172,0.02869536202869536,0.02476137813619092,0.033233062241393614,0.02676723290459405,0.022540569858051262,0.03099389595113684
all-mpnet-base-v2,panic,MB_288.2,Panic disorder,B,8,8,6010,211,0.035108153078202996,0.030743902986170385,0.04006632069413789,0.03240034949533208,0.02774968769359358,0.037051011297070585
all-mpnet-base-v2,panic,MB_288.2,Panic disorder,B,9,9,6055,263,0.04343517753922378,0.03858396682624882,0.04886533556548696,0.040051400497800434,0.034922922423242485,0.04517987857235838
all-mpnet-base-v2,panic,MB_288.2,Panic disorder,B,10,10,5925,303,0.05113924050632911,0.04581539043205964,0.057044748957865286,0.046979087632574607,0.041371326174743525,0.05258684909040569
all-mpnet-base-v2,hyperchol,EM_239.1,Hypercholesterolemia,C,1,1,5142,1804,0.35083625048619216,0.3379079791374585,0.36398722842816844,0.2634161516618901,0.25073322835040124,0.27609907497337893
all-mpnet-base-v2,hyperchol,EM_239.1,Hypercholesterolemia,C,2,2,4890,1570,0.3210633946830266,0.3081223329248697,0.3342853717987647,0.26698305686913476,0.2544024228501087,0.2795636908881608
all-mpnet-base-v2,hyperchol,EM_239.1,Hypercholesterolemia,C,3,3,4781,1462,0.3057937669943526,0.29289387227471464,0.31900549451555515,0.2757769979711874,0.2633678870044169,0.2881861089379579
all-mpnet-base-v2,hyperchol,EM_239.1,Hypercholesterolemia,C,4,4,4681,1335,0.28519547105319376,0.27244138602822054,0.29830182531617977,0.27543967240872314,0.2631617619813717,0.28771758283607457
all-mpnet-base-v2,hyperchol,EM_239.1,Hypercholesterolemia,C,5,5,4659,1278,0.27430779137153893,0.26168624215322844,0.28730121141021536,0.2795431132483314,0.26742537473558337,0.2916608517610795
all-mpnet-base-v2,hyperchol,EM_239.1,Hypercholesterolemia,C,6,6,4506,1154,0.2561029738126942,0.24357015205846694,0.2690512959369062,0.2734957927785532,0.2614411152397115,0.2855504703173949
all-mpnet-base-v2,hyperchol,EM_239.1,Hypercholesterolemia,C,7,7,4350,1073,0.24666666666666667,0.23408379492280193,0.2596965779237762,0.2746098872780376,0.26254789304697584,0.28667188150909934
all-mpnet-base-v2,hyperchol,EM_239.1,Hypercholesterolemia,C,8,8,4384,1034,0.23585766423357665,0.22352548166767774,0.2486523484332128,0.27685092866890354,0.2650006167747694,0.2887012405630377
all-mpnet-base-v2,hyperchol,EM_239.1,Hypercholesterolemia,C,9,9,4368,1054,0.2413003663003663,0.2288424155852773,0.2542129464958746,0.2942460617127318,0.2823776612838513,0.30611446214161236
all-mpnet-base-v2,hyperchol,EM_239.1,Hypercholesterolemia,C,10,10,4166,946,0.2270763322131541,0.21460951010919888,0.240046015185022,0.2913697505592234,0.2792805081995076,0.30345899291893913
all-mpnet-base-v2,asthma,RE_475,Asthma,C,1,1,6599,622,0.0942567055614487,0.08744120853480077,0.10154431635658663,0.0992274405253405,0.09218624357531531,0.10626863747536568
all-mpnet-base-v2,asthma,RE_475,Asthma,C,2,2,6349,662,0.10426838872263348,0.09698886570388045,0.1120264965518498,0.10685781237122341,0.09935295252274433,0.11436267221970249
all-mpnet-base-v2,asthma,RE_475,Asthma,C,3,3,6275,689,0.109800796812749,0.10230272185213371,0.11777632743277996,0.11008761779434734,0.10236774268781376,0.11780749290088091
all-mpnet-base-v2,asthma,RE_475,Asthma,C,4,4,6175,718,0.1162753036437247,0.10851754967873856,0.12451018998137325,0.11573336873065536,0.10775449097793977,0.12371224648337095
all-mpnet-base-v2,asthma,RE_475,Asthma,C,5,5,6180,763,0.12346278317152104,0.11549414340467545,0.13189923966534525,0.12235785102135613,0.11417309643571166,0.1305426056070006
all-mpnet-base-v2,asthma,RE_475,Asthma,C,6,6,6069,826,0.13610149942329874,0.12770449400287429,0.14495888278587624,0.13491583719029332,0.12632401008915256,0.14350766429143408
all-mpnet-base-v2,asthma,RE_475,Asthma,C,7,7,5994,841,0.14030697364030698,0.1317448742152287,0.14932982081276144,0.13898185854052897,0.13022788801292837,0.14773582906812957
all-mpnet-base-v2,asthma,RE_475,Asthma,C,8,8,6010,914,0.15207986688851913,0.1432235760799864,0.16138063927990068,0.15025157971280742,0.1412043195628967,0.15929883986271814
all-mpnet-base-v2,asthma,RE_475,Asthma,C,9,9,6055,963,0.15904211395540876,0.15004709166614075,0.16846948810876924,0.15705786965312296,0.14788991662795672,0.1662258226782892
all-mpnet-base-v2,asthma,RE_475,Asthma,C,10,10,5925,1022,0.17248945147679326,0.16308249961866586,0.1823208094567804,0.17202938827369238,0.1624475656012038,0.18161121094618096
all-mpnet-base-v2,breast,CA_105,Breast cancer,C,1,1,2511,266,0.10593389088012745,0.09449273463439505,0.11857893117139305,0.08599505257918987,0.07400841980394093,0.0979816853544388
all-mpnet-base-v2,breast,CA_105,Breast cancer,C,2,2,2554,290,0.11354737666405638,0.10181910050201622,0.12643642990003082,0.10125102807611622,0.08900192770685847,0.11350012844537397
all-mpnet-base-v2,breast,CA_105,Breast cancer,C,3,3,2535,265,0.10453648915187377,0.09321869227728329,0.11705101834754854,0.09725861295166927,0.08546742719548611,0.10904979870785242
all-mpnet-base-v2,breast,CA_105,Breast cancer,C,4,4,2489,239,0.09602249899558056,0.08506274040424998,0.10822731306651122,0.09406216990378417,0.08264712436191776,0.10547721544565059
all-mpnet-base-v2,breast,CA_105,Breast cancer,C,5,5,2372,215,0.0906408094435076,0.07973940008019195,0.10286599105797659,0.09081445883713112,0.07934647280430654,0.10228244486995569
all-mpnet-base-v2,breast,CA_105,Breast cancer,C,6,6,2280,191,0.0837719298245614,0.07308818587721802,0.0958558786859563,0.08865507219426422,0.0773969912694,0.09991315311912843
all-mpnet-base-v2,breast,CA_105,Breast cancer,C,7,7,2126,165,0.07761053621825023,0.0669838900947501,0.08976085608774133,0.08323079264178802,0.07193066028390022,0.09453092499967583
all-mpnet-base-v2,breast,CA_105,Breast cancer,C,8,8,2096,151,0.07204198473282443,0.06173831714217863,0.08391146874414966,0.08087284344985565,0.06988007336663934,0.09186561353307196
all-mpnet-base-v2,breast,CA_105,Breast cancer,C,9,9,2132,147,0.06894934333958724,0.058951465871107465,0.08049776976518287,0.08298991930722247,0.07228806476906507,0.09369177384537986
all-mpnet-base-v2,breast,CA_105,Breast cancer,C,10,10,1801,101,0.0560799555802332,0.04636832252159111,0.06768128436680769,0.07432640676808305,0.0637393986713718,0.08491341486479431
all-mpnet-base-v2,prostate,CA_107.2,Prostate cancer,C,1,1,2163,293,0.13546000924641702,0.12168283413996851,0.15052972505013548,0.11407106358787293,0.09983962070757181,0.12830250646817404
all-mpnet-base-v2,prostate,CA_107.2,Prostate cancer,C,2,2,1710,208,0.1216374269005848,0.10698718597037479,0.13798381569704085,0.10846483197076709,0.0931204624022303,0.12380920153930387
all-mpnet-base-v2,prostate,CA_107.2,Prostate cancer,C,3,3,1448,171,0.1180939226519337,0.10247348457288112,0.135735347917535,0.10962021347192273,0.09334144941955948,0.125898977524286
all-mpnet-base-v2,prostate,CA_107.2,Prostate cancer,C,4,4,1262,139,0.11014263074484945,0.0940388840935633,0.1286125837532689,0.10769130378513689,0.09082027013003789,0.12456233744023588
all-mpnet-base-v2,prostate,CA_107.2,Prostate cancer,C,5,5,1161,156,0.1343669250645995,0.1159504500719351,0.15519499763957367,0.13585348913296938,0.1165988234441265,0.15510815482181226
all-mpnet-base-v2,prostate,CA_107.2,Prostate cancer,C,6,6,1089,117,0.10743801652892562,0.09040634323716074,0.12722948760399905,0.11429146203455146,0.09646825526588007,0.13211466880322284
all-mpnet-base-v2,prostate,CA_107.2,Prostate cancer,C,7,7,998,110,0.11022044088176353,0.09226557850942171,0.131164443174097,0.12324851756103411,0.10429302393541716,0.14220401118665105
all-mpnet-base-v2,prostate,CA_107.2,Prostate cancer,C,8,8,906,94,0.10375275938189846,0.0855409475025633,0.12531057724239217,0.1181882575312494,0.09906027702883752,0.13731623803366128
all-mpnet-base-v2,prostate,CA_107.2,Prostate cancer,C,9,9,894,78,0.087248322147651,0.07047123037811547,0.10755737066293837,0.10885095098362361,0.09101965146574612,0.12668225050150111
all-mpnet-base-v2,prostate,CA_107.2,Prostate cancer,C,10,10,898,72,0.0801781737193764,0.06415240200107898,0.09978046826714797,0.11310723523123029,0.0959872910286258,0.13022717943383477
e5-large-v2,gad,MB_288.3,Generalized anxiety disorder,A,1,1,6548,175,0.026725717776420282,0.02308811172188479,0.030918301757740713,0.04806998536677806,0.044165968943138616,0.05197400179041751
e5-large-v2,gad,MB_288.3,Generalized anxiety disorder,A,2,2,6377,273,0.042810098792535674,0.038110867591298635,0.048059814194876864,0.05544416964003336,0.05048309590497305,0.060405243375093676
e5-large-v2,gad,MB_288.3,Generalized anxiety disorder,A,3,3,6310,370,0.058637083993660855,0.053104231805658604,0.06470700303853907,0.06598095844769597,0.060196733308879945,0.07176518358651199
e5-large-v2,gad,MB_288.3,Generalized anxiety disorder,A,4,4,6233,441,0.07075244665490134,0.06464775340311897,0.07738591295212453,0.0736558577811769,0.06732210465055218,0.07998961091180164
e5-large-v2,gad,MB_288.3,Generalized anxiety disorder,A,5,5,6073,487,0.08019100938580603,0.07362280640889025,0.08728997459713421,0.08020457359870602,0.07340386250737839,0.08700528469003364
e5-large-v2,gad,MB_288.3,Generalized anxiety disorder,A,6,6,6053,565,0.09334214439121097,0.08626920735810598,0.10093091445104527,0.08954748212112272,0.08224352182251607,0.09685144241972937
e5-large-v2,gad,MB_288.3,Generalized anxiety disorder,A,7,7,6096,673,0.1104002624671916,0.10277729044162068,0.11851394605698423,0.10311599140749397,0.095275098232578,0.11095688458240995
e5-large-v2,gad,MB_288.3,Generalized anxiety disorder,A,8,8,6083,779,0.1280618116061154,0.11989857181122977,0.13669451828846665,0.1173893384378632,0.10901127573538986,0.12576740114033652
e5-large-v2,gad,MB_288.3,Generalized anxiety disorder,A,9,9,5944,813,0.13677658142664872,0.12827557610463522,0.1457467679925872,0.12566729059401466,0.11694978739746006,0.13438479379056925
e5-large-v2,gad,MB_288.3,Generalized anxiety disorder,A,10,10,5914,852,0.14406493067297937,0.13534623258438633,0.1532457262823429,0.12943513143325797,0.12047119500214032,0.1383990678643756
e5-large-v2,adhd,MB_304,Attention-deficit hyperactivity disorder,A,1,1,6548,43,0.006566890653634697,0.004879156481015616,0.00883324169667718,0.022229144652347075,0.020263156393327528,0.024195132911366622
e5-large-v2,adhd,MB_304,Attention-deficit hyperactivity disorder,A,2,2,6377,73,0.011447389054414302,0.009114862465134922,0.014368162437910791,0.021133798702972873,0.01850461023705298,0.023762987168892767
e5-large-v2,adhd,MB_304,Attention-deficit hyperactivity disorder,A,3,3,6310,109,0.01727416798732171,0.014340696017731613,0.020795038752618872,0.02296983224507271,0.01973412127641067,0.026205543213734753
e5-large-v2,adhd,MB_304,Attention-deficit hyperactivity disorder,A,4,4,6233,131,0.021017166693406066,0.01774006201784044,0.02488431133427297,0.023603668763965878,0.02004927380529217,0.027158063722639587
e5-large-v2,adhd,MB_304,Attention-deficit hyperactivity disorder,A,5,5,6073,186,0.030627367034414623,0.026581722146620076,0.035266437201359,0.03097364767335453,0.026655123037543374,0.03529217230916568
e5-large-v2,adhd,MB_304,Attention-deficit hyperactivity disorder,A,6,6,6053,248,0.040971419131009414,0.03626199201574041,0.04626310993296027,0.03812834450482987,0.03316228280089111,0.04309440620876862
e5-large-v2,adhd,MB_304,Attention-deficit hyperactivity disorder,A,7,7,6096,332,0.05446194225721785,0.04904086491759924,0.06044418701091062,0.04888036395798323,0.04322022806242927,0.05454049985353719
e5-large-v2,adhd,MB_304,Attention-deficit hyperactivity disorder,A,8,8,6083,355,0.05835936215683051,0.052742379292808304,0.06453379155927322,0.050422555335183715,0.044582278617449185,0.056262832052918245
e5-large-v2,adhd,MB_304,Attention-deficit hyperactivity disorder,A,9,9,5944,418,0.07032301480484522,0.06409654989438646,0.07710450004739497,0.06197089183696203,0.05552450897208473,0.06841727470183932
e5-large-v2,adhd,MB_304,Attention-deficit hyperactivity disorder,A,10,10,5914,445,0.07524518092661481,0.06879447865966822,0.08224732688580631,0.06352182991827175,0.05683754725906869,0.0702061125774748
e5-large-v2,ptsd,MB_290.1,Posttraumatic stress disorder,B,1,1,6548,28,0.004276114844227245,0.002960242791238415,0.006173290011234756,0.013093640756908425,0.011482005786970319,0.014705275726846531
e5-large-v2,ptsd,MB_290.1,Posttraumatic stress disorder,B,2,2,6377,47,0.007370236788458523,0.0055472957831587955,0.009786333725080044,0.012601908566662833,0.010478359535341757,0.01472545759798391
e5-large-v2,ptsd,MB_290.1,Posttraumatic stress disorder,B,3,3,6310,59,0.009350237717908083,0.007256106668022127,0.012041409697376796,0.012300397602402202,0.009893344146150326,0.014707451058654078
e5-large-v2,ptsd,MB_290.1,Posttraumatic stress disorder,B,4,4,6233,112,0.017968875340927323,0.014955659729790632,0.021575885986647066,0.019443495935814,0.016126620728874434,0.022760371142753567
e5-large-v2,ptsd,MB_290.1,Posttraumatic stress disorder,B,5,5,6073,139,0.022888193643998023,0.019417728516151953,0.026961868646019373,0.023003029292374227,0.019222018931790454,0.026784039652958
e5-large-v2,ptsd,MB_290.1,Posttraumatic stress disorder,B,6,6,6053,189,0.03122418635387411,0.027131339608721345,0.03591166085175668,0.02968623751784267,0.025297358498348375,0.03407511653733696
e5-large-v2,ptsd,MB_290.1,Posttraumatic stress disorder,B,7,7,6096,296,0.048556430446194225,0.04343933566103944,0.054242130799659796,0.04575786346927076,0.04035845113272678,0.051157275805814736
e5-large-v2,ptsd,MB_290.1,Posttraumatic stress disorder,B,8,8,6083,433,0.07118198257438764,0.06498739382023189,0.07791783293117502,0.06722440697126367,0.060759242422038125,0.0736895715204892
e5-large-v2,ptsd,MB_290.1,Posttraumatic stress disorder,B,9,9,5944,578,0.09724091520861373,0.0899668278943648,0.10503525259139274,0.09261560377780664,0.08509158510360175,0.10013962245201154
e5-large-v2,ptsd,MB_290.1,Posttraumatic stress disorder,B,10,10,5914,812,0.1373013189042949,0.12876493546361004,0.14630858081626366,0.13025571619831353,0.12148464357788517,0.13902678881874186
e5-large-v2,panic,MB_288.2,Panic disorder,B,1,1,6548,44,0.006719609040928528,0.005009578717684243,0.009008077151689862,0.013016997858307042,0.011034475888061144,0.014999519828552941
e5-large-v2,panic,MB_288.2,Panic disorder,B,2,2,6377,58,0.009095185824055198,0.007042722291815977,0.011738728344995,0.012715559467072621,0.01038067695795346,0.015050441976191783
e5-large-v2,panic,MB_288.2,Panic disorder,B,3,3,6310,70,0.011093502377179081,0.008790366018110583,0.013991558396377682,0.013160862211650012,0.010572258474177247,0.015749465949122778
e5-large-v2,panic,MB_288.2,Panic disorder,B,4,4,6233,98,0.015722765923311406,0.01291929958462198,0.019122794189738865,0.016518907852627083,0.013431220028412674,0.01960659567684149
e5-large-v2,panic,MB_288.2,Panic disorder,B,5,5,6073,105,0.01728964268071793,0.014303321274580073,0.02088625217870905,0.017228576272621338,0.01394484168134889,0.020512310863893785
e5-large-v2,panic,MB_288.2,Panic disorder,B,6,6,6053,144,0.02378985626961837,0.020242128955119634,0.027941641556713998,0.022692245842576734,0.018858148074118352,0.026526343611035116
e5-large-v2,panic,MB_288.2,Panic disorder,B,7,7,6096,180,0.02952755905511811,0.025565430930288666,0.0340822601341319,0.027486903979452654,0.02323989137827005,0.031733916580635256
e5-large-v2,panic,MB_288.2,Panic disorder,B,8,8,6083,227,0.03731711326648036,0.03283862790572475,0.042379605060284355,0.03429471551001147,0.02953388292854679,0.03905554809147614
e5-large-v2,panic,MB_288.2,Panic disorder,B,9,9,5944,235,0.03953566621803499,0.034871877731695734,0.04479424352541301,0.036303074383099265,0.03135422885079024,0.04125191991540829
e5-large-v2,panic,MB_288.2,Panic disorder,B,10,10,5914,306,0.051741630030436254,0.04638159548879354,0.05768362206735813,0.04746778476045263,0.04182665308378701,0.05310891643711825
e5-large-v2,hyperchol,EM_239.1,Hypercholesterolemia,C,1,1,5090,1777,0.34911591355599214,0.33613853170374386,0.3623208702232775,0.2599014422391226,0.24711584438114242,0.27268704009710276
e5-large-v2,hyperchol,EM_239.1,Hypercholesterolemia,C,2,2,4909,1628,0.3316357710327969,0.3186018169084063,0.34493302055072794,0.2793644580918607,0.26679493265750703,0.2919339835262144
e5-large-v2,hyperchol,EM_239.1,Hypercholesterolemia,C,3,3,4818,1472,0.30552096305520965,0.2926735296635308,0.318678271099578,0.27479390841143214,0.2624841325785202,0.28710368424434407
e5-large-v2,hyperchol,EM_239.1,Hypercholesterolemia,C,4,4,4708,1358,0.2884451996601529,0.27568086570009404,0.30155448540763435,0.27683670921355713,0.2645026462295013,0.28917077219761295
e5-large-v2,hyperchol,EM_239.1,Hypercholesterolemia,C,5,5,4536,1233,0.2718253968253968,0.25907535403497756,0.28496158673737987,0.2716007570391107,0.259297175254494,0.2839043388237274
e5-large-v2,hyperchol,EM_239.1,Hypercholesterolemia,C,6,6,4509,1128,0.25016633399866933,0.23774090927238226,0.26301708975590526,0.26634026279305856,0.25428742303604374,0.2783931025500734
e5-large-v2,hyperchol,EM_239.1,Hypercholesterolemia,C,7,7,4441,1124,0.2530961495158748,0.240525865375846,0.2660932074781164,0.2858248408898103,0.2737764542164618,0.2978732275631588
e5-large-v2,hyperchol,EM_239.1,Hypercholesterolemia,C,8,8,4456,1070,0.24012567324955117,0.2278109510013632,0.2528880780217572,0.28627838888239854,0.27458670025917337,0.2979700775056237
e5-large-v2,hyperchol,EM_239.1,Hypercholesterolemia,C,9,9,4322,989,0.22882924571957428,0.21654948024438944,0.24159062445418153,0.27809905214460146,0.26634639998332316,0.28985170430587975
e5-large-v2,hyperchol,EM_239.1,Hypercholesterolemia,C,10,10,4138,931,0.2249879168680522,0.21252341101473618,0.2379625569791369,0.2920587856554671,0.2799359236516688,0.3041816476592654
e5-large-v2,asthma,RE_475,Asthma,C,1,1,6548,624,0.09529627367135003,0.08841979723990753,0.10264731980462541,0.10029776824911185,0.09320593607653574,0.10738960042168796
e5-large-v2,asthma,RE_475,Asthma,C,2,2,6377,639,0.1002038576132978,0.09307306121988661,0.10781603266241642,0.10202489040034973,0.09466426633001451,0.10938551447068495
e5-large-v2,asthma,RE_475,Asthma,C,3,3,6310,680,0.10776545166402536,0.10035179703519738,0.11565639191970002,0.10870483904799061,0.10105576275357288,0.11635391534240834
e5-large-v2,asthma,RE_475,Asthma,C,4,4,6233,750,0.12032729022942404,0.11248339152317173,0.1286388926964821,0.11958958688538038,0.11154567331513791,0.12763350045562286
e5-large-v2,asthma,RE_475,Asthma,C,5,5,6073,783,0.128931335419068,0.12073677440482997,0.13759503653734537,0.1279488004250595,0.11953358546787543,0.13636401538224355
e5-large-v2,asthma,RE_475,Asthma,C,6,6,6053,780,0.12886172146043284,0.12065600274279659,0.1375382177098779,0.12811297323063703,0.11971181110088451,0.13651413536038956
e5-large-v2,asthma,RE_475,Asthma,C,7,7,6096,882,0.14468503937007873,0.1360779410958344,0.15373966659089325,0.14348659631769284,0.134686703213509,0.15228648942187667
e5-large-v2,asthma,RE_475,Asthma,C,8,8,6083,955,0.15699490383034687,0.14806957620597028,0.1663531784870757,0.15449136530325652,0.14538582206632564,0.1635969085401874
e5-large-v2,asthma,RE_475,Asthma,C,9,9,5944,936,0.15746971736204576,0.1484315254817957,0.16695036084610834,0.1554346606636443,0.14620205995043528,0.16466726137685334
e5-large-v2,asthma,RE_475,Asthma,C,10,10,5914,991,0.16756848156915793,0.1582662120448148,0.17730233481123728,0.16747349961936026,0.15799954086087023,0.17694745837785028
e5-large-v2,breast,CA_105,Breast cancer,C,1,1,2523,255,0.10107015457788347,0.08990840760441392,0.11344485663591088,0.08098917381762655,0.06928284738813992,0.09269550024711318
e5-large-v2,breast,CA_105,Breast cancer,C,2,2,2610,292,0.11187739463601533,0.10035019799028497,0.12454540800905045,0.09928448723856673,0.08727010441945623,0.11129887005767722
e5-large-v2,breast,CA_105,Breast cancer,C,3,3,2535,261,0.10295857988165681,0.09172270808579501,0.11539595899040771,0.09565144543009113,0.08392306921017295,0.10737982165000931
e5-large-v2,breast,CA_105,Breast cancer,C,4,4,2500,258,0.1032,0.09187718964075994,0.11574037218104913,0.10026013328863226,0.08845132189418506,0.11206894468307946
e5-large-v2,breast,CA_105,Breast cancer,C,5,5,2352,201,0.08545918367346939,0.07482590589715134,0.09744437033528046,0.08694666717669837,0.07571417571603063,0.0981791586373661
e5-large-v2,breast,CA_105,Breast cancer,C,6,6,2192,193,0.08804744525547445,0.07689422170625622,0.1006420286020454,0.09145249967346784,0.079732946495589,0.10317205285134669
e5-large-v2,breast,CA_105,Breast cancer,C,7,7,2194,177,0.08067456700091158,0.0699983924520078,0.09281656284665045,0.08792724848828397,0.07664115543458394,0.099213341541984
e5-large-v2,breast,CA_105,Breast cancer,C,8,8,2130,155,0.07276995305164319,0.06249087096508111,0.08458728124489279,0.08326095002686824,0.07228534698664532,0.09423655306709117
e5-large-v2,breast,CA_105,Breast cancer,C,9,9,2068,140,0.06769825918762089,0.05765239998189061,0.0793472037592943,0.08036137013014744,0.06960519227076284,0.09111754798953203
e5-large-v2,breast,CA_105,Breast cancer,C,10,10,1792,98,0.0546875,0.045081121640309085,0.06619900160942674,0.07365909303856087,0.06318921226630284,0.08412897381081891
e5-large-v2,prostate,CA_107.2,Prostate cancer,C,1,1,2129,277,0.13010803193987788,0.1164811647777131,0.14506732330067013,0.1077168861075225,0.09358491727505247,0.12184885493999253
e5-large-v2,prostate,CA_107.2,Prostate cancer,C,2,2,1645,207,0.12583586626139817,0.11067512704548496,0.14274005525153985,0.11267356176622671,0.09686934631371537,0.12847777721873804
e5-large-v2,prostate,CA_107.2,Prostate cancer,C,3,3,1488,174,0.11693548387096774,0.10158573376335023,0.13425799935366298,0.11098389303776335,0.09492107250001221,0.1270467135755145
e5-large-v2,prostate,CA_107.2,Prostate cancer,C,4,4,1294,166,0.12828438948995363,0.11115808180452964,0.14761116661413484,0.12400191986343577,0.10629053046229026,0.14171330926458128
e5-large-v2,prostate,CA_107.2,Prostate cancer,C,5,5,1200,145,0.12083333333333333,0.10359190408214623,0.14049460474631414,0.12141215419692568,0.10336261206182884,0.13946169633202252
e5-large-v2,prostate,CA_107.2,Prostate cancer,C,6,6,1109,122,0.11000901713255185,0.09292208512823648,0.12978839793593971,0.11848944960947622,0.10043378687290883,0.1365451123460436
e5-large-v2,prostate,CA_107.2,Prostate cancer,C,7,7,987,96,0.0972644376899696,0.08030958434878928,0.11734207538536205,0.10889737841438141,0.09103903882972492,0.1267557179990379
e5-large-v2,prostate,CA_107.2,Prostate cancer,C,8,8,915,93,0.10163934426229508,0.08369576279693217,0.12291382914772278,0.11778180561831991,0.09884859191847296,0.13671501931816685
e5-large-v2,prostate,CA_107.2,Prostate cancer,C,9,9,888,82,0.09234234234234234,0.07501676526732097,0.1131797546520739,0.11158949985082241,0.0931496726434009,0.1300293270582439
e5-large-v2,prostate,CA_107.2,Prostate cancer,C,10,10,874,76,0.08695652173913043,0.0700369685372472,0.10749105466627898,0.12159873921242167,0.10369009287756452,0.13950738554727884
qwen3-embedding-0.6b,gad,MB_288.3,Generalized anxiety disorder,A,1,1,6576,170,0.025851581508515815,0.022284028767989003,0.029972771191406358,0.0468876064269565,0.04304502865065284,0.05073018420326016
qwen3-embedding-0.6b,gad,MB_288.3,Generalized anxiety disorder,A,2,2,6348,293,0.046156269691241335,0.04126341978512525,0.05159806970570037,0.05939059967377888,0.05422948410362869,0.06455171524392908
qwen3-embedding-0.6b,gad,MB_288.3,Generalized anxiety disorder,A,3,3,6366,372,0.058435438265786996,0.052935255522901535,0.06446820949404973,0.06541500780274315,0.059675829591761854,0.07115418601372443
qwen3-embedding-0.6b,gad,MB_288.3,Generalized anxiety disorder,A,4,4,6140,434,0.07068403908794789,0.06453814340282303,0.077366797458077,0.0732731729946025,0.06691340424281345,0.07963294174639154
qwen3-embedding-0.6b,gad,MB_288.3,Generalized anxiety disorder,A,5,5,6117,498,0.08141245708680726,0.07481921926312875,0.08853110856320852,0.08051404540300368,0.07368066220355557,0.08734742860245179
qwen3-embedding-0.6b,gad,MB_288.3,Generalized anxiety disorder,A,6,6,6079,587,0.09656193452870537,0.08938989827539848,0.10424353222632537,0.0925382207022809,0.08514107809188193,0.09993536331267988
qwen3-embedding-0.6b,gad,MB_288.3,Generalized anxiety disorder,A,7,7,6032,665,0.11024535809018568,0.10258829545367343,0.11839853264113126,0.10382214596996181,0.09594197920217191,0.1117023127377517
qwen3-embedding-0.6b,gad,MB_288.3,Generalized anxiety disorder,A,8,8,6050,733,0.12115702479338843,0.11317408077260445,0.12962075765597106,0.11112819332062343,0.10292953568163189,0.11932685095961497
qwen3-embedding-0.6b,gad,MB_288.3,Generalized anxiety disorder,A,9,9,6051,842,0.1391505536274996,0.13065876962613188,0.14810021528594286,0.12733413087957193,0.11862516941486989,0.13604309234427397
qwen3-embedding-0.6b,gad,MB_288.3,Generalized anxiety disorder,A,10,10,5872,834,0.1420299727520436,0.13333530087117806,0.15119270598209034,0.12809988285692425,0.11916334513439263,0.1370364205794559
qwen3-embedding-0.6b,adhd,MB_304,Attention-deficit hyperactivity disorder,A,1,1,6576,37,0.005626520681265207,0.004084925287063846,0.0077453687052370865,0.021030314249313495,0.01920170300558946,0.02285892549303753
qwen3-embedding-0.6b,adhd,MB_304,Attention-deficit hyperactivity disorder,A,2,2,6348,84,0.013232514177693762,0.010701390112672533,0.016352411527956134,0.02317929473451901,0.020363856278924144,0.02599473319011388
qwen3-embedding-0.6b,adhd,MB_304,Attention-deficit hyperactivity disorder,A,3,3,6366,101,0.015865535658184104,0.013075057406992437,0.019239947638273944,0.021423706940649066,0.01836267853452504,0.024484735346773093
qwen3-embedding-0.6b,adhd,MB_304,Attention-deficit hyperactivity disorder,A,4,4,6140,137,0.02231270358306189,0.018906110284089755,0.02631664826864915,0.024655820128983826,0.020965653704935167,0.028345986553032484
qwen3-embedding-0.6b,adhd,MB_304,Attention-deficit hyperactivity disorder,A,5,5,6117,197,0.03220532940984142,0.028066377873525734,0.036931459687522504,0.03179285706013071,0.027388987263297488,0.03619672685696393
qwen3-embedding-0.6b,adhd,MB_304,Attention-deficit hyperactivity disorder,A,6,6,6079,244,0.0401381806218128,0.035487428082459416,0.04536976048739545,0.03728650462752385,0.0323645454394443,0.0422084638156034
qwen3-embedding-0.6b,adhd,MB_304,Attention-deficit hyperactivity disorder,A,7,7,6032,326,0.054045092838196286,0.04861768920960584,0.06004014472277382,0.04926782401555634,0.043598946192950995,0.05493670183816169
qwen3-embedding-0.6b,adhd,MB_304,Attention-deficit hyperactivity disorder,A,8,8,6050,360,0.05950413223140496,0.05381794300275058,0.06574935386119084,0.051955018494531664,0.046035886818935744,0.057874150170127585
qwen3-embedding-0.6b,adhd,MB_304,Attention-deficit hyperactivity disorder,A,9,9,6051,439,0.07254999173690299,0.06628183726785147,0.07936053253983408,0.06360181314273723,0.057122546264867506,0.07008108002060695
qwen3-embedding-0.6b,adhd,MB_304,Attention-deficit hyperactivity disorder,A,10,10,5872,415,0.07067438692098092,0.06439624234316613,0.07751389337381276,0.05948312680477938,0.052966660390452135,0.06599959321910663
qwen3-embedding-0.6b,ptsd,MB_290.1,Posttraumatic stress disorder,B,1,1,6576,34,0.005170316301703163,0.003702394046135333,0.00721602387171986,0.013786393561680776,0.012022438960322438,0.015550348163039114
qwen3-embedding-0.6b,ptsd,MB_290.1,Posttraumatic stress disorder,B,2,2,6348,47,0.0074039067422810335,0.0055726579283382205,0.009830978877566583,0.012883440006457348,0.010747088556913581,0.015019791456001115
qwen3-embedding-0.6b,ptsd,MB_290.1,Posttraumatic stress disorder,B,3,3,6366,65,0.010210493245366006,0.008019504656148441,0.01299223633383876,0.013109311931489346,0.010618643121663666,0.015599980741315026
qwen3-embedding-0.6b,ptsd,MB_290.1,Posttraumatic stress disorder,B,4,4,6140,116,0.018892508143322474,0.01577573139566893,0.02261091325649292,0.020019234762469237,0.016596878635061752,0.023441590889876723
qwen3-embedding-0.6b,ptsd,MB_290.1,Posttraumatic stress disorder,B,5,5,6117,141,0.0230505149583129,0.01957854863685796,0.027121151200415586,0.022770329255620815,0.018991991596959558,0.026548666914282072
qwen3-embedding-0.6b,ptsd,MB_290.1,Posttraumatic stress disorder,B,6,6,6079,216,0.03553215989471953,0.031164139143484156,0.040486825595197735,0.03405539913856431,0.029399202164285203,0.03871159611284342
qwen3-embedding-0.6b,ptsd,MB_290.1,Posttraumatic stress disorder,B,7,7,6032,271,0.04492705570291777,0.039982879380100485,0.05045048647282969,0.04251683972169441,0.03727898420699091,0.047754695236397915
qwen3-embedding-0.6b,ptsd,MB_290.1,Posttraumatic stress disorder,B,8,8,6050,423,0.06991735537190083,0.06376076057183523,0.07661976717299614,0.06602398100873669,0.05959931048625455,0.07244865153121882
qwen3-embedding-0.6b,ptsd,MB_290.1,Posttraumatic stress disorder,B,9,9,6051,582,0.0961824491819534,0.0890077169439286,0.1038695808040241,0.09145584665360462,0.08403263461952828,0.09887905868768096
qwen3-embedding-0.6b,ptsd,MB_290.1,Posttraumatic stress disorder,B,10,10,5872,798,0.1358991825613079,0.1273719796498013,0.1449024630962919,0.12918422202910967,0.12042216643707605,0.13794627762114328
qwen3-embedding-0.6b,panic,MB_288.2,Panic disorder,B,1,1,6576,38,0.005778588807785888,0.004213096005417151,0.007921156678365696,0.011977388045065153,0.010142610054585999,0.013812166035544308
qwen3-embedding-0.6b,panic,MB_288.2,Panic disorder,B,2,2,6348,59,0.009294265910523,0.0072126307848595275,0.011969437859334098,0.01313932594645068,0.010773176585895017,0.015505475307006343
qwen3-embedding-0.6b,panic,MB_288.2,Panic disorder,B,3,3,6366,74,0.011624253848570531,0.009270101057109483,0.014567455946697512,0.01357145241596124,0.01093446419521296,0.016208440636709523
qwen3-embedding-0.6b,panic,MB_288.2,Panic disorder,B,4,4,6140,95,0.015472312703583062,0.012674262590779493,0.018876268160805315,0.016131504001921017,0.013047484031864964,0.01921552397197707
qwen3-embedding-0.6b,panic,MB_288.2,Panic disorder,B,5,5,6117,119,0.01945398070949812,0.016282416547304703,0.023228729184200207,0.019143531126448007,0.015680648554828397,0.022606413698067616
qwen3-embedding-0.6b,panic,MB_288.2,Panic disorder,B,6,6,6079,151,0.024839611778253,0.021217035220188883,0.029062338481841442,0.023666275959429526,0.019756884170453036,0.027575667748406016
qwen3-embedding-0.6b,panic,MB_288.2,Panic disorder,B,7,7,6032,159,0.026359416445623344,0.022608098980954578,0.030713622782914823,0.024534336710921947,0.020492168994466216,0.028576504427377677
qwen3-embedding-0.6b,panic,MB_288.2,Panic disorder,B,8,8,6050,213,0.03520661157024793,0.030849580728955057,0.04015351074624315,0.03235245064157564,0.02771163792383989,0.036993263359311385
qwen3-embedding-0.6b,panic,MB_288.2,Panic disorder,B,9,9,6051,262,0.043298628325896545,0.038453686021840766,0.04872307367796168,0.0399194641368248,0.03479726289356072,0.045041665380088886
qwen3-embedding-0.6b,panic,MB_288.2,Panic disorder,B,10,10,5872,297,0.05057901907356948,0.04526204838080502,0.056483627207099506,0.04651576295711585,0.04091270680433683,0.05211881910989486
qwen3-embedding-0.6b,hyperchol,EM_239.1,Hypercholesterolemia,C,1,1,5103,1837,0.3599843229472859,0.3469245833923867,0.37325470717187587,0.2710620112281821,0.25821897347058886,0.2839050489857753
qwen3-embedding-0.6b,hyperchol,EM_239.1,Hypercholesterolemia,C,2,2,4939,1646,0.333265843288115,0.32025369263410575,0.3465371575881543,0.27827268937552313,0.26568523002261135,0.2908601487284349
qwen3-embedding-0.6b,hyperchol,EM_239.1,Hypercholesterolemia,C,3,3,4832,1420,0.29387417218543044,0.28119779113381665,0.30687803456522894,0.2658888287630734,0.2536513428859966,0.2781263146401502
qwen3-embedding-0.6b,hyperchol,EM_239.1,Hypercholesterolemia,C,4,4,4560,1294,0.2837719298245614,0.2708731041084045,0.29703476084109737,0.27297465608414,0.26051510419537816,0.28543420797290187
qwen3-embedding-0.6b,hyperchol,EM_239.1,Hypercholesterolemia,C,5,5,4646,1221,0.2628067154541541,0.2503497737643461,0.2756555708285727,0.2673583223657193,0.2553822555610656,0.27933438917037307
qwen3-embedding-0.6b,hyperchol,EM_239.1,Hypercholesterolemia,C,6,6,4494,1168,0.2599020916777926,0.24728824220168236,0.27292606065266106,0.2778026778152492,0.2656665826630059,0.2899387729674925
qwen3-embedding-0.6b,hyperchol,EM_239.1,Hypercholesterolemia,C,7,7,4447,1113,0.25028108837418483,0.23776884023088876,0.2632243943027356,0.27775617687157794,0.2657221605896627,0.2897901931534932
qwen3-embedding-0.6b,hyperchol,EM_239.1,Hypercholesterolemia,C,8,8,4413,1070,0.24246544300929074,0.23004828027308188,0.2553305767312833,0.2874014178468495,0.2756137377941791,0.29918909789952
qwen3-embedding-0.6b,hyperchol,EM_239.1,Hypercholesterolemia,C,9,9,4389,1014,0.23103212576896787,0.21880087955464367,0.24373378687939945,0.2826912424403508,0.2708951991172441,0.29448728576345756
qwen3-embedding-0.6b,hyperchol,EM_239.1,Hypercholesterolemia,C,10,10,4104,927,0.22587719298245615,0.21334356663444395,0.23892351267665704,0.2894820792301197,0.27736367277067175,0.30160048568956765
qwen3-embedding-0.6b,asthma,RE_475,Asthma,C,1,1,6576,617,0.09382603406326034,0.08701374236013047,0.10111259269168,0.09889073619899008,0.09186238839764817,0.105919084000332
qwen3-embedding-0.6b,asthma,RE_475,Asthma,C,2,2,6348,627,0.09877126654064272,0.09167269727300284,0.10635514505019497,0.10122330217636352,0.09389963221361977,0.10854697213910727
qwen3-embedding-0.6b,asthma,RE_475,Asthma,C,3,3,6366,715,0.11231542569902607,0.10479157713888931,0.12030687596030518,0.11275235161080506,0.10501295486149584,0.12049174836011428
qwen3-embedding-0.6b,asthma,RE_475,Asthma,C,4,4,6140,709,0.11547231270358306,0.10771772645514927,0.12370775357997399,0.1148357192163983,0.10684764328384892,0.12282379514894769
qwen3-embedding-0.6b,asthma,RE_475,Asthma,C,5,5,6117,782,0.12784044466241623,0.11970558556448041,0.13644244071814282,0.12689973314013547,0.11855933754065827,0.13524012873961266
qwen3-embedding-0.6b,asthma,RE_475,Asthma,C,6,6,6079,810,0.13324559960519822,0.12493384859896366,0.14202057884388786,0.1319090137946379,0.12338547975438988,0.14043254783488593
qwen3-embedding-0.6b,asthma,RE_475,Asthma,C,7,7,6032,860,0.14257294429708223,0.13397692921900548,0.15162392206657468,0.14108579348229286,0.13230004060677586,0.14987154635780986
qwen3-embedding-0.6b,asthma,RE_475,Asthma,C,8,8,6050,928,0.15338842975206612,0.14452810909268535,0.16268863444340667,0.15139551432551615,0.14235869443652482,0.16043233421450748
qwen3-embedding-0.6b,asthma,RE_475,Asthma,C,9,9,6051,972,0.16063460585027267,0.15159847209011582,0.17010135640401994,0.15852142229338984,0.14930767821847352,0.16773516636830615
qwen3-embedding-0.6b,asthma,RE_475,Asthma,C,10,10,5872,1000,0.17029972752043596,0.16090159227713427,0.18012896018144212,0.17029123866981338,0.16070804454405435,0.17987443279557241
qwen3-embedding-0.6b,breast,CA_105,Breast cancer,C,1,1,2557,274,0.10715682440359797,0.09575170496770921,0.11974053371323123,0.08730938570168471,0.07536382175425677,0.09925494964911266
qwen3-embedding-0.6b,breast,CA_105,Breast cancer,C,2,2,2531,278,0.10983800869221652,0.09824232750184175,0.12261624214155178,0.09696113856835013,0.08486398377112207,0.1090582933655782
qwen3-embedding-0.6b,breast,CA_105,Breast cancer,C,3,3,2580,288,0.11162790697674418,0.1000493427080749,0.12436127540018356,0.10449789548523176,0.09244186595914335,0.11655392501132018
qwen3-embedding-0.6b,breast,CA_105,Breast cancer,C,4,4,2400,236,0.09833333333333333,0.08705458995374643,0.11089584355892954,0.09701823769607139,0.08523611454461784,0.10880036084752494
qwen3-embedding-0.6b,breast,CA_105,Breast cancer,C,5,5,2340,203,0.08675213675213675,0.076014215389457,0.09884465031083282,0.08806277373162102,0.07677196543785904,0.09935358202538301
qwen3-embedding-0.6b,breast,CA_105,Breast cancer,C,6,6,2331,183,0.07850707850707851,0.06826865733385684,0.09013244415185173,0.08329701847748462,0.07243221178658216,0.09416182516838709
qwen3-embedding-0.6b,breast,CA_105,Breast cancer,C,7,7,2169,172,0.0792992162286768,0.06865737772854599,0.09142860436624747,0.08421899483835324,0.07298479166744927,0.09545319800925721
qwen3-embedding-0.6b,breast,CA_105,Breast cancer,C,8,8,2126,158,0.07431796801505174,0.06392015904882069,0.08625132791683048,0.08399902612721183,0.07292174051233455,0.09507631174208911
qwen3-embedding-0.6b,breast,CA_105,Breast cancer,C,9,9,2087,140,0.06708193579300431,0.05712497181049759,0.07862968221916053,0.07961841880228387,0.06890346372510125,0.0903333738794665
qwen3-embedding-0.6b,breast,CA_105,Breast cancer,C,10,10,1775,98,0.0552112676056338,0.04551487533411261,0.06682872779225887,0.07394034266344279,0.06340898676685527,0.08447169856003031
qwen3-embedding-0.6b,prostate,CA_107.2,Prostate cancer,C,1,1,2139,292,0.13651238896680692,0.12261266887647362,0.15171535312669773,0.11443516391099358,0.10009903489515469,0.12877129292683245
qwen3-embedding-0.6b,prostate,CA_107.2,Prostate cancer,C,2,2,1706,192,0.11254396248534584,0.09840942476302969,0.1284194761662123,0.0973231649118977,0.08244638377045482,0.11219994605334058
qwen3-embedding-0.6b,prostate,CA_107.2,Prostate cancer,C,3,3,1447,201,0.13890808569454044,0.12204232788843214,0.15768600245183076,0.13318513407937718,0.11573730278109243,0.15063296537766194
qwen3-embedding-0.6b,prostate,CA_107.2,Prostate cancer,C,4,4,1287,154,0.11965811965811966,0.10304834111320522,0.13853164280794378,0.11823779617535224,0.10077602204488893,0.13569957030581556
qwen3-embedding-0.6b,prostate,CA_107.2,Prostate cancer,C,5,5,1161,120,0.10335917312661498,0.0871360678117514,0.12219839313324218,0.10445464798410753,0.08734755191912569,0.12156174404908937
qwen3-embedding-0.6b,prostate,CA_107.2,Prostate cancer,C,6,6,1085,128,0.11797235023041475,0.10011274097607425,0.13852756497651492,0.12474003664761697,0.10621813789100734,0.1432619354042266
qwen3-embedding-0.6b,prostate,CA_107.2,Prostate cancer,C,7,7,996,110,0.11044176706827309,0.09245253931434881,0.13142441326946186,0.12418881032589879,0.10520049035412465,0.14317713029767293
qwen3-embedding-0.6b,prostate,CA_107.2,Prostate cancer,C,8,8,922,80,0.08676789587852494,0.07026940114910044,0.10669551796271742,0.10326839555395005,0.08572218737450488,0.12081460373339523
qwen3-embedding-0.6b,prostate,CA_107.2,Prostate cancer,C,9,9,900,84,0.09333333333333334,0.07601850685719072,0.11410494587088826,0.11403077074873968,0.09569964535772041,0.13236189613975896
qwen3-embedding-0.6b,prostate,CA_107.2,Prostate cancer,C,10,10,886,77,0.08690744920993228,0.07009628725275668,0.10728526460225962,0.1175518474410091,0.0996814879799233,0.13542220690209492
