grouping,family,k,decile,n_set,mean_age,sd_age,share_female,n_survey,access_rate,access_lo,access_hi,cost_rate,cost_lo,cost_hi,avoid_rate,avoid_lo,avoid_hi,n_ehr,ed_mean,ed_lo,ed_hi,access_adj,access_adj_lo,access_adj_hi,cost_adj,cost_adj_lo,cost_adj_hi,avoid_adj,avoid_adj_lo,avoid_adj_hi,ed_adj,ed_adj_lo,ed_adj_hi,n_all_evaluable,mean_breadth,sd_breadth,se,ci_lo,ci_hi,mean_breadth_adj,mean_breadth_adj_lo,mean_breadth_adj_hi,n_sleep,coverage,sleep_mean,sleep_lo,sleep_hi,sleep_var_median,sleep_var_lo,sleep_var_hi,sleep_age,share_wear,sleep_mean_adj,sleep_var_median_adj,sleep_mean_adj_lo,sleep_mean_adj_hi,sleep_var_median_adj_lo,sleep_var_median_adj_hi
cohort,reference,,0,90351,54.69,16.11,0.669,87257,0.476,0.473,0.479,0.314,0.311,0.317,0.106,0.104,0.108,86365,0.01368,0.01335,0.01401,0.476,0.473,0.479,0.314,0.311,0.317,0.106,0.104,0.108,0.01368,0.01335,0.01401,58682,1.163,1.47,0.006069,1.151,1.175,1.163,1.152,1.174,16732,0.185,377.6,376.5,378.7,87.9,87.33,88.58,55.23,0.613,377.6,87.9,376.5,378.7,87.28,88.45
gte-large-en-v1.5,item text,27.0,1,9035,65.6,11.38,0.54,8786,0.225,0.217,0.234,0.098,0.092,0.105,0.021,0.018,0.024,8716,0.007672,0.007051,0.008292,0.326,0.317,0.335,0.187,0.181,0.194,0.066,0.063,0.069,0.01094,0.01031,0.01156,6562,0.09723,0.3399,0.004196,0.089,0.1055,0.4661,0.4538,0.4785,1480,0.164,384.1,380.3,387.9,73.33,71.75,75.03,66.83,0.534,386.6,79.62,382.9,390.4,77.87,81.17
gte-large-en-v1.5,item text,27.0,2,9035,60.93,14.35,0.608,8781,0.294,0.285,0.304,0.147,0.14,0.155,0.037,0.033,0.041,8685,0.007919,0.007295,0.008542,0.35,0.34,0.36,0.196,0.189,0.204,0.062,0.058,0.066,0.009783,0.009155,0.01041,6309,0.2473,0.5318,0.006696,0.2341,0.2604,0.4402,0.4235,0.4568,1514,0.168,386.3,382.8,389.7,77.17,75.45,78.89,62.51,0.532,387.9,80.35,384.4,391.3,79.01,82.24
gte-large-en-v1.5,item text,27.0,3,9035,58.09,15.43,0.648,8776,0.351,0.341,0.361,0.193,0.185,0.201,0.052,0.047,0.057,8646,0.009132,0.008453,0.00981,0.38,0.37,0.39,0.218,0.21,0.226,0.065,0.061,0.07,0.01015,0.009469,0.01083,6085,0.4343,0.7162,0.009182,0.4164,0.4523,0.5224,0.5019,0.543,1491,0.165,383.1,379.8,386.5,79.76,78.08,82.31,60.07,0.551,384.0,82.86,380.6,387.4,81.09,83.93
gte-large-en-v1.5,item text,27.0,4,9035,56.24,15.88,0.672,8731,0.402,0.392,0.412,0.23,0.221,0.239,0.065,0.06,0.07,8646,0.01042,0.009561,0.01128,0.414,0.404,0.424,0.24,0.232,0.249,0.071,0.066,0.076,0.0109,0.01004,0.01175,6015,0.6384,0.8895,0.01147,0.6159,0.6609,0.6733,0.6495,0.6971,1525,0.169,378.3,374.6,382.0,81.39,79.67,83.61,57.92,0.556,379.0,83.1,375.3,382.7,81.1,84.81
gte-large-en-v1.5,item text,27.0,5,9035,54.54,16.11,0.677,8720,0.445,0.435,0.456,0.275,0.266,0.285,0.086,0.08,0.092,8616,0.01162,0.01075,0.01249,0.443,0.433,0.453,0.273,0.264,0.283,0.085,0.079,0.091,0.01159,0.01072,0.01246,5868,0.9015,1.079,0.01408,0.8739,0.9291,0.8784,0.8507,0.9062,1643,0.182,382.0,378.6,385.4,84.89,83.26,86.45,55.76,0.572,382.0,85.54,378.6,385.4,83.93,87.53
gte-large-en-v1.5,item text,27.0,6,9036,52.78,16.13,0.705,8740,0.503,0.493,0.514,0.324,0.315,0.334,0.104,0.097,0.11,8625,0.01263,0.01167,0.01359,0.484,0.474,0.494,0.307,0.298,0.317,0.095,0.089,0.101,0.01203,0.01108,0.01299,5679,1.149,1.181,0.01568,1.119,1.18,1.067,1.036,1.097,1680,0.186,380.6,377.3,383.9,87.12,85.47,89.01,54.62,0.608,380.2,87.26,377.0,383.4,85.52,88.79
gte-large-en-v1.5,item text,27.0,7,9035,51.52,16.09,0.706,8693,0.543,0.533,0.554,0.373,0.363,0.384,0.121,0.114,0.128,8599,0.01384,0.0128,0.01487,0.514,0.504,0.525,0.348,0.338,0.358,0.108,0.101,0.114,0.01287,0.01184,0.0139,5607,1.508,1.379,0.01841,1.472,1.544,1.395,1.36,1.43,1738,0.192,379.5,376.2,382.7,92.07,90.38,93.66,51.73,0.608,378.4,90.71,375.2,381.6,88.72,92.42
gte-large-en-v1.5,item text,27.0,8,9035,50.41,15.84,0.717,8695,0.596,0.586,0.607,0.423,0.412,0.433,0.152,0.144,0.16,8642,0.01707,0.01585,0.01829,0.557,0.547,0.567,0.388,0.378,0.398,0.134,0.126,0.141,0.01577,0.01456,0.01699,5531,1.855,1.47,0.01977,1.816,1.894,1.701,1.664,1.738,1872,0.207,377.1,373.8,380.4,92.89,91.43,94.79,51.39,0.667,376.1,91.26,372.8,379.3,89.97,92.7
gte-large-en-v1.5,item text,27.0,9,9035,49.22,15.64,0.723,8690,0.665,0.655,0.675,0.495,0.485,0.506,0.18,0.172,0.188,8604,0.01876,0.0175,0.02002,0.616,0.606,0.625,0.452,0.442,0.462,0.157,0.149,0.165,0.01711,0.01585,0.01836,5500,2.309,1.65,0.02225,2.265,2.353,2.124,2.082,2.165,1900,0.21,367.9,364.5,371.3,99.66,98.28,101.4,49.07,0.694,366.7,96.11,363.3,370.0,94.58,97.61
gte-large-en-v1.5,item text,27.0,10,9035,47.59,14.58,0.689,8645,0.74,0.731,0.75,0.586,0.575,0.596,0.248,0.239,0.257,8586,0.02797,0.02622,0.02972,0.679,0.67,0.688,0.532,0.522,0.542,0.221,0.212,0.23,0.02582,0.02408,0.02755,5526,2.959,1.789,0.02407,2.911,3.006,2.728,2.683,2.773,1889,0.209,362.5,359.0,366.0,105.8,104.1,108.2,47.64,0.745,361.5,99.49,358.1,365.0,97.88,101.6
bge-m3,item text,27.0,1,9035,65.6,11.43,0.547,8815,0.231,0.222,0.24,0.102,0.096,0.108,0.021,0.019,0.025,8709,0.007645,0.007014,0.008276,0.331,0.322,0.34,0.19,0.184,0.197,0.066,0.063,0.069,0.0109,0.01027,0.01154,6582,0.09708,0.3328,0.004102,0.08904,0.1051,0.4634,0.4512,0.4755,1488,0.165,384.0,380.3,387.8,74.27,72.92,76.2,66.6,0.525,386.4,80.25,382.7,390.1,78.77,81.55
bge-m3,item text,27.0,2,9035,61.37,13.95,0.612,8758,0.286,0.276,0.295,0.142,0.135,0.15,0.034,0.03,0.038,8691,0.008257,0.007621,0.008893,0.344,0.335,0.354,0.193,0.186,0.201,0.061,0.057,0.065,0.01024,0.009603,0.01088,6283,0.244,0.5204,0.006565,0.2311,0.2569,0.4472,0.4306,0.4639,1480,0.164,385.0,381.6,388.5,75.94,74.15,77.44,62.88,0.546,386.6,79.53,383.2,390.1,78.05,81.07
bge-m3,item text,27.0,3,9035,58.32,15.22,0.649,8758,0.352,0.342,0.362,0.187,0.179,0.196,0.051,0.046,0.056,8664,0.00941,0.008659,0.01016,0.382,0.372,0.392,0.214,0.206,0.222,0.065,0.061,0.07,0.0105,0.009746,0.01125,6089,0.4273,0.7157,0.009171,0.4094,0.4453,0.5284,0.5078,0.5489,1552,0.172,382.4,378.9,385.8,80.04,78.2,81.52,60.47,0.538,383.6,82.75,380.1,387.0,81.41,84.02
bge-m3,item text,27.0,4,9035,56.31,15.85,0.666,8758,0.402,0.392,0.413,0.236,0.227,0.245,0.068,0.063,0.074,8663,0.009851,0.009071,0.01063,0.416,0.406,0.426,0.248,0.239,0.256,0.075,0.069,0.08,0.01034,0.009558,0.01112,6076,0.6488,0.8954,0.01149,0.6263,0.6713,0.6771,0.6534,0.7008,1577,0.175,381.7,378.2,385.2,81.87,80.27,84.02,57.85,0.573,382.1,83.4,378.6,385.6,81.78,85.08
bge-m3,item text,27.0,5,9035,54.57,16.05,0.683,8740,0.439,0.428,0.449,0.265,0.256,0.275,0.082,0.077,0.088,8621,0.01136,0.01047,0.01225,0.436,0.426,0.446,0.263,0.254,0.272,0.081,0.076,0.087,0.01132,0.01042,0.01221,5845,0.8804,1.025,0.0134,0.8541,0.9067,0.8596,0.8327,0.8864,1637,0.181,381.5,378.2,384.8,84.11,82.56,85.74,56.25,0.584,381.8,84.28,378.6,385.1,82.82,85.91
bge-m3,item text,27.0,6,9036,53.0,16.15,0.692,8707,0.498,0.488,0.509,0.323,0.314,0.333,0.099,0.093,0.105,8610,0.01245,0.01151,0.01339,0.482,0.472,0.493,0.309,0.3,0.319,0.092,0.086,0.098,0.01195,0.01101,0.01289,5713,1.151,1.177,0.01557,1.12,1.181,1.084,1.054,1.114,1604,0.178,379.8,376.3,383.3,86.91,85.0,88.49,53.88,0.592,379.3,87.48,375.9,382.8,85.79,88.92
bge-m3,item text,27.0,7,9035,51.64,16.07,0.708,8718,0.547,0.537,0.558,0.371,0.361,0.381,0.123,0.116,0.13,8605,0.01383,0.01283,0.01484,0.518,0.508,0.529,0.346,0.336,0.356,0.109,0.103,0.116,0.01293,0.01192,0.01393,5651,1.463,1.351,0.01797,1.428,1.498,1.351,1.317,1.386,1736,0.192,382.0,378.7,385.3,92.14,90.37,93.43,52.86,0.615,381.4,90.98,378.1,384.7,89.57,92.6
bge-m3,item text,27.0,8,9035,50.24,16.05,0.71,8704,0.592,0.582,0.602,0.425,0.415,0.436,0.15,0.143,0.158,8616,0.01647,0.01529,0.01766,0.553,0.543,0.563,0.391,0.381,0.401,0.132,0.125,0.139,0.01511,0.01393,0.01629,5447,1.861,1.503,0.02036,1.821,1.901,1.705,1.667,1.743,1811,0.2,373.1,369.8,376.4,94.9,93.29,96.53,50.47,0.661,371.8,92.02,368.6,375.1,90.65,93.62
bge-m3,item text,27.0,9,9035,48.7,15.43,0.724,8657,0.667,0.657,0.676,0.497,0.487,0.508,0.184,0.176,0.192,8604,0.02052,0.01915,0.02188,0.613,0.603,0.623,0.45,0.44,0.46,0.16,0.152,0.168,0.0187,0.01734,0.02006,5520,2.347,1.66,0.02235,2.303,2.391,2.138,2.096,2.179,1920,0.213,370.1,366.7,373.4,99.84,98.14,101.7,48.89,0.693,368.6,95.34,365.3,371.9,93.78,96.9
bge-m3,item text,27.0,10,9035,47.16,14.57,0.696,8642,0.754,0.745,0.763,0.596,0.585,0.606,0.251,0.242,0.261,8582,0.02726,0.02556,0.02896,0.689,0.68,0.698,0.539,0.529,0.549,0.222,0.213,0.231,0.02499,0.02329,0.02668,5476,3.007,1.755,0.02372,2.96,3.053,2.763,2.719,2.807,1927,0.213,362.2,358.7,365.8,105.5,103.8,107.7,47.42,0.745,361.1,99.39,357.6,364.6,97.93,101.1
bge-large-en-v1.5,item text,26.0,1,9035,65.61,11.31,0.542,8802,0.223,0.215,0.232,0.095,0.089,0.102,0.02,0.017,0.023,8709,0.007943,0.007286,0.008601,0.324,0.315,0.333,0.184,0.178,0.191,0.065,0.062,0.068,0.0112,0.01054,0.01187,6582,0.09253,0.3149,0.003882,0.08492,0.1001,0.4598,0.4479,0.4717,1508,0.167,385.3,381.7,388.8,74.05,72.26,75.94,66.55,0.534,387.8,80.08,384.2,391.4,78.55,81.78
bge-large-en-v1.5,item text,26.0,2,9035,61.26,14.1,0.613,8768,0.292,0.282,0.301,0.147,0.139,0.154,0.036,0.033,0.041,8702,0.008136,0.007485,0.008788,0.349,0.34,0.359,0.197,0.19,0.205,0.063,0.059,0.067,0.01009,0.009433,0.01074,6281,0.248,0.543,0.006851,0.2346,0.2615,0.4495,0.4326,0.4664,1450,0.16,384.1,380.4,387.7,77.23,75.65,78.87,62.55,0.544,385.6,80.48,381.9,389.2,79.03,82.02
bge-large-en-v1.5,item text,26.0,3,9035,58.51,15.16,0.648,8774,0.356,0.346,0.366,0.199,0.19,0.207,0.054,0.049,0.058,8629,0.009025,0.008339,0.00971,0.388,0.378,0.398,0.226,0.218,0.235,0.069,0.064,0.073,0.01017,0.009485,0.01086,6082,0.4428,0.741,0.009501,0.4242,0.4614,0.5526,0.5315,0.5737,1517,0.168,382.7,379.1,386.2,77.82,76.11,80.66,60.3,0.55,383.8,80.62,380.3,387.3,79.08,82.35
bge-large-en-v1.5,item text,26.0,4,9035,56.12,15.8,0.674,8742,0.399,0.388,0.409,0.228,0.22,0.237,0.066,0.061,0.071,8644,0.01049,0.009711,0.01128,0.409,0.399,0.419,0.237,0.228,0.246,0.071,0.066,0.076,0.01091,0.01013,0.0117,6025,0.6473,0.8872,0.01143,0.6249,0.6697,0.671,0.647,0.695,1638,0.181,384.0,380.7,387.4,81.53,80.06,83.35,57.27,0.556,384.4,83.8,381.1,387.7,82.37,85.03
bge-large-en-v1.5,item text,26.0,5,9035,54.62,16.1,0.675,8733,0.451,0.44,0.461,0.275,0.266,0.285,0.083,0.077,0.089,8663,0.0115,0.01057,0.01244,0.449,0.439,0.46,0.274,0.265,0.283,0.082,0.076,0.088,0.01151,0.01058,0.01244,5868,0.8742,1.045,0.01364,0.8475,0.901,0.854,0.827,0.8809,1600,0.177,380.7,377.3,384.0,85.78,84.08,87.49,56.38,0.578,380.8,86.49,377.5,384.2,84.87,88.24
bge-large-en-v1.5,item text,26.0,6,9036,52.67,16.22,0.695,8713,0.492,0.482,0.503,0.316,0.306,0.325,0.096,0.09,0.102,8596,0.01173,0.0108,0.01267,0.473,0.463,0.484,0.299,0.289,0.309,0.087,0.081,0.093,0.01112,0.01018,0.01205,5769,1.145,1.182,0.01556,1.115,1.176,1.065,1.034,1.095,1615,0.179,379.2,375.7,382.7,87.31,85.62,88.9,54.62,0.593,379.0,86.8,375.5,382.4,85.28,88.65
bge-large-en-v1.5,item text,26.0,7,9035,51.45,16.07,0.712,8702,0.548,0.538,0.559,0.372,0.362,0.383,0.129,0.122,0.136,8632,0.01468,0.01358,0.01578,0.518,0.508,0.528,0.346,0.336,0.356,0.115,0.108,0.122,0.0137,0.0126,0.0148,5572,1.517,1.359,0.0182,1.481,1.552,1.391,1.356,1.425,1757,0.194,379.2,375.9,382.4,91.08,88.9,92.57,51.99,0.634,378.1,90.45,374.8,381.3,88.8,91.8
bge-large-en-v1.5,item text,26.0,8,9035,50.14,16.02,0.718,8693,0.6,0.589,0.61,0.431,0.421,0.441,0.15,0.142,0.157,8594,0.01648,0.01536,0.0176,0.559,0.549,0.569,0.395,0.385,0.405,0.13,0.123,0.138,0.01511,0.01399,0.01623,5493,1.892,1.506,0.02033,1.852,1.932,1.736,1.698,1.774,1826,0.202,376.7,373.4,380.0,94.85,92.96,96.33,50.5,0.645,375.3,92.24,372.0,378.5,90.48,93.86
bge-large-en-v1.5,item text,26.0,9,9035,49.11,15.52,0.717,8684,0.66,0.65,0.67,0.492,0.481,0.502,0.182,0.174,0.19,8602,0.01955,0.01825,0.02085,0.61,0.601,0.62,0.448,0.438,0.458,0.159,0.151,0.167,0.01786,0.01657,0.01915,5503,2.31,1.644,0.02217,2.266,2.353,2.119,2.078,2.16,1926,0.213,368.1,364.8,371.4,99.19,97.23,100.3,49.61,0.697,367.0,95.02,363.8,370.3,93.05,96.65
bge-large-en-v1.5,item text,26.0,10,9035,47.43,14.62,0.692,8646,0.746,0.736,0.755,0.59,0.58,0.601,0.25,0.241,0.259,8594,0.02748,0.02575,0.02921,0.683,0.675,0.692,0.536,0.526,0.546,0.222,0.213,0.231,0.02528,0.02356,0.02701,5507,2.944,1.796,0.02421,2.897,2.992,2.708,2.663,2.753,1895,0.21,361.9,358.4,365.5,105.5,103.9,107.7,47.65,0.741,361.0,99.31,357.5,364.6,97.62,100.9
all-mpnet-base-v2,item text,23.0,1,9035,65.5,11.47,0.553,8791,0.233,0.224,0.242,0.104,0.097,0.11,0.021,0.018,0.024,8722,0.007812,0.0072,0.008425,0.332,0.323,0.341,0.191,0.185,0.198,0.065,0.062,0.068,0.01104,0.01042,0.01165,6497,0.1064,0.3521,0.004369,0.09779,0.1149,0.4707,0.4582,0.4831,1494,0.165,384.9,381.3,388.5,73.53,72.04,75.03,66.67,0.537,387.4,79.37,383.8,390.9,77.9,80.61
all-mpnet-base-v2,item text,23.0,2,9035,61.11,14.2,0.604,8774,0.297,0.288,0.307,0.147,0.14,0.154,0.037,0.033,0.041,8684,0.008357,0.007691,0.009022,0.354,0.345,0.364,0.197,0.19,0.205,0.063,0.059,0.067,0.01028,0.009606,0.01095,6307,0.2727,0.5639,0.0071,0.2588,0.2866,0.4743,0.4572,0.4914,1508,0.167,383.0,379.5,386.5,77.23,75.59,79.21,62.5,0.534,384.9,81.11,381.4,388.4,79.45,82.62
all-mpnet-base-v2,item text,23.0,3,9035,58.52,15.17,0.648,8774,0.344,0.334,0.354,0.19,0.182,0.198,0.048,0.044,0.053,8659,0.009206,0.00849,0.009922,0.376,0.366,0.386,0.218,0.21,0.226,0.063,0.059,0.068,0.01035,0.00963,0.01106,6131,0.4511,0.745,0.009514,0.4325,0.4698,0.5599,0.5391,0.5806,1484,0.164,384.6,381.1,388.1,78.25,76.55,80.47,59.99,0.536,385.6,81.49,382.0,389.1,79.22,82.88
all-mpnet-base-v2,item text,23.0,4,9035,56.1,15.88,0.67,8725,0.41,0.399,0.42,0.242,0.234,0.252,0.07,0.064,0.075,8635,0.009923,0.009121,0.01073,0.42,0.41,0.43,0.252,0.243,0.261,0.075,0.069,0.08,0.01036,0.009558,0.01117,5989,0.6507,0.9077,0.01173,0.6277,0.6737,0.6747,0.6503,0.699,1555,0.172,381.8,378.2,385.3,82.65,80.49,84.45,57.6,0.563,382.0,84.11,378.5,385.5,82.59,85.3
all-mpnet-base-v2,item text,23.0,5,9035,54.51,16.26,0.686,8712,0.445,0.435,0.456,0.27,0.261,0.279,0.084,0.078,0.09,8608,0.01184,0.01091,0.01278,0.443,0.433,0.453,0.268,0.259,0.277,0.082,0.076,0.088,0.01179,0.01086,0.01273,5892,0.8858,1.063,0.01385,0.8586,0.9129,0.8667,0.8394,0.8941,1643,0.182,381.6,378.1,385.0,85.29,83.34,87.09,55.74,0.584,381.4,85.56,378.0,384.9,83.79,87.05
all-mpnet-base-v2,item text,23.0,6,9036,52.76,16.1,0.692,8733,0.495,0.485,0.506,0.316,0.306,0.326,0.101,0.095,0.107,8655,0.01287,0.01187,0.01387,0.477,0.467,0.488,0.3,0.29,0.31,0.093,0.087,0.099,0.01228,0.01128,0.01328,5722,1.126,1.198,0.01583,1.095,1.157,1.05,1.019,1.081,1676,0.185,380.6,377.2,383.9,87.03,85.07,88.7,54.64,0.609,380.2,86.74,376.9,383.5,85.14,88.14
all-mpnet-base-v2,item text,23.0,7,9035,51.32,16.25,0.703,8723,0.544,0.533,0.554,0.374,0.364,0.384,0.129,0.122,0.136,8574,0.01359,0.01258,0.01459,0.514,0.504,0.524,0.348,0.338,0.358,0.114,0.108,0.121,0.01258,0.01157,0.01358,5586,1.48,1.364,0.01825,1.445,1.516,1.353,1.319,1.388,1706,0.189,378.5,375.3,381.8,90.87,88.62,92.68,51.98,0.616,377.6,90.56,374.4,380.8,88.8,91.87
all-mpnet-base-v2,item text,23.0,8,9035,50.28,15.88,0.717,8714,0.599,0.589,0.61,0.424,0.413,0.434,0.15,0.143,0.158,8621,0.01653,0.0154,0.01765,0.559,0.549,0.569,0.388,0.378,0.398,0.132,0.124,0.139,0.01519,0.01407,0.01631,5551,1.851,1.495,0.02007,1.812,1.89,1.691,1.653,1.729,1815,0.201,374.8,371.4,378.2,94.48,92.98,95.64,50.88,0.652,373.8,92.79,370.5,377.2,91.26,94.62
all-mpnet-base-v2,item text,23.0,9,9035,49.17,15.39,0.721,8662,0.659,0.649,0.669,0.494,0.483,0.504,0.181,0.173,0.189,8602,0.01931,0.01802,0.02061,0.608,0.599,0.618,0.45,0.439,0.46,0.158,0.15,0.166,0.01765,0.01636,0.01894,5504,2.317,1.629,0.02196,2.274,2.36,2.126,2.086,2.167,1956,0.216,369.4,366.1,372.7,98.32,96.74,99.85,49.76,0.707,368.4,94.76,365.1,371.6,93.07,96.46
all-mpnet-base-v2,item text,23.0,10,9035,47.63,14.65,0.692,8649,0.739,0.73,0.749,0.585,0.574,0.595,0.245,0.236,0.254,8605,0.02756,0.02582,0.02931,0.679,0.67,0.687,0.531,0.521,0.541,0.218,0.209,0.227,0.02542,0.02369,0.02716,5503,2.949,1.806,0.02434,2.902,2.997,2.721,2.675,2.766,1895,0.21,362.7,359.1,366.2,107.3,105.4,108.9,47.6,0.731,361.6,100.2,358.1,365.1,98.5,102.4
e5-large-v2,item text,26.0,1,9035,65.64,11.27,0.554,8807,0.227,0.219,0.236,0.099,0.093,0.106,0.021,0.018,0.024,8714,0.0072,0.006624,0.007776,0.327,0.318,0.336,0.188,0.181,0.194,0.066,0.063,0.069,0.01046,0.009882,0.01104,6557,0.1063,0.3371,0.004163,0.09814,0.1145,0.4736,0.4613,0.4859,1525,0.169,385.0,381.4,388.7,73.51,72.07,74.72,66.66,0.517,387.6,79.95,384.0,391.2,78.7,81.4
e5-large-v2,item text,26.0,2,9035,61.09,14.19,0.614,8760,0.296,0.286,0.305,0.147,0.14,0.155,0.038,0.034,0.042,8670,0.008224,0.007594,0.008853,0.352,0.342,0.361,0.196,0.189,0.204,0.064,0.06,0.068,0.01013,0.009498,0.01076,6282,0.2706,0.5634,0.007109,0.2567,0.2845,0.4665,0.4493,0.4837,1483,0.164,384.6,381.0,388.1,76.2,74.67,78.08,62.62,0.537,385.8,79.85,382.3,389.4,78.05,81.55
e5-large-v2,item text,26.0,3,9035,58.46,15.28,0.641,8773,0.341,0.331,0.351,0.186,0.178,0.194,0.048,0.044,0.053,8673,0.01008,0.009283,0.01088,0.374,0.364,0.384,0.215,0.206,0.223,0.064,0.059,0.068,0.0112,0.0104,0.012,6151,0.4315,0.7219,0.009204,0.4134,0.4495,0.5356,0.515,0.5561,1530,0.169,381.7,378.1,385.3,80.27,78.46,82.79,60.23,0.555,383.0,83.06,379.4,386.5,81.65,84.43
e5-large-v2,item text,26.0,4,9035,56.23,15.85,0.671,8757,0.397,0.387,0.408,0.225,0.217,0.234,0.062,0.057,0.067,8673,0.01002,0.009223,0.01082,0.409,0.399,0.419,0.236,0.227,0.244,0.068,0.063,0.073,0.0105,0.009695,0.0113,6038,0.6312,0.8827,0.01136,0.6089,0.6534,0.6623,0.6386,0.6859,1506,0.167,384.1,380.7,387.6,81.47,79.86,83.26,57.37,0.554,384.4,83.16,381.0,387.8,81.46,85.21
e5-large-v2,item text,26.0,5,9035,54.79,16.08,0.679,8688,0.449,0.439,0.46,0.277,0.268,0.286,0.083,0.078,0.089,8610,0.01071,0.009875,0.01154,0.449,0.439,0.459,0.276,0.267,0.286,0.083,0.078,0.089,0.01075,0.009922,0.01159,5814,0.8682,1.026,0.01345,0.8419,0.8946,0.8517,0.8246,0.8789,1630,0.18,380.4,376.9,384.0,85.85,84.02,88.17,56.87,0.582,380.9,86.01,377.4,384.4,84.16,87.76
e5-large-v2,item text,26.0,6,9036,52.77,16.15,0.691,8734,0.495,0.484,0.505,0.315,0.305,0.325,0.102,0.096,0.109,8594,0.01314,0.01212,0.01416,0.477,0.467,0.487,0.299,0.29,0.309,0.094,0.088,0.1,0.01257,0.01155,0.01359,5745,1.137,1.179,0.01556,1.106,1.167,1.062,1.032,1.093,1717,0.19,380.3,377.0,383.5,86.53,84.46,87.81,54.15,0.595,379.9,86.12,376.7,383.1,84.83,87.9
e5-large-v2,item text,26.0,7,9035,51.33,16.13,0.706,8733,0.549,0.538,0.559,0.373,0.363,0.383,0.125,0.118,0.132,8627,0.01441,0.01332,0.01549,0.518,0.508,0.529,0.346,0.336,0.356,0.111,0.104,0.118,0.01339,0.01231,0.01447,5610,1.501,1.372,0.01832,1.465,1.537,1.377,1.342,1.411,1713,0.19,378.2,374.9,381.6,90.4,88.37,91.97,52.24,0.642,377.1,90.09,373.9,380.4,88.23,91.59
e5-large-v2,item text,26.0,8,9035,49.98,15.93,0.724,8699,0.603,0.593,0.613,0.435,0.425,0.446,0.15,0.143,0.158,8608,0.01637,0.01525,0.01749,0.56,0.55,0.57,0.398,0.387,0.408,0.13,0.123,0.138,0.01494,0.01383,0.01606,5516,1.896,1.512,0.02036,1.856,1.935,1.73,1.691,1.768,1820,0.201,374.1,370.8,377.4,95.43,93.8,97.34,50.32,0.662,372.7,92.69,369.5,376.0,90.8,94.57
e5-large-v2,item text,26.0,9,9035,49.37,15.53,0.714,8661,0.66,0.65,0.67,0.494,0.484,0.505,0.182,0.174,0.19,8600,0.01889,0.01762,0.02016,0.613,0.603,0.622,0.453,0.442,0.463,0.161,0.153,0.169,0.01727,0.01601,0.01854,5467,2.317,1.636,0.02213,2.273,2.36,2.133,2.092,2.174,1908,0.211,372.0,368.6,375.3,100.0,98.45,101.8,49.44,0.681,370.9,95.74,367.6,374.2,94.13,97.42
e5-large-v2,item text,26.0,10,9035,47.26,14.52,0.693,8645,0.748,0.739,0.757,0.593,0.583,0.603,0.252,0.243,0.261,8596,0.02799,0.02624,0.02973,0.684,0.676,0.693,0.537,0.527,0.547,0.223,0.214,0.232,0.02575,0.02401,0.02749,5502,2.959,1.8,0.02427,2.912,3.007,2.718,2.673,2.763,1900,0.21,361.2,357.6,364.8,105.1,103.3,106.7,47.37,0.747,360.2,98.93,356.7,363.7,97.59,100.5
qwen3-embedding-0.6b,item text,25.0,1,9035,65.41,11.6,0.551,8803,0.231,0.222,0.24,0.103,0.097,0.109,0.021,0.018,0.024,8736,0.007595,0.006984,0.008206,0.329,0.32,0.338,0.19,0.183,0.196,0.065,0.062,0.068,0.01079,0.01018,0.01141,6580,0.1093,0.3561,0.00439,0.1007,0.1179,0.4705,0.4581,0.483,1541,0.171,385.7,382.2,389.2,73.93,72.58,75.56,66.29,0.52,387.9,79.89,384.4,391.4,78.21,81.37
qwen3-embedding-0.6b,item text,25.0,2,9035,61.28,14.15,0.608,8770,0.297,0.287,0.306,0.149,0.142,0.157,0.036,0.032,0.04,8669,0.008159,0.007524,0.008793,0.356,0.346,0.365,0.201,0.193,0.208,0.062,0.059,0.066,0.01013,0.00949,0.01077,6258,0.2629,0.5623,0.007108,0.2489,0.2768,0.4707,0.4534,0.488,1484,0.164,383.1,379.6,386.7,76.47,75.0,78.27,62.31,0.555,384.7,80.23,381.2,388.2,78.69,82.17
qwen3-embedding-0.6b,item text,25.0,3,9035,58.34,15.24,0.648,8763,0.354,0.344,0.364,0.191,0.183,0.2,0.053,0.048,0.058,8678,0.009312,0.008595,0.01003,0.384,0.374,0.394,0.217,0.209,0.226,0.067,0.062,0.072,0.01039,0.00967,0.01111,6080,0.4475,0.7478,0.00959,0.4287,0.4663,0.5489,0.5278,0.57,1535,0.17,381.7,378.1,385.3,79.89,77.8,81.78,60.19,0.547,382.6,82.18,379.0,386.2,80.5,83.57
qwen3-embedding-0.6b,item text,25.0,4,9035,56.26,15.71,0.67,8729,0.397,0.386,0.407,0.233,0.224,0.242,0.069,0.064,0.075,8619,0.009755,0.009014,0.0105,0.408,0.398,0.418,0.243,0.234,0.252,0.075,0.07,0.08,0.01023,0.009486,0.01097,5929,0.6591,0.9145,0.01188,0.6359,0.6824,0.6932,0.6689,0.7174,1540,0.17,382.8,379.3,386.3,81.36,79.78,82.84,58.04,0.558,383.5,83.13,380.0,387.0,81.71,84.61
qwen3-embedding-0.6b,item text,25.0,5,9035,54.31,16.14,0.682,8750,0.453,0.443,0.464,0.277,0.267,0.286,0.084,0.078,0.09,8629,0.01176,0.01082,0.0127,0.449,0.439,0.459,0.273,0.264,0.282,0.082,0.077,0.088,0.01166,0.01073,0.0126,5933,0.8972,1.062,0.01378,0.8702,0.9242,0.8593,0.832,0.8866,1624,0.18,381.9,378.6,385.2,86.61,84.75,87.89,55.39,0.584,382.0,85.34,378.7,385.2,83.85,87.58
qwen3-embedding-0.6b,item text,25.0,6,9036,52.89,16.15,0.695,8693,0.493,0.482,0.503,0.32,0.311,0.33,0.099,0.093,0.105,8637,0.0131,0.01209,0.01411,0.476,0.466,0.486,0.306,0.296,0.315,0.091,0.085,0.097,0.01254,0.01153,0.01355,5766,1.151,1.228,0.01617,1.119,1.183,1.081,1.049,1.112,1665,0.184,380.0,376.5,383.4,87.77,86.03,89.51,54.44,0.592,379.7,87.91,376.3,383.1,86.11,89.64
qwen3-embedding-0.6b,item text,25.0,7,9035,51.53,16.15,0.703,8723,0.544,0.533,0.554,0.373,0.363,0.383,0.122,0.116,0.129,8599,0.0138,0.01277,0.01484,0.515,0.505,0.525,0.348,0.338,0.358,0.109,0.102,0.116,0.01287,0.01184,0.01391,5602,1.454,1.331,0.01778,1.419,1.489,1.338,1.304,1.372,1741,0.193,378.8,375.3,382.2,90.64,89.06,92.53,52.44,0.632,378.1,90.09,374.7,381.5,88.62,91.51
qwen3-embedding-0.6b,item text,25.0,8,9035,50.01,15.85,0.719,8681,0.596,0.586,0.607,0.416,0.406,0.426,0.156,0.148,0.163,8581,0.0167,0.01554,0.01786,0.554,0.544,0.564,0.379,0.369,0.389,0.136,0.129,0.144,0.01529,0.01414,0.01645,5516,1.912,1.507,0.02029,1.873,1.952,1.742,1.703,1.78,1842,0.204,376.6,373.4,379.9,94.93,92.68,96.32,50.85,0.65,375.5,91.95,372.3,378.7,90.48,93.91
qwen3-embedding-0.6b,item text,25.0,9,9035,49.34,15.61,0.722,8702,0.663,0.653,0.673,0.502,0.492,0.513,0.178,0.171,0.187,8629,0.01918,0.01788,0.02048,0.615,0.605,0.624,0.46,0.45,0.47,0.156,0.149,0.164,0.01754,0.01624,0.01884,5503,2.303,1.649,0.02223,2.26,2.347,2.121,2.08,2.162,1872,0.207,368.0,364.6,371.4,99.1,97.4,100.3,49.38,0.696,366.6,95.45,363.2,369.9,93.51,97.06
qwen3-embedding-0.6b,item text,25.0,10,9035,47.54,14.74,0.687,8643,0.739,0.729,0.748,0.58,0.569,0.59,0.246,0.237,0.256,8588,0.02768,0.02595,0.02941,0.678,0.669,0.687,0.526,0.516,0.536,0.219,0.21,0.228,0.02551,0.02379,0.02723,5515,2.89,1.82,0.02451,2.842,2.938,2.66,2.615,2.705,1888,0.209,362.5,359.0,366.1,106.2,104.3,108.3,47.54,0.742,361.5,99.72,358.1,365.0,98.0,101.9
tfidf4,item text,4.0,1,9035,61.31,14.71,0.546,8791,0.359,0.349,0.369,0.207,0.199,0.216,0.049,0.045,0.054,8686,0.00972,0.008936,0.0105,0.425,0.415,0.435,0.266,0.258,0.274,0.078,0.074,0.083,0.01172,0.01093,0.0125,6007,0.546,0.9363,0.01208,0.5224,0.5697,0.7968,0.7756,0.818,1622,0.18,378.4,374.9,381.9,81.12,79.44,82.62,61.81,0.581,380.5,85.23,377.0,384.0,83.18,86.82
tfidf4,item text,4.0,2,9035,59.52,15.21,0.59,8764,0.372,0.362,0.382,0.215,0.206,0.224,0.058,0.054,0.063,8702,0.01056,0.009709,0.01142,0.419,0.409,0.428,0.256,0.248,0.264,0.079,0.074,0.084,0.01201,0.01115,0.01286,6109,0.6057,0.9837,0.01259,0.581,0.6303,0.7868,0.7642,0.8093,1626,0.18,386.2,383.0,389.4,80.2,78.32,81.96,59.72,0.563,387.5,83.3,384.3,390.7,81.93,84.51
tfidf4,item text,4.0,3,9035,57.83,15.55,0.628,8757,0.385,0.374,0.395,0.226,0.218,0.235,0.067,0.062,0.072,8657,0.01017,0.009369,0.01096,0.413,0.403,0.423,0.251,0.243,0.26,0.08,0.074,0.085,0.01111,0.01032,0.01191,6036,0.6796,1.065,0.0137,0.6527,0.7064,0.7907,0.7654,0.816,1549,0.171,381.1,377.5,384.7,82.91,80.84,84.42,59.37,0.586,382.0,84.01,378.4,385.6,82.28,85.92
tfidf4,item text,4.0,4,9035,56.29,15.79,0.67,8752,0.412,0.402,0.422,0.247,0.238,0.256,0.069,0.064,0.075,8673,0.01147,0.01055,0.01239,0.424,0.414,0.434,0.258,0.249,0.267,0.075,0.07,0.08,0.01197,0.01105,0.01288,6066,0.7695,1.117,0.01435,0.7414,0.7977,0.8147,0.7877,0.8416,1632,0.181,381.1,377.6,384.6,82.56,80.86,84.44,57.19,0.568,381.6,84.68,378.2,385.1,82.96,86.15
tfidf4,item text,4.0,5,9035,54.65,16.06,0.687,8729,0.444,0.433,0.454,0.271,0.262,0.28,0.085,0.079,0.091,8597,0.01127,0.01038,0.01217,0.441,0.431,0.452,0.269,0.26,0.278,0.084,0.078,0.09,0.01127,0.01038,0.01216,5970,0.8801,1.198,0.0155,0.8497,0.9104,0.871,0.8413,0.9008,1567,0.173,381.2,377.7,384.7,85.14,83.22,87.67,56.02,0.577,381.1,86.16,377.6,384.6,84.51,88.11
tfidf4,item text,4.0,6,9036,53.27,16.24,0.696,8723,0.466,0.456,0.477,0.302,0.292,0.312,0.099,0.093,0.106,8621,0.0126,0.01167,0.01352,0.452,0.442,0.463,0.29,0.281,0.299,0.093,0.087,0.099,0.01215,0.01123,0.01307,5955,1.04,1.306,0.01693,1.007,1.073,0.9797,0.9475,1.012,1618,0.179,378.5,374.9,382.0,85.53,83.48,87.5,53.94,0.591,377.8,85.13,374.3,381.3,83.79,87.13
tfidf4,item text,4.0,7,9035,52.23,16.34,0.707,8685,0.503,0.493,0.514,0.331,0.322,0.341,0.108,0.102,0.115,8614,0.01424,0.01314,0.01535,0.481,0.471,0.491,0.312,0.302,0.322,0.098,0.091,0.104,0.01349,0.01239,0.0146,5798,1.22,1.37,0.01799,1.184,1.255,1.117,1.083,1.152,1655,0.183,377.0,373.6,380.5,88.44,86.55,90.57,52.57,0.608,375.7,87.7,372.3,379.1,85.97,89.56
tfidf4,item text,4.0,8,9035,51.13,16.04,0.713,8699,0.548,0.538,0.558,0.383,0.373,0.393,0.133,0.126,0.14,8586,0.01581,0.01467,0.01694,0.515,0.505,0.526,0.354,0.344,0.364,0.118,0.111,0.125,0.01475,0.01362,0.01588,5786,1.555,1.529,0.0201,1.515,1.594,1.426,1.387,1.464,1723,0.191,375.1,371.7,378.5,92.03,90.28,93.49,52.55,0.628,374.5,90.16,371.1,377.8,88.67,91.44
tfidf4,item text,4.0,9,9035,50.7,15.76,0.729,8687,0.605,0.595,0.616,0.439,0.429,0.45,0.168,0.16,0.176,8642,0.01723,0.016,0.01846,0.567,0.557,0.577,0.405,0.395,0.415,0.151,0.143,0.159,0.01601,0.01478,0.01723,5525,1.979,1.706,0.02295,1.934,2.024,1.824,1.781,1.868,1820,0.201,373.7,370.3,377.1,96.78,95.09,98.14,50.79,0.691,372.3,93.75,368.9,375.6,91.85,95.38
tfidf4,item text,4.0,10,9035,49.99,15.02,0.72,8670,0.668,0.658,0.678,0.519,0.508,0.529,0.226,0.217,0.235,8587,0.02389,0.02234,0.02543,0.623,0.613,0.632,0.478,0.468,0.488,0.207,0.198,0.215,0.02245,0.02091,0.02399,5430,2.59,1.885,0.02558,2.54,2.64,2.415,2.368,2.463,1920,0.213,366.4,362.9,369.8,102.3,100.3,104.1,50.22,0.709,366.0,97.32,362.6,369.4,95.64,98.73
tfidf25,item text,25.0,1,9035,65.35,11.5,0.544,8794,0.222,0.213,0.231,0.098,0.092,0.105,0.021,0.018,0.024,8710,0.007682,0.007088,0.008276,0.32,0.311,0.329,0.185,0.179,0.192,0.065,0.062,0.068,0.01086,0.01027,0.01146,6539,0.1005,0.3452,0.004269,0.09211,0.1088,0.4587,0.4462,0.4712,1454,0.161,386.1,382.5,389.6,74.0,72.41,75.95,66.34,0.526,388.7,80.29,385.1,392.2,78.45,81.81
tfidf25,item text,25.0,2,9035,61.29,13.95,0.6,8776,0.295,0.286,0.305,0.15,0.143,0.158,0.034,0.03,0.038,8686,0.00829,0.007654,0.008927,0.354,0.344,0.363,0.202,0.194,0.209,0.061,0.057,0.065,0.01027,0.009634,0.01091,6257,0.2691,0.5535,0.006998,0.2554,0.2829,0.4748,0.4578,0.4918,1479,0.164,383.3,379.7,386.9,76.24,74.53,77.97,63.22,0.55,385.3,80.53,381.7,388.9,78.94,81.97
tfidf25,item text,25.0,3,9035,58.46,15.26,0.646,8774,0.345,0.336,0.355,0.185,0.177,0.193,0.056,0.051,0.061,8686,0.00959,0.008831,0.01035,0.377,0.368,0.387,0.213,0.205,0.221,0.071,0.066,0.075,0.0107,0.00994,0.01146,6128,0.4272,0.7222,0.009225,0.4091,0.4453,0.5387,0.5181,0.5593,1519,0.168,381.6,378.0,385.3,78.65,77.02,80.74,60.04,0.552,382.4,81.1,378.8,386.0,79.41,83.18
tfidf25,item text,25.0,4,9035,56.71,15.67,0.666,8756,0.402,0.392,0.412,0.234,0.225,0.243,0.066,0.061,0.071,8641,0.01009,0.009282,0.0109,0.417,0.407,0.428,0.248,0.239,0.256,0.073,0.068,0.079,0.0107,0.009894,0.01151,5994,0.6476,0.9059,0.0117,0.6247,0.6706,0.7006,0.6762,0.725,1601,0.177,381.2,377.6,384.8,82.76,80.72,84.4,59.04,0.562,381.9,83.81,378.3,385.4,82.44,85.56
tfidf25,item text,25.0,5,9035,54.25,16.17,0.68,8722,0.452,0.442,0.463,0.278,0.269,0.288,0.08,0.075,0.086,8637,0.01124,0.01038,0.01211,0.447,0.437,0.458,0.274,0.265,0.283,0.078,0.073,0.084,0.01111,0.01024,0.01197,5929,0.89,1.073,0.01393,0.8627,0.9173,0.8615,0.8338,0.8892,1631,0.181,380.0,376.8,383.3,85.21,83.54,87.01,55.09,0.571,380.3,86.42,377.1,383.5,84.93,87.94
tfidf25,item text,25.0,6,9036,52.97,16.2,0.697,8700,0.503,0.492,0.513,0.324,0.314,0.334,0.1,0.094,0.107,8588,0.01337,0.01231,0.01443,0.486,0.475,0.496,0.31,0.3,0.319,0.093,0.086,0.099,0.01286,0.01181,0.01392,5706,1.158,1.205,0.01596,1.127,1.19,1.08,1.048,1.111,1604,0.178,380.4,377.0,383.8,88.01,86.74,90.26,54.09,0.599,379.6,87.58,376.1,383.0,85.88,89.64
tfidf25,item text,25.0,7,9035,51.4,16.09,0.713,8726,0.553,0.542,0.563,0.372,0.361,0.382,0.129,0.123,0.137,8598,0.01281,0.0119,0.01372,0.522,0.512,0.532,0.344,0.334,0.354,0.115,0.108,0.122,0.01182,0.01091,0.01273,5542,1.473,1.346,0.01808,1.438,1.509,1.342,1.308,1.377,1784,0.197,379.8,376.5,383.1,90.49,88.57,92.32,52.57,0.621,379.0,89.11,375.7,382.2,87.34,90.45
tfidf25,item text,25.0,8,9035,49.73,15.81,0.724,8715,0.603,0.593,0.614,0.436,0.425,0.446,0.149,0.142,0.157,8604,0.01697,0.01577,0.01816,0.559,0.549,0.569,0.397,0.386,0.407,0.129,0.121,0.136,0.01547,0.01428,0.01666,5540,1.9,1.481,0.0199,1.861,1.939,1.725,1.688,1.763,1882,0.208,377.0,373.8,380.2,95.29,93.33,97.02,51.06,0.655,376.1,92.77,373.0,379.2,91.22,94.77
tfidf25,item text,25.0,9,9035,48.89,15.53,0.726,8659,0.661,0.651,0.671,0.494,0.483,0.504,0.187,0.179,0.195,8618,0.02032,0.01894,0.02169,0.609,0.599,0.619,0.448,0.438,0.458,0.163,0.155,0.171,0.01856,0.01719,0.01992,5458,2.331,1.648,0.02231,2.288,2.375,2.131,2.089,2.172,1865,0.206,367.4,363.9,370.9,99.33,97.65,101.0,48.85,0.695,365.9,95.25,362.5,369.4,94.01,96.63
tfidf25,item text,25.0,10,9035,47.86,14.92,0.689,8635,0.73,0.721,0.739,0.573,0.563,0.584,0.241,0.233,0.251,8597,0.02666,0.02498,0.02835,0.672,0.663,0.681,0.522,0.512,0.533,0.215,0.206,0.224,0.0246,0.02293,0.02628,5589,2.884,1.825,0.02441,2.837,2.932,2.666,2.621,2.711,1913,0.212,364.5,361.0,368.0,104.4,102.9,106.5,47.51,0.741,363.3,98.67,359.9,366.7,97.14,100.3
pca,responses,25.0,1,9035,66.13,11.0,0.546,8799,0.232,0.224,0.241,0.104,0.098,0.111,0.021,0.018,0.024,8722,0.007707,0.007083,0.008331,0.338,0.329,0.347,0.197,0.191,0.204,0.068,0.065,0.071,0.01112,0.01049,0.01174,6421,0.1067,0.3521,0.004394,0.09807,0.1153,0.4922,0.4798,0.5046,1521,0.168,383.4,379.6,387.1,74.07,72.6,75.73,67.07,0.534,385.8,80.23,382.1,389.5,78.89,81.62
pca,responses,25.0,2,9035,61.45,13.94,0.614,8786,0.295,0.286,0.305,0.147,0.139,0.154,0.037,0.033,0.041,8681,0.008129,0.007525,0.008733,0.354,0.345,0.364,0.198,0.191,0.206,0.064,0.06,0.068,0.01015,0.00954,0.01076,6352,0.2366,0.5071,0.006363,0.2241,0.2491,0.4472,0.431,0.4634,1452,0.161,383.9,380.3,387.6,76.27,74.49,78.19,62.81,0.532,385.4,80.17,381.8,389.0,78.45,81.61
pca,responses,25.0,3,9035,58.56,15.27,0.647,8763,0.344,0.334,0.354,0.188,0.18,0.197,0.051,0.046,0.055,8693,0.009334,0.008589,0.01008,0.377,0.367,0.387,0.217,0.209,0.225,0.066,0.061,0.07,0.01048,0.009736,0.01123,6151,0.416,0.6815,0.00869,0.399,0.4331,0.5244,0.5044,0.5444,1510,0.167,383.5,380.0,387.0,80.66,78.82,82.23,60.81,0.546,384.7,83.64,381.3,388.2,82.17,85.1
pca,responses,25.0,4,9035,56.3,15.79,0.667,8770,0.392,0.382,0.403,0.226,0.218,0.235,0.062,0.057,0.068,8676,0.01013,0.009299,0.01096,0.405,0.395,0.415,0.237,0.229,0.246,0.068,0.063,0.073,0.01061,0.009779,0.01144,6013,0.6263,0.846,0.01091,0.6049,0.6477,0.665,0.6416,0.6884,1574,0.174,382.3,378.8,385.8,81.52,80.14,83.38,57.39,0.569,382.6,83.51,379.2,386.1,81.77,84.74
pca,responses,25.0,5,9035,54.37,16.08,0.681,8709,0.444,0.433,0.454,0.27,0.261,0.279,0.083,0.078,0.089,8578,0.0111,0.01024,0.01197,0.44,0.43,0.45,0.266,0.257,0.276,0.082,0.076,0.088,0.01103,0.01016,0.0119,5855,0.8413,1.003,0.01311,0.8156,0.867,0.8132,0.7866,0.8398,1633,0.181,381.8,378.5,385.1,83.28,81.55,85.33,55.95,0.584,382.2,83.74,379.0,385.5,81.94,85.41
pca,responses,25.0,6,9036,52.47,16.13,0.69,8700,0.502,0.492,0.513,0.321,0.311,0.331,0.098,0.092,0.105,8633,0.01236,0.01145,0.01326,0.482,0.472,0.492,0.303,0.294,0.313,0.089,0.083,0.095,0.01167,0.01077,0.01258,5749,1.16,1.164,0.01535,1.13,1.19,1.068,1.038,1.098,1701,0.188,382.2,378.8,385.5,87.13,85.3,89.11,54.15,0.596,381.6,87.16,378.3,384.9,85.6,88.76
pca,responses,25.0,7,9035,51.34,15.99,0.707,8713,0.554,0.544,0.565,0.376,0.366,0.386,0.118,0.112,0.125,8585,0.01418,0.01312,0.01524,0.523,0.513,0.533,0.348,0.338,0.358,0.104,0.097,0.111,0.01318,0.01213,0.01424,5577,1.509,1.323,0.01771,1.474,1.544,1.372,1.338,1.406,1758,0.195,377.7,374.5,380.9,90.25,88.25,92.12,52.52,0.624,377.0,89.82,373.9,380.2,87.89,91.27
pca,responses,25.0,8,9035,49.78,15.64,0.719,8695,0.608,0.598,0.618,0.437,0.427,0.447,0.155,0.147,0.162,8620,0.01632,0.01517,0.01746,0.563,0.553,0.573,0.398,0.387,0.408,0.134,0.127,0.142,0.01482,0.01368,0.01596,5494,1.908,1.467,0.01979,1.869,1.947,1.739,1.701,1.776,1801,0.199,374.1,370.8,377.4,94.66,92.98,95.91,49.94,0.647,372.8,92.16,369.5,376.1,90.49,93.86
pca,responses,25.0,9,9035,48.86,15.32,0.727,8682,0.674,0.664,0.684,0.507,0.497,0.518,0.185,0.177,0.193,8615,0.01992,0.01861,0.02123,0.621,0.612,0.631,0.461,0.45,0.471,0.161,0.153,0.169,0.01814,0.01683,0.01945,5478,2.4,1.638,0.02213,2.357,2.444,2.193,2.151,2.234,1903,0.211,366.7,363.2,370.2,99.93,98.73,101.5,49.24,0.695,365.5,96.29,362.0,368.9,94.72,98.2
pca,responses,25.0,10,9035,47.65,15.07,0.688,8640,0.72,0.71,0.729,0.568,0.558,0.579,0.255,0.246,0.264,8562,0.02792,0.02616,0.02969,0.661,0.652,0.67,0.517,0.507,0.527,0.227,0.218,0.236,0.02581,0.02405,0.02756,5592,2.881,1.906,0.02549,2.831,2.931,2.669,2.622,2.715,1879,0.208,365.8,362.2,369.3,106.1,104.2,108.1,47.54,0.747,364.6,99.66,361.2,368.1,98.12,101.7
factor,responses,25.0,1,9035,65.66,11.55,0.525,8808,0.228,0.219,0.237,0.099,0.093,0.106,0.023,0.02,0.026,8710,0.007794,0.007178,0.008411,0.331,0.322,0.34,0.191,0.185,0.197,0.068,0.065,0.072,0.01108,0.01047,0.0117,6498,0.1187,0.3607,0.004475,0.1099,0.1274,0.4936,0.4809,0.5063,1510,0.167,381.5,377.7,385.3,74.9,73.32,76.77,66.78,0.523,384.2,80.61,380.4,388.0,79.12,82.38
factor,responses,25.0,2,9035,60.77,14.25,0.614,8786,0.292,0.283,0.302,0.145,0.138,0.153,0.034,0.03,0.038,8682,0.008327,0.007679,0.008974,0.346,0.336,0.355,0.192,0.185,0.2,0.058,0.054,0.062,0.01014,0.00949,0.0108,6289,0.2598,0.5394,0.006802,0.2465,0.2731,0.4463,0.4295,0.4631,1463,0.162,383.5,379.9,387.1,74.9,73.33,76.71,62.51,0.537,385.3,79.99,381.7,388.9,78.3,81.79
factor,responses,25.0,3,9035,57.86,15.53,0.643,8744,0.348,0.338,0.358,0.19,0.182,0.198,0.051,0.047,0.056,8657,0.008891,0.008214,0.009568,0.375,0.365,0.385,0.214,0.206,0.222,0.064,0.059,0.068,0.009842,0.009164,0.01052,6145,0.4352,0.7111,0.009071,0.4174,0.4529,0.5247,0.5043,0.5451,1494,0.165,387.0,383.5,390.4,77.98,76.44,79.76,59.67,0.554,387.9,81.28,384.5,391.3,79.89,82.61
factor,responses,25.0,4,9035,55.66,16.1,0.668,8745,0.393,0.383,0.403,0.224,0.215,0.233,0.062,0.057,0.067,8637,0.01001,0.009186,0.01083,0.401,0.391,0.411,0.23,0.222,0.239,0.065,0.06,0.07,0.01031,0.009486,0.01113,6030,0.6418,0.8701,0.0112,0.6198,0.6638,0.6594,0.6359,0.6828,1604,0.178,382.7,379.3,386.1,82.29,80.47,83.58,56.78,0.546,383.0,83.1,379.6,386.3,81.72,84.73
factor,responses,25.0,5,9035,54.28,16.07,0.686,8747,0.46,0.449,0.47,0.282,0.273,0.292,0.086,0.08,0.092,8621,0.01182,0.01091,0.01273,0.455,0.444,0.465,0.277,0.268,0.287,0.084,0.078,0.089,0.01168,0.01078,0.01259,5815,0.8868,1.036,0.01358,0.8602,0.9135,0.8505,0.8235,0.8776,1623,0.18,380.5,377.0,384.1,84.29,82.99,85.76,56.17,0.576,380.4,84.92,376.9,383.9,83.38,86.36
factor,responses,25.0,6,9036,52.84,16.21,0.695,8697,0.5,0.489,0.51,0.321,0.312,0.331,0.106,0.1,0.113,8666,0.01256,0.01161,0.01351,0.483,0.473,0.493,0.307,0.297,0.316,0.098,0.092,0.105,0.012,0.01105,0.01295,5646,1.192,1.214,0.01615,1.161,1.224,1.12,1.089,1.151,1669,0.185,380.4,377.2,383.6,87.42,86.15,89.09,53.64,0.608,379.7,88.1,376.5,382.8,86.53,89.75
factor,responses,25.0,7,9035,51.52,15.99,0.714,8717,0.561,0.551,0.572,0.384,0.374,0.394,0.125,0.119,0.133,8597,0.01462,0.01352,0.01571,0.531,0.521,0.541,0.357,0.347,0.367,0.112,0.105,0.119,0.01365,0.01255,0.01474,5595,1.547,1.37,0.01831,1.511,1.582,1.42,1.385,1.455,1807,0.2,377.4,374.2,380.6,91.78,90.53,93.2,52.89,0.631,376.9,91.21,373.7,380.1,89.86,92.54
factor,responses,25.0,8,9035,49.72,15.54,0.728,8683,0.622,0.611,0.632,0.449,0.439,0.46,0.159,0.152,0.167,8595,0.01573,0.01463,0.01682,0.575,0.565,0.585,0.408,0.398,0.419,0.138,0.131,0.146,0.01423,0.01315,0.01532,5488,1.958,1.503,0.02028,1.919,1.998,1.784,1.746,1.822,1849,0.205,374.1,370.8,377.5,95.01,93.34,96.67,50.1,0.657,373.1,92.22,369.8,376.4,90.12,94.14
factor,responses,25.0,9,9035,49.3,15.56,0.732,8689,0.666,0.656,0.676,0.505,0.494,0.516,0.188,0.18,0.197,8618,0.02076,0.01939,0.02214,0.617,0.608,0.627,0.462,0.451,0.472,0.166,0.158,0.174,0.01912,0.01776,0.02049,5453,2.357,1.676,0.02269,2.312,2.401,2.169,2.127,2.211,1890,0.209,369.1,365.7,372.5,100.4,98.93,102.3,49.28,0.699,367.2,96.5,363.9,370.6,94.85,98.18
factor,responses,25.0,10,9035,49.29,15.32,0.681,8641,0.696,0.686,0.706,0.544,0.534,0.555,0.231,0.222,0.24,8582,0.02653,0.02482,0.02824,0.65,0.641,0.659,0.504,0.494,0.514,0.21,0.201,0.219,0.02491,0.02321,0.0266,5723,2.651,1.936,0.02558,2.601,2.702,2.484,2.438,2.531,1823,0.202,364.6,361.0,368.2,104.2,102.5,106.4,49.15,0.745,364.2,98.47,360.7,367.8,96.91,100.2
mca90,responses,90.0,1,9035,64.12,12.86,0.562,8817,0.224,0.215,0.232,0.097,0.091,0.103,0.018,0.016,0.022,8698,0.007763,0.00711,0.008417,0.311,0.302,0.32,0.174,0.168,0.181,0.057,0.054,0.06,0.01056,0.009908,0.01122,6598,0.1599,0.3994,0.004917,0.1503,0.1695,0.474,0.4599,0.4882,1506,0.167,384.7,380.9,388.4,73.77,72.1,76.0,65.33,0.524,386.9,79.25,383.1,390.6,77.68,81.28
mca90,responses,90.0,2,9035,60.58,14.58,0.627,8783,0.296,0.287,0.306,0.144,0.137,0.151,0.029,0.026,0.033,8704,0.008338,0.007692,0.008983,0.348,0.338,0.357,0.189,0.181,0.196,0.052,0.049,0.056,0.01009,0.009445,0.01074,6331,0.2892,0.5388,0.006771,0.2759,0.3025,0.4656,0.4481,0.483,1546,0.171,386.8,383.5,390.1,76.48,75.21,78.65,62.65,0.539,388.3,81.01,385.0,391.6,79.33,82.5
mca90,responses,90.0,3,9035,58.57,15.26,0.647,8724,0.329,0.319,0.339,0.173,0.165,0.181,0.044,0.04,0.049,8662,0.009534,0.008785,0.01028,0.362,0.352,0.372,0.202,0.194,0.21,0.059,0.055,0.064,0.0107,0.00995,0.01145,6259,0.4231,0.6465,0.008172,0.4071,0.4391,0.5304,0.5113,0.5496,1473,0.163,385.6,382.0,389.2,77.62,76.05,79.36,61.19,0.543,386.5,81.09,383.0,390.1,79.79,82.28
mca90,responses,90.0,4,9035,57.29,15.44,0.655,8765,0.38,0.37,0.39,0.218,0.209,0.226,0.054,0.049,0.059,8624,0.009901,0.009139,0.01066,0.401,0.391,0.411,0.236,0.227,0.244,0.064,0.059,0.069,0.0107,0.009934,0.01146,6045,0.5722,0.7659,0.009851,0.5529,0.5915,0.6326,0.6113,0.654,1548,0.171,381.7,378.1,385.3,80.72,78.86,82.91,58.55,0.546,382.6,83.02,379.1,386.2,81.49,84.81
mca90,responses,90.0,5,9035,55.44,15.75,0.669,8733,0.43,0.42,0.441,0.258,0.249,0.267,0.067,0.062,0.073,8676,0.01086,0.009989,0.01172,0.435,0.424,0.445,0.262,0.252,0.271,0.07,0.065,0.075,0.01108,0.01021,0.01194,5914,0.7949,0.9128,0.01187,0.7716,0.8182,0.7975,0.773,0.8221,1551,0.172,382.8,379.5,386.2,83.35,82.04,85.29,56.72,0.567,383.1,85.0,379.8,386.4,83.22,87.1
mca90,responses,90.0,6,9036,53.8,15.89,0.687,8753,0.495,0.485,0.506,0.316,0.307,0.326,0.096,0.09,0.102,8635,0.01201,0.01111,0.01292,0.485,0.475,0.495,0.307,0.298,0.317,0.092,0.086,0.098,0.01174,0.01084,0.01265,5719,1.097,1.067,0.01411,1.07,1.125,1.049,1.021,1.076,1707,0.189,380.9,377.7,384.1,87.03,85.25,88.53,54.28,0.606,380.9,87.05,377.7,384.1,85.52,89.08
mca90,responses,90.0,7,9035,51.94,15.98,0.695,8714,0.556,0.545,0.566,0.369,0.359,0.379,0.113,0.106,0.119,8609,0.01351,0.01249,0.01453,0.531,0.521,0.541,0.347,0.337,0.357,0.101,0.095,0.108,0.01267,0.01165,0.01369,5618,1.423,1.234,0.01646,1.391,1.456,1.312,1.28,1.344,1775,0.196,375.4,372.0,378.8,91.05,89.4,92.82,52.95,0.624,374.9,90.16,371.6,378.3,88.61,91.75
mca90,responses,90.0,8,9035,50.32,15.89,0.708,8679,0.599,0.589,0.609,0.428,0.418,0.439,0.147,0.14,0.155,8600,0.01637,0.01521,0.01752,0.56,0.55,0.57,0.394,0.384,0.404,0.129,0.122,0.137,0.01506,0.01391,0.01622,5517,1.836,1.433,0.01929,1.798,1.873,1.685,1.649,1.721,1782,0.197,371.3,367.9,374.7,95.75,93.81,97.06,50.76,0.662,370.4,93.15,367.0,373.7,91.37,95.21
mca90,responses,90.0,9,9035,48.89,15.56,0.72,8670,0.68,0.67,0.69,0.512,0.501,0.522,0.191,0.183,0.2,8611,0.02035,0.01899,0.02172,0.629,0.619,0.638,0.467,0.456,0.477,0.168,0.16,0.176,0.01859,0.01723,0.01996,5358,2.419,1.674,0.02288,2.374,2.464,2.225,2.183,2.267,1855,0.205,369.5,366.0,373.0,99.68,97.65,101.4,49.24,0.681,368.2,95.36,364.7,371.6,93.32,97.17
mca90,responses,90.0,10,9035,45.96,14.6,0.715,8619,0.779,0.77,0.788,0.633,0.623,0.643,0.306,0.296,0.316,8546,0.02849,0.02675,0.03023,0.705,0.697,0.713,0.568,0.558,0.578,0.271,0.262,0.281,0.02584,0.02411,0.02757,5323,3.233,1.912,0.02621,3.182,3.284,2.957,2.91,3.005,1989,0.22,364.0,360.7,367.4,106.5,104.6,108.7,46.12,0.769,362.1,99.49,358.8,365.4,97.88,101.4
mca,responses,25.0,1,9035,61.74,14.43,0.595,8813,0.322,0.312,0.332,0.172,0.164,0.18,0.037,0.033,0.041,8711,0.008599,0.007953,0.009245,0.387,0.377,0.396,0.229,0.222,0.237,0.066,0.062,0.07,0.01069,0.01005,0.01134,6207,0.395,0.6593,0.008368,0.3786,0.4114,0.631,0.6136,0.6484,1639,0.181,387.1,383.7,390.4,76.85,75.19,78.24,61.98,0.532,388.2,81.4,384.9,391.5,80.11,82.94
mca,responses,25.0,2,9035,58.4,15.5,0.636,8751,0.355,0.345,0.365,0.199,0.19,0.207,0.051,0.046,0.056,8646,0.009453,0.00869,0.01022,0.389,0.379,0.399,0.228,0.22,0.236,0.066,0.061,0.071,0.01058,0.009815,0.01134,6133,0.5037,0.7925,0.01012,0.4838,0.5235,0.6223,0.6016,0.643,1592,0.176,383.8,380.4,387.2,80.83,79.01,82.71,60.25,0.533,384.6,83.08,381.2,388.0,81.56,84.37
mca,responses,25.0,3,9035,57.05,15.85,0.649,8752,0.38,0.37,0.39,0.214,0.205,0.222,0.056,0.052,0.061,8659,0.009803,0.00901,0.0106,0.401,0.391,0.411,0.232,0.224,0.241,0.066,0.061,0.071,0.01051,0.009714,0.0113,6116,0.6001,0.8601,0.011,0.5785,0.6216,0.6701,0.6479,0.6923,1588,0.176,384.4,381.0,387.9,80.79,79.13,82.83,58.72,0.569,385.2,83.19,381.9,388.6,81.48,85.14
mca,responses,25.0,4,9035,56.07,16.05,0.662,8774,0.396,0.386,0.406,0.23,0.221,0.239,0.066,0.061,0.071,8686,0.01077,0.009871,0.01166,0.408,0.398,0.418,0.24,0.231,0.249,0.071,0.066,0.076,0.01117,0.01028,0.01206,6016,0.7146,0.9734,0.01255,0.69,0.7392,0.7491,0.7245,0.7736,1596,0.177,380.8,377.2,384.3,82.44,80.37,84.3,57.05,0.558,380.8,84.91,377.3,384.4,82.74,86.15
mca,responses,25.0,5,9035,55.39,16.01,0.677,8748,0.422,0.412,0.433,0.264,0.255,0.273,0.068,0.063,0.073,8664,0.01125,0.01036,0.01213,0.427,0.417,0.437,0.268,0.259,0.277,0.07,0.065,0.075,0.01146,0.01057,0.01235,5965,0.8295,1.058,0.01369,0.8027,0.8563,0.8423,0.816,0.8686,1586,0.176,382.9,379.5,386.4,83.13,81.26,84.95,56.72,0.57,383.2,83.89,379.8,386.6,82.62,85.31
mca,responses,25.0,6,9036,54.37,15.99,0.68,8706,0.462,0.452,0.473,0.297,0.288,0.307,0.092,0.087,0.099,8638,0.01207,0.01115,0.01299,0.458,0.448,0.468,0.293,0.284,0.302,0.091,0.085,0.097,0.01198,0.01106,0.0129,5912,1.012,1.191,0.01549,0.982,1.043,0.9938,0.9643,1.023,1615,0.179,380.0,376.5,383.5,86.34,84.76,88.59,55.36,0.604,380.0,87.69,376.5,383.5,85.81,89.78
mca,responses,25.0,7,9035,53.32,15.91,0.694,8691,0.525,0.514,0.535,0.35,0.34,0.36,0.114,0.108,0.121,8615,0.01458,0.01351,0.01565,0.51,0.5,0.52,0.337,0.327,0.347,0.108,0.101,0.114,0.01417,0.0131,0.01524,5737,1.306,1.398,0.01845,1.27,1.342,1.248,1.213,1.282,1630,0.18,374.8,371.2,378.3,88.6,86.64,90.67,53.91,0.638,374.5,88.01,371.0,378.0,85.8,89.53
mca,responses,25.0,8,9035,52.07,15.79,0.702,8706,0.553,0.543,0.564,0.382,0.372,0.393,0.133,0.126,0.14,8612,0.01516,0.01413,0.01619,0.528,0.518,0.538,0.36,0.35,0.37,0.122,0.115,0.129,0.01436,0.01334,0.01538,5647,1.652,1.541,0.02051,1.612,1.692,1.551,1.514,1.589,1731,0.192,373.9,370.5,377.3,93.3,91.97,95.13,52.07,0.652,373.4,91.22,370.0,376.7,89.35,92.91
mca,responses,25.0,9,9035,49.33,15.45,0.708,8687,0.658,0.648,0.668,0.495,0.485,0.506,0.192,0.184,0.201,8569,0.01981,0.01843,0.0212,0.611,0.601,0.62,0.454,0.443,0.464,0.171,0.162,0.179,0.01818,0.0168,0.01956,5419,2.284,1.734,0.02355,2.238,2.33,2.091,2.047,2.135,1870,0.207,366.4,363.0,369.8,99.55,98.05,101.5,49.82,0.695,365.6,95.45,362.3,369.0,93.25,97.45
mca,responses,25.0,10,9035,49.16,15.71,0.684,8629,0.69,0.68,0.7,0.541,0.53,0.551,0.255,0.246,0.265,8565,0.02558,0.02394,0.02723,0.645,0.636,0.654,0.501,0.491,0.511,0.234,0.225,0.243,0.02392,0.02228,0.02555,5530,2.644,2.058,0.02768,2.589,2.698,2.491,2.441,2.54,1885,0.209,365.9,362.5,369.4,104.2,102.4,105.8,48.71,0.742,364.8,98.36,361.4,368.2,96.57,99.93
