source,grouping,decile,median_regression_converged,n_set,n_sleep,coverage,sleep_age,sleep_mean,sleep_lo,sleep_hi,sleep_var_median,sleep_var_lo,sleep_var_hi,sleep_mean_adj,sleep_mean_adj_lo,sleep_mean_adj_hi,sleep_var_median_adj,sleep_var_median_adj_lo,sleep_var_median_adj_hi
program,cohort,0,True,90351,10261,0.11356819515002602,55.59620894649644,373.76994777266583,372.38421618594526,375.1556793593864,92.20442636688664,91.50785317183563,92.76773618887924,373.7699477726657,372.39944257471586,375.14045297061557,92.20442636688664,91.5531705396559,92.86653330875345
program,gte-large-en-v1.5,1,,9035,791,0.08754842280022136,69.13792667509482,384.7027524321968,379.73870329936585,389.66680156502775,76.10739732101533,73.39857356416951,78.1500030140944,385.0409292777807,380.0867390523383,389.9951195032231,83.19250334044564,80.97432151985117,85.49303894903383
program,gte-large-en-v1.5,2,,9035,806,0.08920863309352518,64.75210918114144,386.1060344277285,381.69333551753897,390.51873333791804,80.11354813824848,77.81340952284937,82.45862299594816,386.27323262266646,381.9299716728462,390.6164935724867,84.58573100638122,83.10345406953218,86.74793556861412
program,gte-large-en-v1.5,3,,9035,822,0.09097952407304925,61.88710462287104,378.502777159922,373.98525218607085,383.02030213377316,83.92762027521262,81.77524990036679,86.80322200057795,378.09530263945015,373.58879348977155,382.60181178912876,86.49496339931777,84.76715350974193,88.3835477689173
program,gte-large-en-v1.5,4,,9035,848,0.09385722191477587,59.57169811320755,375.8151733779073,371.01010032193096,380.6202464338836,87.1904390980976,84.51385421892863,89.46151563038867,376.0680128998709,371.28443589972073,380.85158990002105,88.28061457714614,85.80704828763123,91.06592135231551
program,gte-large-en-v1.5,5,,9035,940,0.1040398450470393,56.58159574468085,377.0206220409605,372.5077603890981,381.5334836928229,87.7780287359432,85.6504587452799,90.5226447640072,377.0427595599637,372.5713453013844,381.51417381854304,89.44497862228945,87.38985720065243,91.67935224185584
program,gte-large-en-v1.5,6,,9036,1021,0.11299247454625941,56.01488736532811,377.1049176964101,372.99545918166905,381.21437621115115,91.12952439469312,89.56194196303342,93.47794664700976,376.91725093703275,372.8619160525109,380.9725858215546,91.67204011613809,89.18467971697817,93.99712152259052
program,gte-large-en-v1.5,7,,9035,1057,0.11698948533480907,52.20122989593189,377.7213121547917,373.6255155965504,381.817108713033,94.24375925697228,92.15638030745647,96.63014996548915,377.07392895422765,373.03568390431917,381.11217400413614,93.17087937010396,90.96439443388374,95.33196244848249
program,gte-large-en-v1.5,8,,9035,1249,0.13824017708909794,51.78094475580465,372.0775299603886,367.9338754643802,376.22118445639694,95.4018803667873,93.3953140562884,97.5160755098013,371.91818551511466,367.8278727122957,376.00849831793363,94.10243188860818,91.80306727368463,96.43921326002045
program,gte-large-en-v1.5,9,,9035,1319,0.14598782512451577,49.25648218347232,363.3830742412573,359.3260640711084,367.4400844114062,102.37786667735466,100.80886578173002,104.23009151977855,363.5941577232933,359.5901826923302,367.59813275425637,99.24635168835826,97.1176717933122,100.97473204746596
program,gte-large-en-v1.5,10,,9035,1408,0.15583840619811842,47.59098011363637,360.2482250311717,356.26111135617344,364.23533870617,108.05702250993377,105.41294384563184,109.9463912128049,360.5990497094557,356.672059073637,364.5260403452744,102.01447116905288,99.493551704588,104.57458991132897
program,bge-m3,1,,9035,781,0.08644161593801881,68.84673495518567,384.8898747016883,380.0102571253446,389.76949227803203,77.51105397278837,75.03160351704153,79.56643578064498,384.9888522321505,380.12064053633054,389.8570639279705,84.10145194963445,82.82935877824251,86.42499638860508
program,bge-m3,2,,9035,808,0.0894299944659657,64.98836633663366,381.6002046064941,376.9844257364885,386.21598347649973,78.23360574348217,76.04353722838424,80.48176067683657,381.7137337910211,377.1404172748095,386.28705030723273,83.31664062145376,81.50695530882368,85.43851315325708
program,bge-m3,3,,9035,835,0.09241837299391256,62.13029940119761,379.56219308537703,374.94150102109415,384.1828851496599,84.12548962420068,81.15687669091893,86.14446976770097,379.8857892024463,375.27636671534503,384.49521168954755,87.31278680110296,84.9583864974979,89.57673459251755
program,bge-m3,4,,9035,903,0.09994465965688987,59.60852713178294,376.29906904000785,371.7606302996264,380.8375077803893,85.85251439052611,83.44866077040183,88.59059106062625,376.35347698966007,371.8520442934871,380.85490968583304,88.09855879674326,86.15654341302312,89.85538978002987
program,bge-m3,5,,9035,956,0.10581073602656337,57.46182008368201,378.36825756284037,374.0229747849455,382.7135403407352,87.03324830818917,84.57949547017257,89.67064035934352,378.42169466972183,374.1156068167718,382.7277825226719,87.9075845208628,85.95192397059495,89.91608570372196
program,bge-m3,6,,9036,949,0.10502434705621956,55.120864067439406,379.3451821420326,375.0241377703564,383.66622651370886,88.87528151562097,86.90577039128404,90.85818267831417,379.1902434074456,374.9328451647316,383.44764165015965,89.58846506791586,87.21013586385475,92.20442636688664
program,bge-m3,7,,9035,1067,0.11809629219701162,53.554639175257726,378.1691825642237,374.0438176902275,382.2945474382199,96.62563019390632,94.4752190658686,99.50109605397344,378.11306576510896,374.0596649926743,382.1664665375436,96.69375120246205,94.26501246704223,98.62418306789685
program,bge-m3,8,,9035,1197,0.1324847814056447,51.02923976608187,369.6202982175933,365.5626757249899,373.6779207101967,97.27682004943846,95.4820375081472,99.10296606964228,369.2373456473647,365.2375853603389,373.23710593439046,94.94353144471046,92.81669997331562,97.33413450428789
program,bge-m3,9,,9035,1330,0.14720531267293857,48.98548872180451,365.59281065806124,361.50793983775316,369.6776814783693,102.2321522509431,100.26702833988637,104.45552230662994,365.33338110534254,361.29301844996473,369.37374376072034,98.02964582143565,96.19499897438013,99.94115248972045
program,bge-m3,10,,9035,1435,0.1588267847260653,47.295331010452955,359.36578469774895,355.35311430517856,363.37845509031933,106.82817954311416,104.27752498280148,108.98041321932632,359.6939358981675,355.741002258719,363.64686953761606,101.36381862898887,99.32607481882329,103.52553391148868
program,bge-large-en-v1.5,1,,9035,806,0.08920863309352518,68.4,387.2073352306148,382.62518723314275,391.7894832280868,76.77227983206822,74.15692495818148,78.8089886054005,387.5148697087685,382.9444240807403,392.0853153367967,83.61864003810749,81.83451785244846,85.62908132300417
program,bge-large-en-v1.5,2,,9035,789,0.08732706142778085,64.9468948035488,380.43597169463675,375.6597531465286,385.2121902427449,80.59657808461922,78.44258982842105,83.67714404272203,380.37274007847617,375.66161464197535,385.083865514977,85.14288424774665,83.35312493023088,87.02029372644944
program,bge-large-en-v1.5,3,,9035,835,0.09241837299391256,62.234610778443106,380.74429899892954,376.03237660743525,385.4562213904238,81.32972784008237,78.46060862598995,84.07493708553551,380.82559324905696,376.1220544381034,385.5291320600105,84.37363462531009,82.39001493288279,86.9349916460468
program,bge-large-en-v1.5,4,,9035,911,0.10083010514665192,58.59626783754116,380.10091283343286,375.5811302019165,384.6206954649492,85.86323912672603,83.938856494836,87.81680768539155,380.0436181220755,375.5196966533171,384.56753959083386,88.35789594332064,86.47693561671583,89.681676962113
program,bge-large-en-v1.5,5,,9035,925,0.10237963475373547,57.3067027027027,375.95062994806676,371.5573372533232,380.3439226428103,89.81156015401186,87.20408194635772,92.17092631627706,376.2541689579547,371.91311329467305,380.5952246212363,90.72141068748074,88.34601326483622,93.38900054408354
program,bge-large-en-v1.5,6,,9036,957,0.10590969455511288,55.67617554858934,376.1633519617006,371.7454389072409,380.5812650161603,90.02509119936815,87.76211455710842,91.85903152190932,376.14941792058863,371.80878230856933,380.49005353260793,90.72811830245497,88.04642441649986,92.74889891816207
program,bge-large-en-v1.5,7,,9035,1114,0.12329828444936358,52.538689407540396,376.29311621011374,372.2501538604471,380.3360785597804,94.47850419936934,92.5127942427931,96.5668705963683,375.6525647281514,371.6759729509523,379.62915650535047,93.79450074396988,91.67203867597615,95.6595736950015
program,bge-large-en-v1.5,8,,9035,1177,0.1302711676812396,51.165165675446055,373.84200327044465,369.7358901954669,377.9481163454224,97.06397724244329,95.48830305273574,99.50109605397344,373.31214509831267,369.2613221565032,377.36296804012215,95.03956351311534,93.09899856183475,97.18653188104884
program,bge-large-en-v1.5,9,,9035,1342,0.14853348090758162,49.745976154992555,363.65372093569056,359.69250457279753,367.6149372985836,101.18378916179617,99.67215241248668,102.7934446906081,363.70600873123317,359.77456230982534,367.637455152641,97.87786094767259,96.18981238551767,99.56513286976929
program,bge-large-en-v1.5,10,,9035,1405,0.15550636413945768,47.65316725978647,358.60384031646305,354.5175896445703,362.6900909883558,107.34770333716835,104.35172030940136,109.27007845816468,359.16322838054344,355.14878191359566,363.17767484749123,101.22537072684356,99.42348024052079,103.70913717835751
program,all-mpnet-base-v2,1,,9035,803,0.08887659103486442,68.86301369863014,384.5335664529661,379.831894155089,389.2352387508432,75.76976792237319,73.92909018122569,77.8156334214024,384.7735078173376,380.09500900162254,389.45200663305263,83.21106422012093,81.18037366963691,85.01565893857953
program,all-mpnet-base-v2,2,,9035,806,0.08920863309352518,64.47692307692307,382.4029127108051,377.8284517832403,386.97737363836984,80.3744751252193,77.74239435391662,82.71456418253659,382.53905695143595,378.0042058298898,387.0739080729821,85.0144329096263,82.98888109372642,86.56614309708453
program,all-mpnet-base-v2,3,,9035,795,0.08799114554510237,62.28188679245284,380.92659903913915,376.2916949105843,385.561503167694,82.3943249408437,80.22633336293282,84.89307458067354,381.260081924727,376.65223657155457,385.8679272778994,86.03018973975543,84.08667728728608,88.72741844962212
program,all-mpnet-base-v2,4,,9035,875,0.09684560044272275,58.524228571428566,378.23124288801756,373.72661059319057,382.73587518284455,85.86555735214169,83.53672550705427,88.58553616744213,378.1717619782592,373.6967831217003,382.6467408348181,88.21529080457114,86.0475636447,90.3777404298023
program,all-mpnet-base-v2,5,,9035,959,0.10614277808522413,57.029927007299264,377.92559882001615,373.35559754347673,382.49560009655556,89.10779665052556,87.0197239061313,91.0906183984075,377.533375168822,372.98988955856277,382.0768607790812,89.01484187440873,87.30422416084713,92.00432833206919
program,all-mpnet-base-v2,6,,9036,1020,0.11288180610889774,55.84617647058823,377.74575164776627,373.48378704595456,382.007716249578,90.31455325076398,88.13994930652643,91.96799831584909,377.55228007381265,373.34131116045603,381.7632489871693,89.65739793929345,87.6330438786529,91.9695515099413
program,all-mpnet-base-v2,7,,9035,1051,0.11632540121748755,52.82787821122741,374.898634285605,370.80236479857456,378.99490377263544,94.93135128571627,92.50394522618876,97.93190235060725,374.3967203278611,370.3731851839267,378.4202554717955,94.83275208877292,92.57612973781498,97.4635212526212
program,all-mpnet-base-v2,8,,9035,1184,0.1310459324847814,51.1191722972973,370.1476639636943,365.90681673856693,374.38851118882167,96.02564955300474,94.56650960622224,98.20163924242024,370.0630442238799,365.87382111761536,374.25226733014443,95.31551130437668,93.38556801368063,97.35863347817423
program,all-mpnet-base-v2,9,,9035,1382,0.1529607083563918,49.85636758321274,366.3269436324793,362.43794432534736,370.21594293961124,101.07076881872774,99.27316793599412,102.64921491146532,366.50379050665725,362.65530648126213,370.3522745320524,97.39789078288385,95.61011521666369,99.37288905753488
program,all-mpnet-base-v2,10,,9035,1386,0.15340343110127283,47.53318903318903,359.4507922144042,355.3525864772204,363.548997951588,108.76250853576249,106.82817954311416,111.43684971480016,359.76919349636614,355.7420661313075,363.79632086142476,103.44132470271252,100.68344585032108,105.82675341414092
program,e5-large-v2,1,,9035,788,0.0872163807415606,68.7022842639594,385.3215377376949,380.5681333259041,390.07494214948565,76.92113375875721,74.44430758609279,78.87279144028263,385.50487565479307,380.760308044628,390.24944326495813,83.60487069094641,82.12733192834196,85.71597998603535
program,e5-large-v2,2,,9035,796,0.08810182623132264,65.10515075376884,380.20688977156203,375.40272129123304,385.01105825189103,79.08061672300289,76.17414017680721,81.63423669716252,379.99057392039356,375.21868216464554,384.7624656761416,84.58573100638122,82.12990278899632,86.74793556861412
program,e5-large-v2,3,,9035,849,0.09396790260099612,62.38551236749117,378.4750112553642,373.9161143714292,383.03390813929923,85.51213274358471,83.25120991849298,87.93809139325556,378.8934281008602,374.36470076530605,383.42215543641436,87.94536764988975,85.61143965201316,90.42120803961197
program,e5-large-v2,4,,9035,834,0.09230769230769231,58.90635491606715,382.0063070816297,377.4436792236841,386.5689349395753,84.50504228818917,81.97741500416026,87.1817406368157,381.69751466082903,377.1650355728913,386.22999374876673,87.61019679943183,84.9412729640584,89.37747548632933
program,e5-large-v2,5,,9035,948,0.10492529053680133,58.223523206751054,378.5952537083897,374.0208525449072,383.1696548718722,89.5821123776393,86.90577039128404,91.1745205486649,378.9550823395187,374.40759135237636,383.50257332666104,89.28177868614378,86.69341211698377,92.66954494757994
program,e5-large-v2,6,,9036,1022,0.11310314298362108,55.316144814090016,375.7719211667172,371.59963389136004,379.9442084420744,89.17527567364209,87.76211455710842,92.0543547494078,375.65982432126054,371.53390659186385,379.78574205065723,90.14729321777337,88.2515957041096,92.20945668267407
program,e5-large-v2,7,,9035,1099,0.12163807415605976,52.80855323020928,373.8084372662549,369.627958596032,377.9889159364778,92.66104745887164,90.96694257805817,94.85526541701005,373.3770637720993,369.28856356736543,377.46556397683315,92.75009179704576,90.55802597957893,94.24171707759017
program,e5-large-v2,8,,9035,1205,0.13337022689540676,50.46738589211618,371.8476021163523,367.91908389350453,375.7761203392,98.164902173068,95.48830305273574,100.16280807135962,371.37938362835047,367.5262619506203,375.2325053060806,94.97471260587746,93.17087937010396,96.81759905975393
program,e5-large-v2,9,,9035,1300,0.14388489208633093,49.70492307692308,368.2956356988008,364.207365618777,372.38390577882467,102.86160893310307,101.07320988752492,104.92443302664417,368.3427285566834,364.28288289317237,372.4025742201945,99.1358087890073,97.08021232352705,101.19855580620049
program,e5-large-v2,10,,9035,1420,0.1571665744327615,47.340281690140856,358.05173941956036,354.0032122634303,362.1002665756904,106.70742533947899,104.27752498280148,108.8629113518638,358.5309799706839,354.5405214143137,362.52143852705416,101.65557307994526,99.55245720066019,103.52703989479724
program,qwen3-embedding-0.6b,1,,9035,802,0.08876591034864416,68.63042394014963,385.9204214854325,381.3217597790775,390.51908319178744,76.10368883195491,73.70857631599499,78.21958807403972,385.7237953284638,381.1138101970367,390.3337804598909,83.38371820116694,81.82496347706311,85.11293490262413
program,qwen3-embedding-0.6b,2,,9035,823,0.0910902047592695,64.45370595382745,379.8219766101035,375.07387853425166,384.5700746859553,79.45292562583354,77.1950817420468,81.23615420858764,379.83573441122417,375.1393568892381,384.5321119332102,84.63651976777787,82.52310362365336,86.51178505167526
program,qwen3-embedding-0.6b,3,,9035,840,0.09297177642501384,62.045714285714276,381.13573816750267,376.6248604890173,385.64661584598804,84.03861847716405,81.81100038008202,86.53779910646372,381.38477935812574,376.8855154154421,385.88404330080937,87.23695519650585,84.98222090760606,89.35108174728958
program,qwen3-embedding-0.6b,4,,9035,859,0.09507470946319867,59.39394644935972,378.533104948344,373.82853067982154,383.2376792168664,84.51583482776275,82.73295169480457,87.0016012559197,378.70524632656856,374.02498273141583,383.3855099217213,86.67831245090788,85.21964940670753,88.96152434048238
program,qwen3-embedding-0.6b,5,,9035,948,0.10492529053680133,56.252742616033764,377.758006605776,373.5363138736492,381.97969933790284,89.9105721990229,87.46609410546753,92.14500937801527,377.8173624679112,373.64075879843426,381.99396613738816,88.98611787487519,86.06187367146399,92.60595142668402
program,qwen3-embedding-0.6b,6,,9036,986,0.10911907923860115,55.7578093306288,375.88757876702124,371.496812558004,380.27834497603845,91.01794573281957,89.09577269881834,93.64808300241504,375.81829863353437,371.4761744068868,380.16042286018194,92.24002079678375,89.94789612549852,94.6629125233086
program,qwen3-embedding-0.6b,7,,9035,1101,0.12185943552850027,53.108356039963674,376.52868113803055,372.3663522295239,380.6910100465372,93.39031621528385,92.0543547494078,96.01145275685349,376.45072610570077,372.37696225918353,380.524489952218,93.78010659198048,91.7601941599831,95.55960886258839
program,qwen3-embedding-0.6b,8,,9035,1198,0.13259546209186496,51.158597662771285,373.06317996268876,368.90608201107995,377.2202779142976,96.69345814108202,95.13728621402502,98.9801140766441,372.8449973057233,368.75932827973855,376.9306663317081,94.2791632093288,92.39015644871012,96.30244406795845
program,qwen3-embedding-0.6b,9,,9035,1303,0.1442169341449917,49.81266308518803,363.369422615304,359.28089378114436,367.4579514494637,100.93906296493458,99.19980725342462,102.6221100691466,363.15378237571775,359.09767300948283,367.2098917419527,97.50746588629315,96.19499897438013,99.09851293213133
program,qwen3-embedding-0.6b,10,,9035,1401,0.15506364139457665,47.306852248394,359.84292932190573,355.8476832052787,363.83817543853274,108.60147428496737,106.51100415986024,110.92267894153812,360.1495237999083,356.21639022203766,364.08265737777896,103.49249598477947,100.66522017250566,106.34807421515431
own,cohort,0,True,90351,6471,0.07162067935053291,54.65600370885489,383.62803818782345,381.844904062655,385.4111723129919,81.45507006329885,80.66407257218096,82.27590316145658,383.62803818782334,381.8618697423399,385.3942066333068,81.45507006329885,80.70875225717502,82.28665698371225
own,gte-large-en-v1.5,1,,9035,689,0.07625899280575539,64.17866473149492,383.40952460282887,377.6975181053453,389.12153110031244,71.31219608228818,69.53360778662581,73.27122717224448,387.86131533469785,382.19928889481,393.5233417745857,75.217293466652,73.07344278351864,77.5655746652815
own,gte-large-en-v1.5,2,,9035,708,0.07836192584394024,59.9545197740113,386.461436333976,381.01356241227114,391.90931025568085,74.1111640251047,71.32173295872438,76.3470218560541,389.1065177302624,383.68372059592525,394.52931486459954,75.83519520909128,73.06883672940972,77.41274455332456
own,gte-large-en-v1.5,3,,9035,669,0.07404537908135031,57.83393124065769,388.85947634998354,383.7915794550838,393.92737324488326,75.80772509687064,72.4946840141341,78.54484723735757,390.2810940760654,385.2906453685676,395.27154278356323,77.80615275175313,74.96527044344711,80.33404324799218
own,gte-large-en-v1.5,4,,9035,677,0.07493082457111234,55.85805022156573,381.4063019611061,375.5767211283602,387.23588279385206,75.9276368253522,71.92949832853319,78.44370427616249,381.9245426962296,376.18855031114924,387.66053508130994,76.32263275975049,74.2697380543941,78.85860771878893
own,gte-large-en-v1.5,5,,9035,703,0.07780852241283896,54.65263157894737,388.6006290022195,383.44818703140453,393.7530709730344,80.7310044760364,77.54108698047258,83.57893825644614,388.3033098000962,383.18060602856116,393.42601357163124,79.69446116877131,77.25251471500493,82.07050598311712
own,gte-large-en-v1.5,6,,9036,659,0.07293050022133687,52.4701062215478,386.0134645702882,380.68587364442686,391.3410554961495,81.25653715208583,78.9551723413278,83.42878147285016,384.670190705432,379.4383345888064,389.90204682205757,81.80053150801845,79.82256239367008,83.98201301759367
own,gte-large-en-v1.5,7,,9035,681,0.07537354731599336,50.988399412628496,382.2387266737077,376.8898287087949,387.58762463862047,87.11315384594907,84.50610965157702,91.41064875351968,380.7844450634507,375.5472096401902,386.02168048671115,87.15103464490244,83.74178038101286,89.48366485304528
own,gte-large-en-v1.5,8,,9035,623,0.0689540675152186,50.60224719101124,387.246790805405,381.8010498551395,392.6925317556705,86.8383025622729,84.8507153524646,91.05428281264336,384.94389681899344,379.51459131251914,390.37320232546773,87.10833427823518,83.57403691804383,89.77345122010236
own,gte-large-en-v1.5,9,,9035,581,0.0643054786939679,48.65800344234079,378.0603577524715,371.87698604695277,384.2437294579902,92.74374505235068,89.74737530764104,96.71273122475851,375.3030837349389,369.190167406208,381.41600006366986,89.7085226772159,86.76932306740963,92.06280481681289
own,gte-large-en-v1.5,10,,9035,481,0.053237410071942444,47.79230769230769,369.0906713111544,361.8661206049358,376.31522201737295,102.65313666228548,98.67224417226458,105.21095427461638,366.76086908887225,359.56917349804576,373.95256467969875,95.81301995686638,92.4940838216896,98.82183029039871
own,bge-m3,1,,9035,707,0.07825124515771997,64.12574257425742,383.10949169997986,377.43484155722484,388.78414184273487,71.51534273810542,69.60124177087256,73.56465185327679,387.5363791425777,381.9103186395106,393.1624396456448,75.21286997573834,72.98362688283484,77.44403855766738
own,bge-m3,2,,9035,672,0.07437742114001107,60.35208333333333,389.1153074156776,383.92839547247917,394.302219358876,73.00778272366097,70.03059162199315,75.44829898966202,391.70014707219,386.5223017075053,396.87799243687476,74.94517401784422,72.00638643401385,76.88880566555332
own,bge-m3,3,,9035,717,0.07935805201992252,58.53584379358438,385.6443581904119,380.38640896289263,390.9023074179311,75.33051675272955,72.37670475742631,77.9696060239035,387.3334755138184,382.11493027423506,392.5520207534018,76.82451210748658,74.72238597698956,79.23327072888553
own,bge-m3,4,,9035,674,0.07459878251245158,55.490652818991094,388.90807572194643,383.35832729745664,394.4578241464362,77.40126453082912,74.86097782954862,79.93623291728979,388.7421089307197,383.2680446888721,394.2161731725673,77.7996132567281,75.27171983830969,80.46831999220007
own,bge-m3,5,,9035,681,0.07537354731599336,54.54111600587372,385.8939942796906,381.0120259956565,390.77596256372476,79.48435173535809,76.6580512081388,83.21328352650056,386.1200716397487,381.3481756822032,390.8919675972942,79.6027557791328,77.27827247276247,81.09040477003718
own,bge-m3,6,,9036,655,0.07248782647189021,52.086717557251916,380.4877936207862,374.683105323744,386.2924819178284,83.88903517617946,81.21369751362806,86.52783245844277,379.20886661098535,373.5153461410799,384.90238708089083,84.33674537157923,81.4360786278985,86.40294724692296
own,bge-m3,7,,9035,669,0.07404537908135031,51.746786248131535,388.02940287329665,382.499495205759,393.5593105408343,83.96431802190702,81.4729421913821,86.70076772351777,386.70196103708054,381.2239053516296,392.1800167225315,83.15191613677169,81.45507006329885,86.36863703905235
own,bge-m3,8,,9035,614,0.0679579413392363,49.386482084690556,379.8955931801375,374.2297350336722,385.56145132660276,88.14582061051013,85.59686991253903,91.66533942445837,377.4434775774383,371.85114051412745,383.0358146407491,87.63313213342497,84.66620137083838,89.77345122010236
own,bge-m3,9,,9035,590,0.0653016048699502,48.66457627118644,380.2232862985281,374.43213544886385,386.0144371481923,92.80249029966079,89.80850820318886,96.6266333298263,377.4634488909837,371.6982977709112,383.22860001105624,90.12475505513332,86.28398778928762,92.92458972872373
own,bge-m3,10,,9035,492,0.05445489762036525,47.766869918699186,370.5070558170968,363.1027060097221,377.91140562447146,103.05227442844718,98.5350732264289,105.4982272000995,367.94535454365723,360.62967233018486,375.2610367571296,95.91502952619865,91.99481500429816,99.16711416783919
own,bge-large-en-v1.5,1,,9035,702,0.0776978417266187,64.42450142450143,383.0070786516991,377.3468835131205,388.6672737902777,71.35320896082601,69.53360778662581,73.33642944715791,387.79191863100573,382.1602493460842,393.42358791592727,75.47732839085691,73.16241319906452,77.69900448297554
own,bge-large-en-v1.5,2,,9035,661,0.07315993359158826,59.687443267776096,388.43018772791754,382.79067440801543,394.06970104781965,73.57727113467823,71.32173295872438,76.07615201366266,390.6213531264736,385.0050468239855,396.2376594289617,75.08915091486062,72.50251176685265,77.41274455332456
own,bge-large-en-v1.5,3,,9035,682,0.07548422800221362,57.925659824046924,385.02287669305355,379.66496888690966,390.38078449919743,74.9064317805944,71.59427305565193,77.06618014572611,386.7647790001183,381.49428507068814,392.0352729295485,75.80347408538964,73.51339605572373,78.65343668465788
own,bge-large-en-v1.5,4,,9035,727,0.08046485888212507,55.60536451169188,388.96779810639123,383.92074921890304,394.0148469938794,76.62473504080097,73.57196548126147,79.13150298021878,389.1235994970024,384.18800959291804,394.0591894010867,77.80615275175313,75.60440354209287,79.90105935681963
own,bge-large-en-v1.5,5,,9035,675,0.07470946319867183,55.11466666666666,387.0956540716129,381.9055556143298,392.285752528896,79.73916447188194,76.76987181751751,82.59387464027469,386.87118121582387,381.7016665022648,392.04069592938293,80.68958914785372,78.94049805677052,82.70193571410911
own,bge-large-en-v1.5,6,,9036,658,0.0728198317839752,53.07857142857142,383.57885162010734,377.96157682091376,389.1961264193009,84.14628837564223,81.54770355306783,86.7590765842999,382.60249517064733,377.07436736943055,388.1306229718641,82.12575790209858,79.89513305840704,85.11714847156541
own,bge-large-en-v1.5,7,,9035,643,0.07116768123962369,51.0402799377916,384.12020977928216,378.5360342008605,389.7043853577038,84.63224799878779,82.23735148037342,86.7852615076853,382.5602747960302,377.03302889293735,388.0875206991231,85.07190306884247,82.5536126781474,87.9833190958613
own,bge-large-en-v1.5,8,,9035,649,0.07183176535694522,49.30231124807396,381.81011996805995,376.18340009592475,387.43683984019515,89.68077500312093,85.97434127632074,92.7450601429806,379.0964878102182,373.5839072050813,384.6090684153551,86.59140771297764,83.82281220425998,89.90136183649396
own,bge-large-en-v1.5,9,,9035,584,0.06463752075262867,49.28390410958903,378.3359534138502,372.4242999583268,384.24760686937356,91.87345946053692,88.74702050931744,94.84785008710752,376.1786178907932,370.2795719043361,382.0776638772503,88.82141549747436,86.02030315190744,91.82807936982469
own,bge-large-en-v1.5,10,,9035,490,0.054233536247924735,47.63918367346939,371.5343066904965,364.39942323967466,378.6691901413184,102.5995368646707,98.43060351615765,105.23151606502309,368.90056822769225,361.8338895765632,375.9672468788213,95.66028745969061,91.99481500429816,99.16711416783919
own,all-mpnet-base-v2,1,,9035,691,0.0764803541781959,64.12170767004342,385.3408829567237,379.8303466006351,390.8514193128123,70.98965009804006,69.53360778662581,73.21733883093431,389.76999005979906,384.3113874032386,395.2285927163595,74.8835302675538,72.91924614878991,76.85176968131911
own,all-mpnet-base-v2,2,,9035,702,0.0776978417266187,60.22193732193732,383.7684187125836,378.36666181176173,389.17017561340543,74.50485999865673,72.0742304723676,76.8523640403199,386.8493382627821,381.48402004333883,392.2146564822254,76.37103435493177,74.55160708306813,78.16785306496946
own,all-mpnet-base-v2,3,,9035,689,0.07625899280575539,57.34949201741655,388.86976170407235,383.4901321840033,394.2493912241414,74.24460583510088,72.10946684698466,76.58251244325433,389.77615252762604,384.43828457393846,395.1140204813136,74.99671322368114,72.38753746144272,77.44403855766738
own,all-mpnet-base-v2,4,,9035,680,0.0752628666297731,56.41617647058823,386.28895743568154,380.6541254378089,391.9237894335542,77.88009683535913,74.06823889391924,81.18143603821355,386.6109288061503,381.0545066141638,392.1673509981368,78.23910266876744,75.52430124403492,80.54825548966235
own,all-mpnet-base-v2,5,,9035,684,0.07570558937465412,53.93859649122807,386.67064315835063,381.4049887097093,391.93629760699196,79.91365757964088,77.06313579537097,82.7222631321045,386.2532274620828,381.04636502498334,391.46008989918226,79.86772121154348,78.11921055500122,82.14906160670752
own,all-mpnet-base-v2,6,,9036,656,0.07259849490925188,52.75182926829268,384.9531379826435,379.4854319038379,390.42084406144915,82.09596768499176,79.45132954357483,84.79378566943613,383.8772025500467,378.4853997389596,389.26900536113385,82.94907441071135,80.44927743108016,85.30598412089526
own,all-mpnet-base-v2,7,,9035,655,0.07249584947426674,50.60717557251908,384.38186451406705,379.00032280431094,389.76340622382315,84.82888376785914,82.0164849020327,86.89469662188789,382.6344834571163,377.363633749566,387.90533316466656,84.06945183779246,81.90438224694726,86.75810862070986
own,all-mpnet-base-v2,8,,9035,631,0.06983951300498063,50.42044374009508,383.54930331288756,377.9217699563796,389.1768366693955,89.6481038737227,86.49225494171587,93.1339743358902,381.55831812446297,375.9924612278155,387.12417502111043,88.8500221207066,85.11057561745282,91.48073456408932
own,all-mpnet-base-v2,9,,9035,574,0.06353071389042612,49.5376306620209,376.7729884126568,370.7424576571043,382.8035191682093,90.7820005613743,87.7066737507017,94.30663075436745,374.42868581645376,368.44696771802853,380.410403914879,89.21545913097799,85.8673247670827,91.59613954181067
own,all-mpnet-base-v2,10,,9035,509,0.056336469286109574,47.782907662082515,371.5204179779365,364.53182366610486,378.5090122897682,102.96586690694716,99.74019442019708,105.55564175586971,368.909493763079,361.9759301430174,375.8430573831406,95.55986250791133,91.99654761607113,98.82183029039871
own,e5-large-v2,1,,9035,737,0.08157166574432761,64.47516960651289,384.73767403669495,379.23194386524426,390.24340420814565,70.28613441917123,68.88538333825694,72.89882418350132,389.44332357875163,383.97834296453647,394.9083041929668,75.1613921335366,72.87132790131744,77.10996836170088
own,e5-large-v2,2,,9035,687,0.07603763143331489,59.73639010189229,389.60465725331943,384.37810110226445,394.8312134043744,73.57727113467823,70.44377297021084,76.11095734553793,391.7148944728325,386.53277459801615,396.89701434764885,74.70786910157568,72.41981566923484,76.88880566555332
own,e5-large-v2,3,,9035,681,0.07537354731599336,57.547430249632896,385.70666476649797,380.1010802452187,391.3122492877772,76.13038679683557,72.74749777603911,77.6180538742589,387.25941082058745,381.70332537213847,392.81549626903643,76.04230951158632,74.14735681241368,79.06649269993281
own,e5-large-v2,4,,9035,672,0.07437742114001107,55.46071428571428,386.7919596242538,381.5655079811598,392.01841126734786,78.19836008948397,75.05482878854752,80.17014800771511,386.8482220756795,381.72517196450497,391.971272186854,78.20769381983155,76.3375501673688,80.26952693018184
own,e5-large-v2,5,,9035,682,0.07548422800221362,54.97873900293255,382.9649248806631,377.4032641580265,388.5265856032997,82.22420195886302,79.08709048306166,84.63224799878779,382.96088785242966,377.4645442670319,388.45723143782743,81.05059443315129,78.16888021658893,84.26182822166803
own,e5-large-v2,6,,9036,695,0.07691456396635679,52.43424460431654,386.8560993974957,381.6850805316522,392.0271182633392,81.35495741117785,78.39586365658982,83.88903517617946,385.76558188635494,380.6922958679032,390.83886790480665,80.97152868665005,79.74340028122855,83.30196847586576
own,e5-large-v2,7,,9035,614,0.0679579413392363,51.23273615635179,386.1615787243544,380.7660592020598,391.557098246649,84.80060288405423,82.11274434210476,87.66745914734598,384.16160073736046,378.85172499368645,389.4714764810345,84.94592110740294,82.16506274623042,87.9584300701844
own,e5-large-v2,8,,9035,615,0.06806862202545656,50.02975609756098,378.41221562560906,372.36176485668597,384.46266639453216,90.56213950616872,86.37960762397759,94.2933407027092,376.25865455181116,370.2447619869501,382.27254711667223,88.39091567675976,85.32824846965426,91.4047487946105
own,e5-large-v2,9,,9035,608,0.06729385722191478,48.8766447368421,379.82172868817497,374.1249656980918,385.51849167825816,92.6701637222924,89.30295653381137,95.47466076434692,377.46043485919716,371.80230873381043,383.1185609845839,89.64560381175998,86.75810862070986,92.73718672836155
own,e5-large-v2,10,,9035,480,0.053126729385722195,47.46458333333333,370.5231945897127,363.2029793735536,377.84340980587183,100.40489536330186,96.03003294611406,104.48485117772384,367.889300846841,360.6449559204851,375.133645773197,94.73015361350727,90.89933477375918,97.13158017350695
own,qwen3-embedding-0.6b,1,,9035,739,0.08179302711676813,63.74370771312585,385.45109039137367,380.0025949675883,390.899585815159,72.37670475742631,70.00106491787845,74.03827257565645,389.67353864243074,384.2540383700141,395.0930389148474,75.41027858963035,73.16241319906452,77.58060902363485
own,qwen3-embedding-0.6b,2,,9035,661,0.07315993359158826,59.645234493192135,387.26717550283485,381.9658493356364,392.5685016700333,73.66957941167493,71.39233929592181,75.94923801000716,389.7801951198532,384.52427027832147,395.03611996138494,76.09120637836529,72.78332629332229,77.91877877770247
own,qwen3-embedding-0.6b,3,,9035,695,0.07692307692307693,57.94489208633093,382.37048672841706,376.6279636981346,388.11300975869955,74.15305737707209,71.28284176164783,76.98001573084177,383.4928251215491,377.8146567721025,389.1709934709957,75.52414906776987,72.98984823908484,77.76088285190033
own,qwen3-embedding-0.6b,4,,9035,681,0.07537354731599336,56.333333333333336,388.1839694015423,382.9565039298295,393.4114348732551,76.35030142930243,73.31576811122696,78.9551723413278,389.00332841546043,383.84106986764044,394.1655869632804,78.11921055500122,75.27171983830969,80.28522695579656
own,qwen3-embedding-0.6b,5,,9035,676,0.07482014388489208,54.181656804733734,387.6657473603779,382.38874814082425,392.94274657993157,82.02849699825055,79.06003321913799,84.70302267182547,387.3326351792447,382.1321444970641,392.5331258614253,81.18022276868871,79.1225646679099,83.47181323995034
own,qwen3-embedding-0.6b,6,,9036,679,0.07514386896857016,52.524594992636224,385.856162601832,380.4648847447643,391.24744045889975,81.63045960396295,79.52026083666023,84.17825318290419,384.9337010331451,379.6248240062942,390.242578059996,81.4550701251999,79.63028851517826,84.77391924000871
own,qwen3-embedding-0.6b,7,,9035,640,0.07083563918096292,51.29890625,382.60398273246926,376.68998856455113,388.5179769003874,84.79445597934085,82.56478466366953,86.7590765842999,381.18378189708363,375.33272765869657,387.0348361354707,84.21354704322349,82.0617300434752,87.39118406021701
own,qwen3-embedding-0.6b,8,,9035,644,0.07127836192584394,50.28400621118013,383.2790512222062,378.1548962074536,388.4032062369588,87.91034870084798,85.15620629167479,91.88133372551512,380.85302245965164,375.7900762639111,385.9159686553922,88.4976978209702,85.41558248927849,90.4837349584375
own,qwen3-embedding-0.6b,9,,9035,569,0.06297731045932485,48.378734622144115,378.5846066070138,372.64830272288407,384.5209104911436,93.41275588913209,90.89200200777027,97.40168497153483,375.6047008922975,369.74487699183084,381.46452479276417,90.50523044479905,87.81437434849009,93.89448599295972
own,qwen3-embedding-0.6b,10,,9035,487,0.053901494189263974,48.21252566735113,370.33475595600646,362.94908516701986,377.72042674499306,100.4630589059152,95.78162846735928,104.22076340727877,368.0737472350702,360.75829363659784,375.38920083354253,94.06848345342453,90.55686190313801,97.13158017350695
