source,model,term,coef,se,age_mean,age_sd,n_people,converged
program,mean sleep time (OLS),intercept,369.42424636065743,1.1002308197044606,55.59620894649644,15.93471362121208,10261,True
program,mean sleep time (OLS),age_z,2.347327611586401,0.7802441441314416,55.59620894649644,15.93471362121208,10261,True
program,mean sleep time (OLS),age_z_squared,9.145522344441106,0.7466303886269197,55.59620894649644,15.93471362121208,10261,True
program,mean sleep time (OLS),sex_male,-14.515462006392845,1.532528497401178,55.59620894649644,15.93471362121208,10261,True
program,sleep variability (median regression),intercept,158.52647369625848,2.40126011502817,55.59620894649644,15.93471362121208,10261,True
program,sleep variability (median regression),age_z,-5.259628212488647,0.4018434554436502,55.59620894649644,15.93471362121208,10261,True
program,sleep variability (median regression),age_z_squared,-2.31337359791074,0.3829176681555405,55.59620894649644,15.93471362121208,10261,True
program,sleep variability (median regression),sex_male,-6.724738506424525,0.7860181295164811,55.59620894649644,15.93471362121208,10261,True
program,sleep variability (median regression),log_nights,-12.341783287303143,0.47253614044449427,55.59620894649644,15.93471362121208,10261,True
own,mean sleep time (OLS),intercept,385.0262596346571,1.369749216255065,54.65600370885489,14.857101148232355,6471,True
own,mean sleep time (OLS),age_z,-3.948705834155257,0.9615639273349642,54.65600370885489,14.857101148232355,6471,True
own,mean sleep time (OLS),age_z_squared,3.420541696184288,0.8935307213595015,54.65600370885489,14.857101148232355,6471,True
own,mean sleep time (OLS),sex_male,-16.26615352032782,2.014642083504505,54.65600370885489,14.857101148232355,6471,True
own,sleep variability (median regression),intercept,150.11695001137255,2.8484052924042684,54.65600370885489,14.857101148232355,6471,True
own,sleep variability (median regression),age_z,-1.4110785943983164,0.44261267507756824,54.65600370885489,14.857101148232355,6471,True
own,sleep variability (median regression),age_z_squared,0.3432488876586365,0.4099866352654015,54.65600370885489,14.857101148232355,6471,True
own,sleep variability (median regression),sex_male,-5.03344219945106,0.9240745885414551,54.65600370885489,14.857101148232355,6471,True
own,sleep variability (median regression),log_nights,-12.560933054244483,0.5245389854222141,54.65600370885489,14.857101148232355,6471,True
